day,type,a2,a3,item,RMSE,MAE,MAPE
80,regular,0.0,0.0,With sensors,16.37099266052246,7.2462263107299805,0.05242612957954407
80,regular,0.0,0.0,Without sensors,15.564409255981445,7.359222888946533,0.054186057299375534
80,regular,0.0,0.0,Total error,16.291778564453125,7.257575511932373,0.05260154604911804
80,regular,0.0,0.0,OD demand,0.24724066257476807,0.05172158032655716,0.0582062266767025
81,regular,0.0,0.0,With sensors,17.009729385375977,7.643122673034668,0.0533720888197422
81,regular,0.0,0.0,Without sensors,15.421432495117188,7.300010681152344,0.055906008929014206
81,regular,0.0,0.0,Total error,16.85695457458496,7.608659267425537,0.05362465977668762
81,regular,0.0,0.0,OD demand,0.2555191218852997,0.0519135445356369,0.05785506218671799
82,regular,0.0,0.0,With sensors,17.257278442382812,7.649775981903076,0.05351141840219498
82,regular,0.0,0.0,Without sensors,16.190677642822266,7.805805206298828,0.058515388518571854
82,regular,0.0,0.0,Total error,17.153141021728516,7.6654486656188965,0.05401019752025604
82,regular,0.0,0.0,OD demand,0.25322166085243225,0.052007608115673065,0.05787761136889458
83,regular,0.0,0.0,With sensors,15.746389389038086,7.348431587219238,0.05331459268927574
83,regular,0.0,0.0,Without sensors,17.051353454589844,7.667630672454834,0.05814431980252266
83,regular,0.0,0.0,Total error,15.882312774658203,7.380494594573975,0.05379600450396538
83,regular,0.0,0.0,OD demand,0.21831679344177246,0.051842737942934036,0.05760463327169418
84,regular,0.0,0.0,With sensors,16.887630462646484,7.418325901031494,0.05244268476963043
84,regular,0.0,0.0,Without sensors,15.654069900512695,7.005918502807617,0.05381449684500694
84,regular,0.0,0.0,Total error,16.767824172973633,7.376901626586914,0.05257941782474518
84,regular,0.0,0.0,OD demand,0.24219191074371338,0.051238756626844406,0.0582636222243309
85,regular,0.0,0.0,With sensors,16.95253562927246,7.558049201965332,0.05284333974123001
85,regular,0.0,0.0,Without sensors,18.70663833618164,8.478057861328125,0.059952203184366226
85,regular,0.0,0.0,Total error,17.136842727661133,7.650460243225098,0.053551919758319855
85,regular,0.0,0.0,OD demand,0.22450777888298035,0.051784008741378784,0.05787395313382149
86,regular,0.0,0.0,With sensors,17.901832580566406,7.6767754554748535,0.05272940918803215
86,regular,0.0,0.0,Without sensors,16.365192413330078,7.311613082885742,0.053724806755781174
86,regular,0.0,0.0,Total error,17.75349235534668,7.640096664428711,0.052828624844551086
86,regular,0.0,0.0,OD demand,0.23684543371200562,0.051771022379398346,0.05777231231331825
87,regular,0.0,0.0,With sensors,16.113279342651367,7.337970733642578,0.052935484796762466
87,regular,0.0,0.0,Without sensors,15.136764526367188,7.06180477142334,0.05483675375580788
87,regular,0.0,0.0,Total error,16.017881393432617,7.310230731964111,0.05312499403953552
87,regular,0.0,0.0,OD demand,0.23270636796951294,0.05210648104548454,0.057901013642549515
88,regular,0.0,0.0,With sensors,16.332454681396484,7.4760518074035645,0.053976234048604965
88,regular,0.0,0.0,Without sensors,15.654406547546387,7.106688976287842,0.05560724437236786
88,regular,0.0,0.0,Total error,16.265625,7.438950538635254,0.05413880944252014
88,regular,0.0,0.0,OD demand,0.225213423371315,0.051537591964006424,0.057959821075201035
89,regular,0.0,0.0,With sensors,16.65313148498535,7.519378662109375,0.05352069064974785
89,regular,0.0,0.0,Without sensors,14.7050142288208,6.953094959259033,0.05190037190914154
89,regular,0.0,0.0,Total error,16.467864990234375,7.462497711181641,0.05335918068885803
89,regular,0.0,0.0,OD demand,0.23587824404239655,0.051761556416749954,0.05813205614686012
90,poi,0.0,0.8656203291792224,With sensors,16.173561096191406,7.5084943771362305,0.05521102249622345
90,poi,0.0,0.8656203291792224,Without sensors,15.66278076171875,7.803807735443115,0.0651044100522995
90,poi,0.0,0.8656203291792224,Total error,16.12298583984375,7.538156986236572,0.05620155856013298
90,poi,0.0,0.8656203291792224,OD demand,0.23889964818954468,0.05416497588157654,0.062275733798742294
91,poi,0.0,0.7742415323123151,With sensors,16.5805721282959,7.585233211517334,0.055363722145557404
91,poi,0.0,0.7742415323123151,Without sensors,17.03192901611328,7.940181255340576,0.06519924849271774
91,poi,0.0,0.7742415323123151,Total error,16.626462936401367,7.620885848999023,0.056348469108343124
91,poi,0.0,0.7742415323123151,OD demand,0.22056472301483154,0.05450574308633804,0.06177229806780815
92,poi,0.0,0.8107516298129689,With sensors,17.982177734375,7.783530235290527,0.05385793000459671
92,poi,0.0,0.8107516298129689,Without sensors,18.150800704956055,8.41943645477295,0.06560865044593811
92,poi,0.0,0.8107516298129689,Total error,17.99918556213379,7.847404956817627,0.05503442883491516
92,poi,0.0,0.8107516298129689,OD demand,0.23919127881526947,0.05385623127222061,0.06219887733459473
93,poi,0.0,0.686072158398415,With sensors,17.197418212890625,7.5710978507995605,0.05550321936607361
93,poi,0.0,0.686072158398415,Without sensors,17.548776626586914,8.133748054504395,0.06276336312294006
93,poi,0.0,0.686072158398415,Total error,17.233034133911133,7.627614498138428,0.05623011291027069
93,poi,0.0,0.686072158398415,OD demand,0.23686453700065613,0.0543811097741127,0.06161807104945183
94,poi,0.0,0.7100966299603169,With sensors,18.279144287109375,8.011435508728027,0.055800702422857285
94,poi,0.0,0.7100966299603169,Without sensors,17.865976333618164,8.463805198669434,0.06538370996713638
94,poi,0.0,0.7100966299603169,Total error,18.238065719604492,8.05687427520752,0.056760165840387344
94,poi,0.0,0.7100966299603169,OD demand,0.2273656129837036,0.05374964326620102,0.06157810986042023
95,stadium,0.7474148389585281,0.0,With sensors,17.708688735961914,8.169610977172852,0.060361962765455246
95,stadium,0.7474148389585281,0.0,Without sensors,22.183998107910156,9.607416152954102,0.07242436707019806
95,stadium,0.7474148389585281,0.0,Total error,18.207979202270508,8.314033508300781,0.061564549803733826
95,stadium,0.7474148389585281,0.0,OD demand,0.22353605926036835,0.05752046778798103,0.08621957153081894
96,stadium,0.7349854562030849,0.0,With sensors,18.335704803466797,8.124234199523926,0.06078479811549187
96,stadium,0.7349854562030849,0.0,Without sensors,23.21236801147461,10.259324073791504,0.07635467499494553
96,stadium,0.7349854562030849,0.0,Total error,18.88253402709961,8.33869743347168,0.06233707815408707
96,stadium,0.7349854562030849,0.0,OD demand,0.254507452249527,0.058229729533195496,0.08577339351177216
97,stadium,0.8378196114248115,0.0,With sensors,17.77874755859375,8.185661315917969,0.0623575784265995
97,stadium,0.8378196114248115,0.0,Without sensors,25.23967933654785,10.502175331115723,0.07498622685670853
97,stadium,0.8378196114248115,0.0,Total error,18.663410186767578,8.41834545135498,0.06361661851406097
97,stadium,0.8378196114248115,0.0,OD demand,0.2376202791929245,0.05927078425884247,0.08573082834482193
98,both,0.7885887522480997,0.7081353214962331,With sensors,19.574655532836914,8.811668395996094,0.06348688155412674
98,both,0.7885887522480997,0.7081353214962331,Without sensors,24.818283081054688,11.023850440979004,0.08148077875375748
98,both,0.7885887522480997,0.7081353214962331,Total error,20.163063049316406,9.033875465393066,0.06528881937265396
98,both,0.7885887522480997,0.7081353214962331,OD demand,0.24617940187454224,0.06101183593273163,0.08860104531049728
99,both,0.5009011768034095,0.8970155303877521,With sensors,17.019893646240234,7.894101619720459,0.06049827113747597
99,both,0.5009011768034095,0.8970155303877521,Without sensors,20.305191040039062,8.736214637756348,0.07491669803857803
99,both,0.5009011768034095,0.8970155303877521,Total error,17.377971649169922,7.978689193725586,0.061942148953676224
99,both,0.5009011768034095,0.8970155303877521,OD demand,0.23856228590011597,0.058931391686201096,0.0884101614356041
