epoch,round,block,elapsed_s,n_updates,train_total,train_link,train_demand,train_vdf,train_anchor,w_anchor,train_demand_t,train_demand_t_a,test_link,test_demand,test_vdf,fastest_path_share,fused_vot,train_sensor_mape_fused,rss_gb,train_sensor_mape_T1,att_regular_T1,att_poi_T1,att_stadium_T1,att_both_T1,theta_s1_t1,theta_s1_t2,theta_s1_t3,theta_s1_t4,theta_s1_t5,theta_s1_t6,theta_s1_t7,theta_s1_t8,theta_s1_t9,theta_s1_t10,theta_s1_t11,theta_s1_t12
0,1,D,12.25782060623169,20,1833.9269332885742,2536.802624511719,1.9133114267140627,101131.47421875,0.0,,0.9160068150609731,0.9160068150609731,1948.5509033203125,0.10675416886806488,102761.7265625,0.5494897365570068,60.0,0.24883309523420855,3.862482944,0.24883309523420855,1.0,1.0,1.0,1.0,1.0,1.0,1.0,1.0,1.0,1.0,1.0,1.0,1.0,1.0,1.0,1.0
1,1,D,24.36291527748108,40,222.62517395019532,1949.24736328125,0.8907597243785859,102205.184375,0.0,,0.11086720675230026,0.11086720675230026,2004.1058349609375,0.13911427557468414,101972.1640625,0.5494897365570068,60.0,0.1563547472608398,3.9305216,0.1563547472608398,1.0,1.0,1.0,1.0,1.0,1.0,1.0,1.0,1.0,1.0,1.0,1.0,1.0,1.0,1.0,1.0
2,1,D,36.343536615371704,60,217.02318267822267,1836.958673095703,0.6402274802327156,101439.808984375,0.0,,0.10819147750735283,0.10819147750735283,1987.6798095703125,0.14417338371276855,100913.3984375,0.5494897365570068,60.0,0.14073498606173884,3.925549056,0.14073498606173884,1.0,1.0,1.0,1.0,1.0,1.0,1.0,1.0,1.0,1.0,1.0,1.0,1.0,1.0,1.0,1.0
3,1,D,48.01546239852905,80,221.63110275268554,1764.294171142578,0.5070581048727035,100802.5546875,0.0,,0.11056202091276646,0.11056202091276646,1579.9273681640625,0.08710778504610062,99893.2109375,0.5494897365570068,60.0,0.13091368723681465,3.900325888,0.13091368723681465,1.0,1.0,1.0,1.0,1.0,1.0,1.0,1.0,1.0,1.0,1.0,1.0,1.0,1.0,1.0,1.0
4,1,D,59.637444257736206,100,192.90718688964844,1686.9623779296876,0.4085794255137444,100418.74921875,0.0,,0.09624930396676064,0.09624930396676064,1629.3768310546875,0.08709481358528137,99978.2578125,0.5494897365570068,60.0,0.12265106858835186,3.928006656,0.12265106858835186,1.0,1.0,1.0,1.0,1.0,1.0,1.0,1.0,1.0,1.0,1.0,1.0,1.0,1.0,1.0,1.0
5,1,D,71.0187635421753,120,171.97409133911134,1620.0501831054687,0.31791229769587515,99946.914453125,0.0,,0.08582809008657932,0.08582809008657932,1668.933837890625,0.07868955284357071,99591.609375,0.5494897365570068,60.0,0.11523037025554185,3.925643264,0.11523037025554185,1.0,1.0,1.0,1.0,1.0,1.0,1.0,1.0,1.0,1.0,1.0,1.0,1.0,1.0,1.0,1.0
6,1,D,82.23892784118652,140,190.62202491760254,1588.265185546875,0.2710497558116913,99625.4703125,0.0,,0.0951754868030548,0.0951754868030548,1585.34130859375,0.06642480194568634,99376.4296875,0.5494897365570068,60.0,0.10986597785712147,3.897806848,0.10986597785712147,1.0,1.0,1.0,1.0,1.0,1.0,1.0,1.0,1.0,1.0,1.0,1.0,1.0,1.0,1.0,1.0
7,1,D,93.5401680469513,160,186.70437545776366,1556.9934631347655,0.24476928561925887,99457.35546875,0.0,,0.09322980400174856,0.09322980400174856,1607.3470458984375,0.10127164423465729,99509.453125,0.5494897365570068,60.0,0.10784983064494576,3.927015424,0.10784983064494576,1.0,1.0,1.0,1.0,1.0,1.0,1.0,1.0,1.0,1.0,1.0,1.0,1.0,1.0,1.0,1.0
8,1,D,104.88741183280945,180,162.69113693237304,1534.24658203125,0.23566346764564514,99397.88984375,0.0,,0.08122773729264736,0.08122773729264736,1756.8349609375,0.09356658160686493,99951.8359375,0.5494897365570068,60.0,0.10682672502485817,3.897331712,0.10682672502485817,1.0,1.0,1.0,1.0,1.0,1.0,1.0,1.0,1.0,1.0,1.0,1.0,1.0,1.0,1.0,1.0
9,1,D,116.09590363502502,200,169.36352729797363,1517.0735717773437,0.19977069087326527,99128.01484375,0.0,,0.08458187840878964,0.08458187840878964,1601.8551025390625,0.06754981726408005,98866.7265625,0.5494897365570068,60.0,0.10229551483474376,3.920289792,0.10229551483474376,1.0,1.0,1.0,1.0,1.0,1.0,1.0,1.0,1.0,1.0,1.0,1.0,1.0,1.0,1.0,1.0
10,1,D,127.45476222038269,220,157.31287689208983,1497.8809936523437,0.19032651633024217,99044.512890625,0.0,,0.07856127507984638,0.07856127507984638,1593.9932861328125,0.06225087493658066,99148.1171875,0.5494897365570068,60.0,0.10092047994858083,3.897851904,0.10092047994858083,1.0,1.0,1.0,1.0,1.0,1.0,1.0,1.0,1.0,1.0,1.0,1.0,1.0,1.0,1.0,1.0
11,1,D,138.69267916679382,240,161.5972484588623,1501.1101623535155,0.1830188013613224,99009.76015625,0.0,,0.08070711456239224,0.08070711456239224,1441.4227294921875,0.06336065381765366,98751.9765625,0.5494897365570068,60.0,0.10024188487735275,3.906322432,0.10024188487735275,1.0,1.0,1.0,1.0,1.0,1.0,1.0,1.0,1.0,1.0,1.0,1.0,1.0,1.0,1.0,1.0
12,1,D,150.19473099708557,260,159.97695617675782,1478.782568359375,0.16791217774152756,98879.91640625,0.0,,0.07990452349185943,0.07990452349185943,1560.36767578125,0.05765592306852341,98650.75,0.5494897365570068,60.0,0.09914263159827849,3.91555072,0.09914263159827849,1.0,1.0,1.0,1.0,1.0,1.0,1.0,1.0,1.0,1.0,1.0,1.0,1.0,1.0,1.0,1.0
13,1,D,161.54921627044678,280,151.29209899902344,1449.3620910644531,0.14792375303804875,98741.080078125,0.0,,0.07557208687067032,0.07557208687067032,1638.6727294921875,0.07912392914295197,99190.515625,0.5494897365570068,60.0,0.09665740634214288,3.93259008,0.09665740634214288,1.0,1.0,1.0,1.0,1.0,1.0,1.0,1.0,1.0,1.0,1.0,1.0,1.0,1.0,1.0,1.0
14,1,D,172.7871232032776,300,156.14812164306642,1475.097479248047,0.16180791296064853,98833.73828125,0.0,,0.07799315601587295,0.07799315601587295,1554.5384521484375,0.0662841796875,98738.8984375,0.5494897365570068,60.0,0.0979098629771745,3.928772608,0.0979098629771745,1.0,1.0,1.0,1.0,1.0,1.0,1.0,1.0,1.0,1.0,1.0,1.0,1.0,1.0,1.0,1.0
15,1,D,184.00093960762024,320,146.86058349609374,1440.0927429199219,0.14394109547138215,98670.310546875,0.0,,0.07335832230746746,0.07335832230746746,1539.948486328125,0.05880219116806984,98598.0078125,0.5494897365570068,60.0,0.09561214615813399,3.91856128,0.09561214615813399,1.0,1.0,1.0,1.0,1.0,1.0,1.0,1.0,1.0,1.0,1.0,1.0,1.0,1.0,1.0,1.0
16,1,D,195.48731541633606,340,139.4961944580078,1445.0882995605468,0.13537178449332715,98634.2203125,0.0,,0.06968041025102138,0.06968041025102138,1672.5325927734375,0.1015724316239357,98892.296875,0.5494897365570068,60.0,0.09510594420806574,3.904360448,0.09510594420806574,1.0,1.0,1.0,1.0,1.0,1.0,1.0,1.0,1.0,1.0,1.0,1.0,1.0,1.0,1.0,1.0
17,1,D,207.13539958000183,360,144.58187561035157,1439.6020812988281,0.12791884504258633,98573.120703125,0.0,,0.07222697865217924,0.07222697865217924,1469.593994140625,0.057469893246889114,98632.0,0.5494897365570068,60.0,0.09397734676724924,3.901452288,0.09397734676724924,1.0,1.0,1.0,1.0,1.0,1.0,1.0,1.0,1.0,1.0,1.0,1.0,1.0,1.0,1.0,1.0
18,1,D,219.58724665641785,380,134.74883537292482,1423.3094848632813,0.12899411618709564,98555.383203125,0.0,,0.06730991993099451,0.06730991993099451,1530.8681640625,0.05945790931582451,98808.2890625,0.5494897365570068,60.0,0.09350070778325674,3.917369344,0.09350070778325674,1.0,1.0,1.0,1.0,1.0,1.0,1.0,1.0,1.0,1.0,1.0,1.0,1.0,1.0,1.0,1.0
19,1,D,230.97345852851868,400,134.76082382202148,1438.551123046875,0.13040377236902714,98572.233984375,0.0,,0.06731520984321833,0.06731520984321833,1424.47412109375,0.057911671698093414,98448.9765625,0.5494897365570068,60.0,0.09371837120843848,3.9264256,0.09371837120843848,1.0,1.0,1.0,1.0,1.0,1.0,1.0,1.0,1.0,1.0,1.0,1.0,1.0,1.0,1.0,1.0
20,1,TH,235.85244059562683,420,847.0203338623047,748.8773986816407,0.11017164066433907,98142.93046875,0.0,,0.05646037682890892,0.05646037682890892,362.6910400390625,0.057911667972803116,98025.6640625,0.5349708199501038,44.27393555641174,0.07980261939894914,3.961843712,0.07980261939894914,1.0,1.0,1.0,1.0,0.6443662643432617,1.0135921239852905,0.6650983691215515,0.705466091632843,0.6536310315132141,0.7253532409667969,0.6956239938735962,0.7966341972351074,0.7210947871208191,0.815176784992218,0.7564310431480408,0.6623191833496094
21,1,TH,240.74979901313782,440,416.40682830810545,318.38862762451174,0.11017197482287884,98018.19921875,0.0,,0.056460370495915416,0.056460370495915416,305.6123046875,0.057911667972803116,98108.234375,0.5244318246841431,29.11402925848961,0.06704076568793563,3.968438272,0.06704076568793563,1.0,1.0,1.0,1.0,0.37998414039611816,0.48689165711402893,0.5456182956695557,0.5394320487976074,0.4891567528247833,0.49245086312294006,0.47919031977653503,0.5232176184654236,0.5375246405601501,0.5067235231399536,0.49745339155197144,0.34516260027885437
22,1,TH,246.09012818336487,460,402.7621307373047,304.6959701538086,0.11017203666269779,98066.15703125,0.0,,0.056460369192063806,0.056460369192063806,305.40423583984375,0.05791166424751282,98116.7578125,0.5235814452171326,27.847688794136047,0.06674697929739913,3.948957696,0.06674697929739913,1.0,1.0,1.0,1.0,0.3178022503852844,0.4445132911205292,0.5184933543205261,0.5141080021858215,0.4577861726284027,0.5006508827209473,0.43702512979507446,0.48297709226608276,0.5228602290153503,0.4752845764160156,0.5257125496864319,0.37232422828674316
23,1,TH,251.06066226959229,480,402.71619567871096,304.6446762084961,0.11017203778028488,98071.511328125,0.0,,0.05646036881953478,0.05646036881953478,305.1010437011719,0.05791166424751282,98115.484375,0.5233322381973267,27.827385812997818,0.06688239698681976,3.953086464,0.06688239698681976,1.0,1.0,1.0,1.0,0.3255182206630707,0.4208277463912964,0.5590730905532837,0.5156463980674744,0.49253833293914795,0.49839532375335693,0.4415822923183441,0.47025465965270996,0.5085365176200867,0.46758270263671875,0.5175736546516418,0.34794822335243225
24,1,TH,256.0891373157501,500,402.7049728393555,304.63597869873047,0.11017203778028488,98068.988671875,0.0,,0.056460369192063806,0.056460369192063806,305.4728698730469,0.05791166424751282,98113.984375,0.5236117839813232,28.185834884643555,0.06682641277231963,3.951992832,0.06682641277231963,1.0,1.0,1.0,1.0,0.3184432089328766,0.46741044521331787,0.515781819820404,0.5081075429916382,0.47589585185050964,0.5081292986869812,0.47357726097106934,0.47145357728004456,0.5155481696128845,0.4797443747520447,0.5238536596298218,0.37922176718711853
25,1,TH,261.1808924674988,520,402.6839340209961,304.6161056518555,0.11017203666269779,98067.824609375,0.0,,0.05646036937832832,0.05646036937832832,305.08966064453125,0.05791166424751282,98117.3515625,0.5236020088195801,27.859847396612167,0.06680499964251123,3.98321664,0.06680499964251123,1.0,1.0,1.0,1.0,0.3222898244857788,0.4374123811721802,0.537016749382019,0.538374662399292,0.4850429594516754,0.4756999611854553,0.4545796513557434,0.45268967747688293,0.5200362205505371,0.4813641607761383,0.49857282638549805,0.3688904047012329
26,1,TH,266.1079623699188,540,402.70859680175784,304.6395980834961,0.11017203368246556,98068.989453125,0.0,,0.05646036956459284,0.05646036956459284,305.01318359375,0.05791166424751282,98115.1796875,0.524074912071228,27.908902317285538,0.06679103742541348,3.974836224,0.06679103742541348,1.0,1.0,1.0,1.0,0.3035084009170532,0.426601767539978,0.5428734421730042,0.534019410610199,0.4852451980113983,0.49713975191116333,0.4524383246898651,0.4741879999637604,0.5008746385574341,0.4902283251285553,0.5094783306121826,0.36518487334251404
27,1,TH,270.9315505027771,560,402.71599731445315,304.64573669433594,0.11017203740775586,98070.253515625,0.0,,0.05646036881953478,0.05646036881953478,305.30426025390625,0.05791166424751282,98116.3203125,0.5230981111526489,27.820699959993362,0.06686280337133317,3.976495104,0.06686280337133317,1.0,1.0,1.0,1.0,0.31354930996894836,0.43982595205307007,0.5257072448730469,0.5566461086273193,0.4655286371707916,0.504899263381958,0.45762670040130615,0.4708179831504822,0.5086788535118103,0.45505306124687195,0.5114564895629883,0.35435038805007935
28,1,TH,275.8504321575165,580,402.69565734863284,304.62738647460935,0.11017203293740749,98068.265625,0.0,,0.05646037012338638,0.05646037012338638,305.0716247558594,0.05791166424751282,98115.1015625,0.5237497091293335,27.95907884836197,0.0668081923103145,3.971936256,0.0668081923103145,1.0,1.0,1.0,1.0,0.31878259778022766,0.42375999689102173,0.5355126857757568,0.5519482493400574,0.477535218000412,0.49700501561164856,0.4271828234195709,0.5029236674308777,0.5012558698654175,0.47868022322654724,0.5207417011260986,0.3564877212047577
29,1,TH,280.88821935653687,600,402.7269119262695,304.65856475830077,0.11017203629016876,98068.346484375,0.0,,0.05646036881953478,0.05646036881953478,305.1460266113281,0.05791166424751282,98116.03125,0.5234653949737549,27.859119921922684,0.06680170038573979,3.984429056,0.06680170038573979,1.0,1.0,1.0,1.0,0.30843013525009155,0.4434608817100525,0.5270673632621765,0.5459594130516052,0.48854508996009827,0.5080025792121887,0.4630071818828583,0.46611592173576355,0.5108321309089661,0.4729415476322174,0.4792026877403259,0.35825905203819275
30,1,TH,285.7220833301544,620,402.78296356201173,304.71124877929685,0.11017203964293003,98071.7109375,0.0,,0.05646036807447672,0.05646036807447672,305.0543212890625,0.05791166424751282,98118.046875,0.5230705738067627,27.63936311006546,0.06689254481922952,3.949592576,0.06689254481922952,1.0,1.0,1.0,1.0,0.32217350602149963,0.4352019131183624,0.5405968427658081,0.523166835308075,0.49191299080848694,0.4771402180194855,0.46440038084983826,0.4649725556373596,0.5020860433578491,0.4502960443496704,0.49588337540626526,0.36004191637039185
31,1,TH,290.8853540420532,640,402.60816192626953,304.54033203125,0.11017203703522682,98067.823828125,0.0,,0.056460370495915416,0.056460370495915416,305.3408508300781,0.05791166424751282,98116.0703125,0.5230222940444946,27.783896028995514,0.0667728550978779,3.95866112,0.0667728550978779,1.0,1.0,1.0,1.0,0.30395951867103577,0.4447973668575287,0.5401540398597717,0.5240177512168884,0.4581391215324402,0.5105767250061035,0.4494820535182953,0.48669639229774475,0.5103183388710022,0.4639975130558014,0.5018476843833923,0.3627927005290985
32,1,TH,296.75201964378357,660,402.6046142578125,304.53671875,0.11017203591763973,98067.894921875,0.0,,0.05646036881953478,0.05646036881953478,305.11572265625,0.05791166424751282,98118.28125,0.5233750343322754,27.400160282850266,0.06679874715239288,3.948945408,0.06679874715239288,1.0,1.0,1.0,1.0,0.3137005567550659,0.43068113923072815,0.5501213073730469,0.5163558721542358,0.5005229711532593,0.5090714693069458,0.4722113311290741,0.47111737728118896,0.49121251702308655,0.44306492805480957,0.4464811682701111,0.335491418838501
33,1,TH,302.08536171913147,680,402.75030822753905,304.6777801513672,0.110172039270401,98072.5203125,0.0,,0.05646036807447672,0.05646036807447672,304.99334716796875,0.05791166424751282,98115.96875,0.523444414138794,27.895353734493256,0.06691916705506311,3.95687936,0.06691916705506311,1.0,1.0,1.0,1.0,0.3265538513660431,0.4321639835834503,0.5353093147277832,0.549684464931488,0.5038629770278931,0.5027796030044556,0.43977412581443787,0.4725181460380554,0.5127668976783752,0.472466379404068,0.4813055694103241,0.3498854339122772
34,2,D,313.87783789634705,700,138.65577659606933,313.107487487793,0.11832033768296242,98137.46484375,0.0,,0.06926872804760933,0.06926872804760933,299.521240234375,0.05300591140985489,98076.046875,0.523444414138794,27.895353734493256,0.06454469523872168,3.973947392,0.06454469523872168,1.0,1.0,1.0,1.0,0.3265538513660431,0.4321639835834503,0.5353093147277832,0.549684464931488,0.5038629770278931,0.5027796030044556,0.43977412581443787,0.4725181460380554,0.5127668976783752,0.472466379404068,0.4813055694103241,0.3498854339122772
35,2,D,325.989129781723,720,128.70359497070314,308.42028656005857,0.11323566883802413,98102.7890625,0.0,,0.06429517958313227,0.06429517958313227,309.33367919921875,0.06087556853890419,98175.546875,0.523444414138794,27.895353734493256,0.06348114457532095,3.977908224,0.06348114457532095,1.0,1.0,1.0,1.0,0.3265538513660431,0.4321639835834503,0.5353093147277832,0.549684464931488,0.5038629770278931,0.5027796030044556,0.43977412581443787,0.4725181460380554,0.5127668976783752,0.472466379404068,0.4813055694103241,0.3498854339122772
36,2,D,337.45060658454895,740,141.15424880981445,315.25796966552736,0.10395627245306968,98013.466015625,0.0,,0.07052514683455229,0.07052514683455229,309.8431091308594,0.07678409665822983,97830.0,0.523444414138794,27.895353734493256,0.06281520358385394,3.96632064,0.06281520358385394,1.0,1.0,1.0,1.0,0.3265538513660431,0.4321639835834503,0.5353093147277832,0.549684464931488,0.5038629770278931,0.5027796030044556,0.43977412581443787,0.4725181460380554,0.5127668976783752,0.472466379404068,0.4813055694103241,0.3498854339122772
37,2,D,348.36633944511414,760,143.05750427246093,314.8179229736328,0.10574721507728099,97955.171875,0.0,,0.07147587817162275,0.07147587817162275,309.6852111816406,0.06291022896766663,98150.25,0.523444414138794,27.895353734493256,0.06336150486638842,3.976318976,0.06336150486638842,1.0,1.0,1.0,1.0,0.3265538513660431,0.4321639835834503,0.5353093147277832,0.549684464931488,0.5038629770278931,0.5027796030044556,0.43977412581443787,0.4725181460380554,0.5127668976783752,0.472466379404068,0.4813055694103241,0.3498854339122772
38,2,D,359.4905843734741,780,134.17780303955078,307.37850799560545,0.10758854113519192,97917.6609375,0.0,,0.06703510731458664,0.06703510731458664,332.3734130859375,0.07478120177984238,98467.046875,0.523444414138794,27.895353734493256,0.06202431125197009,3.959533568,0.06202431125197009,1.0,1.0,1.0,1.0,0.3265538513660431,0.4321639835834503,0.5353093147277832,0.549684464931488,0.5038629770278931,0.5027796030044556,0.43977412581443787,0.4725181460380554,0.5127668976783752,0.472466379404068,0.4813055694103241,0.3498854339122772
39,2,D,370.30912470817566,800,136.96449699401856,309.50159606933596,0.10697661973536014,97960.11640625,0.0,,0.06842875983566046,0.06842875983566046,306.9420471191406,0.07009312510490417,97834.1015625,0.523444414138794,27.895353734493256,0.061730357944984895,3.974549504,0.061730357944984895,1.0,1.0,1.0,1.0,0.3265538513660431,0.4321639835834503,0.5353093147277832,0.549684464931488,0.5038629770278931,0.5027796030044556,0.43977412581443787,0.4725181460380554,0.5127668976783752,0.472466379404068,0.4813055694103241,0.3498854339122772
40,2,TH,375.0403118133545,820,402.20200805664064,304.4119018554687,0.0972180686891079,97790.096484375,0.0,,0.06555168591439724,0.06555168591439724,306.3736572265625,0.07009312510490417,97838.5390625,0.5229220390319824,27.45898187160492,0.06689750761409073,3.95350016,0.06689750761409073,1.0,1.0,1.0,1.0,0.3273411989212036,0.40351152420043945,0.5461133122444153,0.5254013538360596,0.5282866954803467,0.4652805030345917,0.4228833019733429,0.43530339002609253,0.5112478137016296,0.49933794140815735,0.4619753658771515,0.3651139736175537
41,2,TH,379.6244752407074,840,402.18810882568357,304.3924194335938,0.09721807539463043,97795.68515625,0.0,,0.0655516842380166,0.0655516842380166,306.3033142089844,0.07009312510490417,97839.4765625,0.5220061540603638,27.445472329854965,0.0669837552811114,3.952623616,0.0669837552811114,1.0,1.0,1.0,1.0,0.33055800199508667,0.4133690297603607,0.5338362455368042,0.5095857977867126,0.5258708000183105,0.4624815285205841,0.4376460909843445,0.4396732449531555,0.5091153979301453,0.48230940103530884,0.4434923231601715,0.40115660429000854
42,2,TH,384.2774746417999,860,402.16126861572263,304.36866302490233,0.09721808023750782,97792.603515625,0.0,,0.06555168498307466,0.06555168498307466,306.2442626953125,0.07009312510490417,97841.5,0.521761953830719,27.19318687915802,0.06689871510143398,3.959934976,0.06689871510143398,1.0,1.0,1.0,1.0,0.33004653453826904,0.40983012318611145,0.5397564172744751,0.5282045006752014,0.5264881253242493,0.4545783996582031,0.4286295175552368,0.4385637938976288,0.5073809623718262,0.4634963274002075,0.42588019371032715,0.38578248023986816
43,2,TH,388.98324632644653,880,402.2473342895508,304.45370025634764,0.09721807204186916,97793.628125,0.0,,0.06555168516933918,0.06555168516933918,306.4182434082031,0.07009312510490417,97844.0546875,0.5213014483451843,26.92232146859169,0.06693729718213627,3.95722752,0.06693729718213627,1.0,1.0,1.0,1.0,0.3291083872318268,0.4292096197605133,0.4995015859603882,0.5299053192138672,0.5237374305725098,0.46186432242393494,0.42927220463752747,0.4241189956665039,0.5144879817962646,0.4626014828681946,0.41647017002105713,0.3641867935657501
44,2,TH,393.65900206565857,900,402.1371444702148,304.3413589477539,0.09721807949244976,97795.778515625,0.0,,0.06555168628692627,0.06555168628692627,306.6758117675781,0.07009312510490417,97841.359375,0.5225140452384949,27.463467866182327,0.06697112089374033,3.960045568,0.06697112089374033,1.0,1.0,1.0,1.0,0.3288203775882721,0.43064528703689575,0.49633628129959106,0.5342937707901001,0.5034840106964111,0.45719534158706665,0.4113268554210663,0.42511850595474243,0.5422399044036865,0.5082281231880188,0.45374101400375366,0.40126410126686096
45,2,TH,398.4917278289795,920,402.2325408935547,304.43812255859376,0.09721806980669498,97794.413671875,0.0,,0.0655516842380166,0.0655516842380166,306.3649597167969,0.07009312510490417,97841.8984375,0.5221104025840759,27.231983691453934,0.0669268652166706,3.961155584,0.0669268652166706,1.0,1.0,1.0,1.0,0.33860281109809875,0.4107173681259155,0.5325067639350891,0.5392019748687744,0.5323140621185303,0.44764572381973267,0.44559475779533386,0.43411293625831604,0.5234302282333374,0.4553857147693634,0.4107353985309601,0.3761489987373352
46,2,TH,403.2396128177643,940,402.18646850585935,304.3935256958008,0.09721807166934013,97792.93671875,0.0,,0.06555168647319079,0.06555168647319079,306.33782958984375,0.07009312510490417,97843.328125,0.5220212936401367,26.947650611400604,0.06691849751380263,3.981848576,0.06691849751380263,1.0,1.0,1.0,1.0,0.3324674069881439,0.42269814014434814,0.5224015116691589,0.5361272096633911,0.508611261844635,0.45971763134002686,0.4137415289878845,0.4437965452671051,0.5081740021705627,0.45279067754745483,0.42910104990005493,0.35990315675735474
47,2,TH,407.8573868274689,960,402.13516998291016,304.3413833618164,0.09721806645393372,97793.78203125,0.0,,0.06555168740451336,0.06555168740451336,306.3057556152344,0.07009312510490417,97839.640625,0.522251307964325,27.48174324631691,0.06690682899127512,3.972911104,0.06690682899127512,1.0,1.0,1.0,1.0,0.3228534162044525,0.4168297052383423,0.5255938768386841,0.5350009799003601,0.5283468961715698,0.45456239581108093,0.4241736829280853,0.43906503915786743,0.5191617608070374,0.4906887114048004,0.4484378695487976,0.3916343152523041
48,2,TH,412.50084257125854,980,402.22972717285154,304.4356185913086,0.09721807166934013,97794.10859375,0.0,,0.0655516853556037,0.0655516853556037,306.266357421875,0.07009312510490417,97841.9140625,0.5220009684562683,27.113929837942123,0.06694337212816687,3.967193088,0.06694337212816687,1.0,1.0,1.0,1.0,0.3450983464717865,0.42141541838645935,0.5221578478813171,0.5101868510246277,0.5239627361297607,0.4715826213359833,0.4232315719127655,0.4433877170085907,0.5006464719772339,0.47631263732910156,0.41591137647628784,0.3688923716545105
49,2,TH,417.13596987724304,1000,402.1462997436523,304.35333251953125,0.09721806682646275,97792.963671875,0.0,,0.06555168554186822,0.06555168554186822,306.41455078125,0.07009312510490417,97841.5859375,0.5220867395401001,27.113763689994812,0.06691267856884221,3.93834496,0.06691267856884221,1.0,1.0,1.0,1.0,0.31568941473960876,0.42692193388938904,0.5053622126579285,0.5139594674110413,0.5368883609771729,0.47468578815460205,0.44511693716049194,0.428663045167923,0.49627557396888733,0.4845339357852936,0.41700464487075806,0.3776514232158661
50,3,D,428.39630007743835,1020,129.8641284942627,308.09273834228514,0.09644136540591716,97962.9671875,0.0,,0.06488384250551463,0.06488384250551463,305.6627502441406,0.06147835776209831,97941.4296875,0.5220867395401001,27.113763689994812,0.061727117140228265,3.965681664,0.061727117140228265,1.0,1.0,1.0,1.0,0.31568941473960876,0.42692193388938904,0.5053622126579285,0.5139594674110413,0.5368883609771729,0.47468578815460205,0.44511693716049194,0.428663045167923,0.49627557396888733,0.4845339357852936,0.41700464487075806,0.3776514232158661
51,3,D,439.83336901664734,1040,130.1438144683838,305.99727630615234,0.09587042853236198,97921.4421875,0.0,,0.0650239722803235,0.0650239722803235,298.4712829589844,0.0639939084649086,97785.921875,0.5220867395401001,27.113763689994812,0.06149938590250731,3.961495552,0.06149938590250731,1.0,1.0,1.0,1.0,0.31568941473960876,0.42692193388938904,0.5053622126579285,0.5139594674110413,0.5368883609771729,0.47468578815460205,0.44511693716049194,0.428663045167923,0.49627557396888733,0.4845339357852936,0.41700464487075806,0.3776514232158661
52,3,D,451.32645177841187,1060,125.80752487182617,303.7045394897461,0.09529509954154491,97890.94765625,0.0,,0.06285611484199763,0.06285611484199763,303.7975769042969,0.06383508443832397,98037.5,0.5220867395401001,27.113763689994812,0.06113027111892425,3.97594624,0.06113027111892425,1.0,1.0,1.0,1.0,0.31568941473960876,0.42692193388938904,0.5053622126579285,0.5139594674110413,0.5368883609771729,0.47468578815460205,0.44511693716049194,0.428663045167923,0.49627557396888733,0.4845339357852936,0.41700464487075806,0.3776514232158661
53,3,D,463.4250090122223,1080,128.31411590576172,306.72469940185545,0.09687270559370517,97962.936328125,0.0,,0.06410862170159817,0.06410862170159817,313.50360107421875,0.07281847298145294,97825.6953125,0.5220867395401001,27.113763689994812,0.06162541219735685,3.954868224,0.06162541219735685,1.0,1.0,1.0,1.0,0.31568941473960876,0.42692193388938904,0.5053622126579285,0.5139594674110413,0.5368883609771729,0.47468578815460205,0.44511693716049194,0.428663045167923,0.49627557396888733,0.4845339357852936,0.41700464487075806,0.3776514232158661
54,3,D,474.66426181793213,1100,125.7056728363037,305.0283996582031,0.0875752441585064,97853.911328125,0.0,,0.06280904896557331,0.06280904896557331,296.9438171386719,0.060070816427469254,97906.78125,0.5220867395401001,27.113763689994812,0.061263385111290834,3.972599808,0.061263385111290834,1.0,1.0,1.0,1.0,0.31568941473960876,0.42692193388938904,0.5053622126579285,0.5139594674110413,0.5368883609771729,0.47468578815460205,0.44511693716049194,0.428663045167923,0.49627557396888733,0.4845339357852936,0.41700464487075806,0.3776514232158661
55,3,TH,479.39943194389343,1120,393.9085861206055,296.0465118408203,0.08311418779194354,97862.068359375,0.0,,0.05824065785855055,0.05824065785855055,296.06097412109375,0.060070816427469254,97902.203125,0.5230311751365662,27.612219005823135,0.057684435449010696,3.945496576,0.057684435449010696,1.0,1.0,1.0,1.0,0.3680191934108734,0.44650328159332275,0.523825466632843,0.4804805815219879,0.4991161525249481,0.43976491689682007,0.4641777276992798,0.42913874983787537,0.47004497051239014,0.4961693584918976,0.5580145120620728,0.34718888998031616
56,3,TH,484.1009840965271,1140,393.60741424560547,295.7498245239258,0.08311418332159519,97857.58203125,0.0,,0.05824065674096346,0.05824065674096346,296.13775634765625,0.060070816427469254,97901.3046875,0.5235950350761414,27.64874577522278,0.05759848879423739,3.95810816,0.05759848879423739,1.0,1.0,1.0,1.0,0.3496776223182678,0.4399649500846863,0.5332966446876526,0.48434197902679443,0.49950024485588074,0.43980103731155396,0.47555863857269287,0.43533241748809814,0.4765448570251465,0.492407888174057,0.5537090301513672,0.34961384534835815
57,3,TH,488.9116961956024,1160,393.6786392211914,295.8220932006836,0.0831141822040081,97856.54375,0.0,,0.058240657299757005,0.058240657299757005,296.5251159667969,0.060070816427469254,97903.5859375,0.522631049156189,27.508530020713806,0.05760910861885223,3.949293568,0.05760910861885223,1.0,1.0,1.0,1.0,0.3593522310256958,0.45948830246925354,0.5129289627075195,0.505124568939209,0.46163684129714966,0.4367625415325165,0.44441503286361694,0.45610255002975464,0.4425208568572998,0.5081208944320679,0.5637171864509583,0.3515360355377197
58,3,TH,493.5859577655792,1180,393.6302719116211,295.77245025634767,0.08311418630182743,97857.813671875,0.0,,0.058240657486021516,0.058240657486021516,296.0875244140625,0.06007082015275955,97903.3828125,0.5223733186721802,27.31374815106392,0.057598036181844676,3.977347072,0.057598036181844676,1.0,1.0,1.0,1.0,0.36571869254112244,0.4309590756893158,0.5399267673492432,0.45951297879219055,0.5077202916145325,0.4509003460407257,0.4482859969139099,0.4478612244129181,0.4617334008216858,0.46412020921707153,0.531333863735199,0.3546767830848694
59,3,TH,498.30739974975586,1200,393.628352355957,295.77236328125,0.08311418555676937,97855.985546875,0.0,,0.058240657486021516,0.058240657486021516,296.0008850097656,0.06007082015275955,97902.5859375,0.5227341651916504,27.527652382850647,0.057588092775197934,3.946213376,0.057588092775197934,1.0,1.0,1.0,1.0,0.37189343571662903,0.4301041066646576,0.5281096696853638,0.48867931962013245,0.48839056491851807,0.4517757296562195,0.45818275213241577,0.448122501373291,0.4715779721736908,0.47800251841545105,0.537956953048706,0.3527349531650543
60,3,TH,503.01262402534485,1220,393.5820037841797,295.7231750488281,0.08311418667435647,97858.824609375,0.0,,0.058240657486021516,0.058240657486021516,296.1630554199219,0.060070816427469254,97901.8515625,0.5232916474342346,27.56340891122818,0.05759501168080058,3.9640064,0.05759501168080058,1.0,1.0,1.0,1.0,0.35082319378852844,0.4479328691959381,0.5444924235343933,0.4779224693775177,0.4893138110637665,0.4381692409515381,0.46943408250808716,0.4249511659145355,0.4747149348258972,0.4809754490852356,0.5647873878479004,0.349164754152298
61,3,TH,507.67323422431946,1240,393.5701049804687,295.7144584655762,0.0831141859292984,97855.643359375,0.0,,0.05824065823107958,0.05824065823107958,296.08856201171875,0.060070816427469254,97903.0859375,0.5226988196372986,27.334818691015244,0.05759725848872792,3.974107136,0.05759725848872792,1.0,1.0,1.0,1.0,0.3594648540019989,0.42697983980178833,0.5355101823806763,0.4808785319328308,0.4874405264854431,0.4669858515262604,0.42269521951675415,0.45341208577156067,0.4574698805809021,0.4835704267024994,0.5398938655853271,0.35266247391700745
62,3,TH,512.3501975536346,1260,393.57411804199216,295.71717376708983,0.08311418332159519,97856.940234375,0.0,,0.05824065711349249,0.05824065711349249,296.1983337402344,0.06007082015275955,97905.75,0.5229625701904297,27.075943648815155,0.05758820436540802,3.975016448,0.05758820436540802,1.0,1.0,1.0,1.0,0.3540615439414978,0.45644229650497437,0.5211087465286255,0.48041459918022156,0.4793948531150818,0.46279335021972656,0.4289383292198181,0.43026015162467957,0.4632563292980194,0.4704993665218353,0.5281718373298645,0.3398473262786865
63,4,J,525.324362039566,1280,675.3378616333008,435.45354614257815,0.38703613448888063,96380.17890625,0.0,,0.0715585470199585,0.0715585470199585,342.3870544433594,0.06088107079267502,96654.9140625,0.5231750011444092,27.065080106258392,0.06126516336536689,3.982491648,0.06126516336536689,1.0,1.0,1.0,1.0,0.3512723743915558,0.4559195637702942,0.5175189971923828,0.4746741056442261,0.47908055782318115,0.4689127206802368,0.4215518534183502,0.4291871190071106,0.46708062291145325,0.47425392270088196,0.5354264974594116,0.338137686252594
64,4,J,538.180757522583,1300,514.1232543945313,301.48545227050784,0.11572253219783306,96433.34296875,0.0,,0.0580443661659956,0.0580443661659956,303.6144104003906,0.05760016664862633,96403.671875,0.5231682062149048,27.05577000975609,0.055545456172676796,3.9798784,0.055545456172676796,1.0,1.0,1.0,1.0,0.3512754440307617,0.45582208037376404,0.5173096060752869,0.4744996726512909,0.47889184951782227,0.4685896635055542,0.4211638867855072,0.42907723784446716,0.4669432044029236,0.47414782643318176,0.5352888107299805,0.3381447196006775
65,4,J,550.9075136184692,1320,498.21827697753906,288.4135803222656,0.11902599148452282,96378.582421875,0.0,,0.05665353573858738,0.05665353573858738,275.2990417480469,0.05393149331212044,96474.484375,0.5231643319129944,27.04726681113243,0.054397881988305335,4.017713152,0.054397881988305335,1.0,1.0,1.0,1.0,0.3512803316116333,0.45574018359184265,0.5171110033988953,0.4743548035621643,0.47872141003608704,0.46827927231788635,0.4207767844200134,0.42895516753196716,0.4668649733066559,0.47401535511016846,0.5351971387863159,0.33815693855285645
66,4,J,564.4841485023499,1340,487.81707153320315,279.58417282104494,0.11353758461773396,96367.007421875,0.0,,0.0558761777356267,0.0558761777356267,273.0733947753906,0.05450204759836197,96402.34375,0.5231607556343079,27.04370841383934,0.05322493494084451,4.01948672,0.05322493494084451,1.0,1.0,1.0,1.0,0.35128939151763916,0.4556772708892822,0.5170146822929382,0.47434693574905396,0.4786364436149597,0.46814730763435364,0.4205951988697052,0.42889711260795593,0.4667929708957672,0.47399866580963135,0.5351454615592957,0.33820024132728577
67,4,J,578.1868412494659,1360,485.9907943725586,279.7857467651367,0.10777639336884022,96318.388671875,0.0,,0.054889436811208725,0.054889436811208725,300.666015625,0.05616630241274834,96356.578125,0.5231577754020691,27.0383483171463,0.05269743410808772,3.98639104,0.05269743410808772,1.0,1.0,1.0,1.0,0.3513025939464569,0.4556048810482025,0.5168685913085938,0.47423699498176575,0.47853878140449524,0.46791166067123413,0.42034584283828735,0.42881351709365845,0.466732919216156,0.4739646017551422,0.5350968837738037,0.33825239539146423
