,,RMSE,RMSE,MAE,MAE,MAPE,MAPE
,,mean,std,mean,std,mean,std
model,type,,,,,,
DNN,Link flow total,254.9684041341146,8.081949650258005,116.37926991780598,3.6979380075173367,0.09691017866134644,0.0033955285545529887
DNN,With sensors,56.649400075276695,5.861667904891911,42.13693873087565,4.079105652137752,0.02972471776107947,0.0030859848043597845
DNN,Without sensors,687.5476277669271,22.75219474088606,606.3786417643229,15.215260485808798,0.5403342843055725,0.019361493041192387
Even split of aggregate OD,OD demand,29.42256736755371,,25.3125,,0.0894261971116066,
GRU,Link flow total,246.3388875325521,6.624926007894323,90.88172403971355,7.199447061754584,0.07759708414475124,0.004967542231511084
GRU,With sensors,17.69215456644694,7.886739779936225,13.669706344604492,5.849239930729412,0.008964584674686193,0.003346977035764245
GRU,Without sensors,677.4100545247396,16.797395157448555,600.4810180664062,16.646842136430283,0.5305715998013815,0.015782123254635298
Historical mean,Link flow total,246.04444885253906,,121.86000061035156,,0.09562467783689499,
Historical mean,With sensors,64.15818786621094,,49.13711166381836,,0.03069273568689823,
Historical mean,Without sensors,657.9668579101562,,601.8310546875,,0.5241755247116089,
LSTM,Link flow total,247.80099487304688,3.4647330923107185,91.61753336588542,1.629872219558346,0.07802327225605647,0.0007714487379079164
LSTM,With sensors,16.775940259297688,0.7840612443325915,12.836864789326986,0.6548866122586753,0.008214799221605062,0.0004340137387979892
LSTM,Without sensors,681.7766927083334,9.622875710197404,611.5699259440104,12.050009187164177,0.5387592116991679,0.007343776648473169
