S,type,n_seeds,seeds,RMSE_mean,RMSE_sd,RMSE,MAE_mean,MAE_sd,MAE,MAPE_mean,MAPE_sd,MAPE,old_RMSE,old_MAE,old_MAPE
1,Link flow (with sensors),3,42/43/44,171.22000376383463,59.55348727491454,171.22 ± 59.55,127.44666290283203,43.467564940744616,127.45 ± 43.47,7.576666648189227,2.420007040158317,7.58 ± 2.42,972.46,772.92,15.83
1,Link flow (without sensors),3,42/43/44,248.39666239420572,58.28868329724862,248.40 ± 58.29,170.55333455403647,42.96639241460781,170.55 ± 42.97,10.070000092188517,2.418511844867055,10.07 ± 2.42,1190.59,994.7,20.64
1,Link flow (total),3,42/43/44,184.15333302815756,55.0026326831199,184.15 ± 55.00,133.12000020345053,41.759863041474276,133.12 ± 41.76,7.906666770577431,2.324098504676969,7.91 ± 2.32,1003.87,802.1,16.46
1,OD demand,3,42/43/44,71.50666666666667,16.893908172277172,71.51 ± 16.89,52.169999999999995,12.947242949755752,52.17 ± 12.95,17.69666666666667,4.537117293318889,17.70 ± 4.54,233.16,169.91,17.1
2,Link flow (with sensors),3,42/43/44,150.74666595458984,51.030956640330004,150.75 ± 51.03,116.50333150227864,38.97706872301478,116.50 ± 38.98,6.773333375652631,2.0758694806431555,6.77 ± 2.08,814.06,639.31,12.8
2,Link flow (without sensors),3,42/43/44,203.31666564941406,65.58642305739298,203.32 ± 65.59,152.13999684651694,49.5437896200007,152.14 ± 49.54,9.270000209410986,2.852858451864313,9.27 ± 2.85,1341.57,1078.78,22.25
2,Link flow (total),3,42/43/44,158.73666636149088,52.81979301310015,158.74 ± 52.82,121.19333394368489,40.286538296051724,121.19 ± 40.29,7.100000108281772,2.175385153662367,7.10 ± 2.18,901.29,697.13,14.05
2,OD demand,3,42/43/44,55.45000000000001,8.098907333708667,55.45 ± 8.10,42.47666666666667,5.891963453156626,42.48 ± 5.89,14.333333333333334,1.8682701446346912,14.33 ± 1.87,246.54,180.68,18.38
3,Link flow (with sensors),3,42/43/44,119.20333607991536,34.71167852844971,119.20 ± 34.71,88.77333577473958,21.66590582213421,88.77 ± 21.67,5.363333473602931,1.3540434867039997,5.36 ± 1.35,659.97,518.16,10.44
3,Link flow (without sensors),3,42/43/44,143.37000274658203,29.960849029214835,143.37 ± 29.96,108.16333262125652,17.509957543392044,108.16 ± 17.51,7.190000141660373,1.1265435322211106,7.19 ± 1.13,1046.26,843.15,17.84
3,Link flow (total),3,42/43/44,122.7066650390625,33.857687719037635,122.71 ± 33.86,91.32666778564453,21.05334167423935,91.33 ± 21.05,5.60666670401891,1.3268133288330677,5.61 ± 1.33,722.69,560.93,11.42
3,OD demand,3,42/43/44,61.70666666666667,4.654861258226001,61.71 ± 4.65,46.30666666666667,2.747077234686593,46.31 ± 2.75,15.896666666666667,1.0531065156636978,15.90 ± 1.05,220.63,159.34,16.46
4,Link flow (with sensors),3,42/43/44,107.20666758219402,10.72609054728534,107.21 ± 10.73,82.25999959309895,10.671801601853685,82.26 ± 10.67,5.11333333949248,0.8792230946189626,5.11 ± 0.88,621.27,489.22,9.87
4,Link flow (without sensors),3,42/43/44,182.2699991861979,44.348352487887475,182.27 ± 44.35,139.22999827067056,34.21500622620083,139.23 ± 34.22,9.590000162521997,2.915012875623798,9.59 ± 2.92,1009.18,871.15,17.78
4,Link flow (total),3,42/43/44,120.03666432698567,16.574876132324444,120.04 ± 16.57,89.75333404541016,13.362754361317236,89.75 ± 13.36,5.703333268562953,1.1235805799550296,5.70 ± 1.12,684.98,539.47,10.91
4,OD demand,3,42/43/44,78.13333333333334,24.87511675014478,78.13 ± 24.88,58.073333333333345,18.248288504222344,58.07 ± 18.25,19.403333333333332,6.007964158792338,19.40 ± 6.01,342.53,249.43,25.73
5,Link flow (with sensors),3,42/43/44,91.42333475748698,11.889670620551783,91.42 ± 11.89,69.74666595458984,8.363575200698726,69.75 ± 8.36,4.2766666660706205,0.5589572662792948,4.28 ± 0.56,551.61,435.67,8.99
5,Link flow (without sensors),3,42/43/44,144.39666493733725,46.14408726705383,144.40 ± 46.14,109.70333353678386,32.64351841961939,109.70 ± 32.64,7.283333316445351,1.9524431000331248,7.28 ± 1.95,1081.43,863.87,17.84
5,Link flow (total),3,42/43/44,100.31000010172527,17.664282808362053,100.31 ± 17.66,75.00333404541016,11.138802035357351,75.00 ± 11.14,4.666666686534882,0.710093799936685,4.67 ± 0.71,646.62,492.01,10.15
5,OD demand,3,42/43/44,60.51666666666667,23.154702186237103,60.52 ± 23.15,44.846666666666664,15.774020835961052,44.85 ± 15.77,15.226666666666667,5.13920551577122,15.23 ± 5.14,261.33,204.58,21.25
