S,seed,train_sensor_MAPE,theta_fused_median,MAPE Link flow (total),MAPE Link flow (with sensors),MAPE Link flow (without sensors),MAPE OD demand,used_for_figures
1,42,7.4362605810165405,0.1758032888174057,8.250000327825546,8.219999819993973,8.449999988079071,17.990000000000002,False
1,43,4.969584196805954,0.18668502569198608,5.429999902844429,4.899999871850014,8.910000324249268,13.020000000000001,True
1,44,9.756439179182053,0.13855233788490295,10.040000081062317,9.610000252723694,12.849999964237213,22.08,False
2,42,5.447836592793465,0.17380593717098236,5.75999990105629,5.539999902248383,7.230000197887421,13.3,True
2,43,5.579936131834984,0.21739108860492706,5.9300001710653305,5.609999969601631,8.049999922513962,13.209999999999999,False
2,44,9.561797976493835,0.16735300421714783,9.610000252723694,9.17000025510788,12.530000507831573,16.49,False
3,42,4.802915453910828,0.16229237616062164,5.330000072717667,5.070000141859055,7.0500001311302185,14.74,False
3,43,6.920052319765091,0.1579122543334961,7.0500001311302185,6.840000301599503,8.380000293254852,16.150000000000002,False
3,44,3.9329521358013153,0.18136081099510193,4.439999908208847,4.179999977350235,6.1400000005960464,16.8,True
4,42,5.939006805419922,0.16964970529079437,6.509999930858612,5.849999934434891,10.830000042915344,22.36,False
4,43,5.222964659333229,0.15635745227336884,6.179999932646751,5.350000038743019,11.680000275373459,23.36,False
4,44,4.146593436598778,0.1764194369316101,4.419999942183495,4.14000004529953,6.260000169277191,12.49,True
5,42,4.146580398082733,0.17471376061439514,4.679999873042107,4.419999942183495,6.40999972820282,12.35,False
5,43,3.5165760666131973,0.16460677981376648,3.9500001817941666,3.660000115633011,5.920000001788139,12.17,True
5,44,4.4938500970602036,0.1584445685148239,5.370000004768372,4.749999940395355,9.520000219345093,21.16,False
