training,S,MAPE Link flow (with sensors),RMSE Link flow (with sensors),MAPE Link flow (without sensors),RMSE Link flow (without sensors),MAPE Link flow (total),RMSE Link flow (total),MAPE OD demand,RMSE OD demand,train_sensor_MAPE,theta_fused_median,seconds
joint,1,8.219999819993973,186.32000732421875,8.449999988079071,209.9199981689453,8.250000327825546,189.60000610351562,17.990000000000002,77.38,7.4362605810165405,0.1758032888174057,69.07481741905212
joint,2,5.539999902248383,120.8499984741211,7.230000197887421,149.66000366210938,5.75999990105629,125.0199966430664,13.3,51.56,5.447836592793465,0.17380593717098236,184.34161925315857
joint,3,5.070000141859055,110.87999725341797,7.0500001311302185,143.11000061035156,5.330000072717667,115.63999938964844,14.74,57.76,4.802915453910828,0.16229237616062164,273.74842643737793
joint,4,5.849999934434891,112.80000305175781,10.830000042915344,176.0500030517578,6.509999930858612,123.0,22.36,90.6,5.939006805419922,0.16964970529079437,420.3835368156433
joint,5,4.419999942183495,93.01000213623047,6.40999972820282,120.47000122070312,4.679999873042107,97.06999969482422,12.35,46.78,4.146580398082733,0.17471376061439514,522.5172545909882
blockwise,1,5.2400000393390656,111.5199966430664,8.659999817609787,217.47999572753906,5.689999833703041,130.47000122070312,16.45,63.17,5.189678817987442,0.1680007129907608,63.26732802391052
blockwise,2,7.169999927282333,158.13999938964844,8.799999952316284,183.41000366210938,7.379999756813049,161.69000244140625,13.26,58.14,7.145152240991592,0.3055095076560974,149.94523072242737
blockwise,3,6.780000030994415,147.4499969482422,8.340000361204147,179.6699981689453,6.97999969124794,152.0800018310547,8.799999999999999,38.78,6.7320093512535095,0.26612523198127747,232.29663157463074
blockwise,4,7.400000095367432,142.72999572753906,10.610000044107437,171.8800048828125,7.8199997544288635,146.89999389648438,12.98,50.1,7.282489538192749,0.22788365185260773,362.90697503089905
blockwise,5,7.639999687671661,168.5800018310547,11.270000040531158,230.64999389648438,8.12000036239624,177.99000549316406,11.66,47.27,7.633844763040543,0.22914208471775055,449.5340120792389
