timing_phase_id,timing_plan_id,signal_phase_num,min_green,max_green,extension,clearance,walk_time,ped_clearance,ring,barrier,position
1,1,1,91,0,,3,,,1,1,
2,1,2,3,3,,3,,,1,1,
3,1,3,6,0,,3,,,1,1,
4,1,4,3,3,,3,,,1,1,
5,1,5,74,0,,3,,,1,1,
6,1,6,3,3,,3,,,1,1,
7,2,1,85,0,,3,,,1,1,
8,2,2,3,3,,3,,,1,1,
9,2,3,64,0,,3,,,1,1,
10,2,4,3,3,,3,,,1,1,
11,2,5,22,0,,3,,,1,1,
12,2,6,3,3,,3,,,1,1,
13,3,1,80,0,,3,,,1,1,
14,3,2,3,3,,3,,,1,1,
15,3,3,71,0,,3,,,1,1,
16,3,4,3,3,,3,,,1,1,
17,3,5,19,0,,3,,,1,1,
18,3,6,3,3,,3,,,1,1,
19,4,1,58,0,,3,,,1,1,
20,4,2,3,3,,3,,,1,1,
21,4,3,6,0,,3,,,1,1,
22,4,4,3,3,,3,,,1,1,
23,4,5,50,0,,3,,,1,1,
24,4,6,3,3,,3,,,1,1,
25,4,7,45,0,,3,,,1,1,
26,4,8,3,3,,3,,,1,1,
27,4,9,6,0,,3,,,1,1,
28,4,10,3,3,,3,,,1,1,
29,5,1,98,0,,3,,,1,1,
30,5,2,3,3,,3,,,1,1,
31,5,3,67,0,,3,,,1,1,
32,5,4,3,3,,3,,,1,1,
33,5,5,6,0,,3,,,1,1,
34,5,6,3,3,,3,,,1,1,
35,6,1,68,0,,3,,,1,1,
36,6,2,3,3,,3,,,1,1,
37,6,3,59,0,,3,,,1,1,
38,6,4,3,3,,3,,,1,1,
39,6,5,25,0,,3,,,1,1,
40,6,6,3,3,,3,,,1,1,
41,6,7,7,0,,3,,,1,1,
42,6,8,3,3,,3,,,1,1,
43,6,9,6,0,,3,,,1,1,
44,6,10,3,3,,3,,,1,1,
45,7,1,27,0,,3,,,1,1,
46,7,2,3,3,,3,,,1,1,
47,7,3,12,0,,3,,,1,1,
48,7,4,3,3,,3,,,1,1,
49,7,5,12,0,,3,,,1,1,
50,7,6,3,3,,3,,,1,1,
51,8,1,52,0,,3,,,1,1,
52,8,2,3,3,,3,,,1,1,
53,8,3,31,0,,3,,,1,1,
54,8,4,3,3,,3,,,1,1,
55,8,5,51,0,,3,,,1,1,
56,8,6,3,3,,3,,,1,1,
57,8,7,35,0,,3,,,1,1,
58,8,8,3,3,,3,,,1,1,
59,9,1,63,0,,3,,,1,1,
60,9,2,3,3,,3,,,1,1,
61,9,3,44,0,,3,,,1,1,
62,9,4,3,3,,3,,,1,1,
63,9,5,33,0,,3,,,1,1,
64,9,6,3,3,,3,,,1,1,
65,9,7,29,0,,3,,,1,1,
66,9,8,3,3,,3,,,1,1,
67,10,1,56,0,,3,,,1,1,
68,10,2,3,3,,3,,,1,1,
69,10,3,17,0,,3,,,1,1,
70,10,4,3,3,,3,,,1,1,
71,10,5,50,0,,3,,,1,1,
72,10,6,3,3,,3,,,1,1,
73,10,7,45,0,,3,,,1,1,
74,10,8,3,3,,3,,,1,1,
75,11,1,52,0,,3,,,1,1,
76,11,2,3,3,,3,,,1,1,
77,11,3,10,0,,3,,,1,1,
78,11,4,3,3,,3,,,1,1,
79,11,5,36,0,,3,,,1,1,
80,11,6,3,3,,3,,,1,1,
81,11,7,36,0,,3,,,1,1,
82,11,8,3,3,,3,,,1,1,
83,11,9,31,0,,3,,,1,1,
84,11,10,3,3,,3,,,1,1,
85,12,1,30,0,,3,,,1,1,
86,12,2,3,3,,3,,,1,1,
87,12,3,20,0,,3,,,1,1,
88,12,4,3,3,,3,,,1,1,
89,12,5,6,0,,3,,,1,1,
90,12,6,3,3,,3,,,1,1,
91,13,1,57,0,,3,,,1,1,
92,13,2,3,3,,3,,,1,1,
93,13,3,45,0,,3,,,1,1,
94,13,4,3,3,,3,,,1,1,
95,13,5,48,0,,3,,,1,1,
96,13,6,3,3,,3,,,1,1,
97,13,7,19,0,,3,,,1,1,
98,13,8,3,3,,3,,,1,1,
99,14,1,64,0,,3,,,1,1,
100,14,2,3,3,,3,,,1,1,
101,14,3,40,0,,3,,,1,1,
102,14,4,3,3,,3,,,1,1,
103,14,5,58,0,,3,,,1,1,
104,14,6,3,3,,3,,,1,1,
105,14,7,6,0,,3,,,1,1,
106,14,8,3,3,,3,,,1,1,
107,15,1,115,0,,3,,,1,1,
108,15,2,3,3,,3,,,1,1,
109,15,3,34,0,,3,,,1,1,
110,15,4,3,3,,3,,,1,1,
111,15,5,22,0,,3,,,1,1,
112,15,6,3,3,,3,,,1,1,
113,16,1,27,0,,3,,,1,1,
114,16,2,3,3,,3,,,1,1,
115,16,3,13,0,,3,,,1,1,
116,16,4,3,3,,3,,,1,1,
117,16,5,11,0,,3,,,1,1,
118,16,6,3,3,,3,,,1,1,
119,17,1,93,0,,3,,,1,1,
120,17,2,3,3,,3,,,1,1,
121,17,3,31,0,,3,,,1,1,
122,17,4,3,3,,3,,,1,1,
123,17,5,47,0,,3,,,1,1,
124,17,6,3,3,,3,,,1,1,
125,18,1,108,0,,3,,,1,1,
126,18,2,3,3,,3,,,1,1,
127,18,3,12,0,,3,,,1,1,
128,18,4,3,3,,3,,,1,1,
129,18,5,51,0,,3,,,1,1,
130,18,6,3,3,,3,,,1,1,
131,19,1,49,0,,3,,,1,1,
132,19,2,3,3,,3,,,1,1,
133,19,3,48,0,,3,,,1,1,
134,19,4,3,3,,3,,,1,1,
135,19,5,46,0,,3,,,1,1,
136,19,6,3,3,,3,,,1,1,
137,19,7,26,0,,3,,,1,1,
138,19,8,3,3,,3,,,1,1,
139,20,1,85,0,,3,,,1,1,
140,20,2,3,3,,3,,,1,1,
141,20,3,13,0,,3,,,1,1,
142,20,4,3,3,,3,,,1,1,
143,20,5,36,0,,3,,,1,1,
144,20,6,3,3,,3,,,1,1,
145,20,7,33,0,,3,,,1,1,
146,20,8,3,3,,3,,,1,1,
147,21,1,67,0,,3,,,1,1,
148,21,2,3,3,,3,,,1,1,
149,21,3,48,0,,3,,,1,1,
150,21,4,3,3,,3,,,1,1,
151,21,5,35,0,,3,,,1,1,
152,21,6,3,3,,3,,,1,1,
153,21,7,17,0,,3,,,1,1,
154,21,8,3,3,,3,,,1,1,
155,22,1,43,0,,3,,,1,1,
156,22,2,3,3,,3,,,1,1,
157,22,3,41,0,,3,,,1,1,
158,22,4,3,3,,3,,,1,1,
159,22,5,36,0,,3,,,1,1,
160,22,6,3,3,,3,,,1,1,
161,22,7,39,0,,3,,,1,1,
162,22,8,3,3,,3,,,1,1,
163,22,9,6,0,,3,,,1,1,
164,22,10,3,3,,3,,,1,1,
165,23,1,124,0,,3,,,1,1,
166,23,2,3,3,,3,,,1,1,
167,23,3,41,0,,3,,,1,1,
168,23,4,3,3,,3,,,1,1,
169,23,5,6,0,,3,,,1,1,
170,23,6,3,3,,3,,,1,1,
171,24,1,73,0,,3,,,1,1,
172,24,2,3,3,,3,,,1,1,
173,24,3,65,0,,3,,,1,1,
174,24,4,3,3,,3,,,1,1,
175,24,5,8,0,,3,,,1,1,
176,24,6,3,3,,3,,,1,1,
177,24,7,14,0,,3,,,1,1,
178,24,8,3,3,,3,,,1,1,
179,24,9,6,0,,3,,,1,1,
180,24,10,3,3,,3,,,1,1,
181,25,1,77,0,,3,,,1,1,
182,25,2,3,3,,3,,,1,1,
183,25,3,47,0,,3,,,1,1,
184,25,4,3,3,,3,,,1,1,
185,25,5,38,0,,3,,,1,1,
186,25,6,3,3,,3,,,1,1,
187,25,7,6,0,,3,,,1,1,
188,25,8,3,3,,3,,,1,1,
189,26,1,41,0,,3,,,1,1,
190,26,2,3,3,,3,,,1,1,
191,26,3,6,0,,3,,,1,1,
192,26,4,3,3,,3,,,1,1,
193,26,5,6,0,,3,,,1,1,
194,26,6,3,3,,3,,,1,1,
195,27,1,61,0,,3,,,1,1,
196,27,2,3,3,,3,,,1,1,
197,27,3,45,0,,3,,,1,1,
198,27,4,3,3,,3,,,1,1,
199,27,5,20,0,,3,,,1,1,
200,27,6,3,3,,3,,,1,1,
201,27,7,33,0,,3,,,1,1,
202,27,8,3,3,,3,,,1,1,
203,27,9,6,0,,3,,,1,1,
204,27,10,3,3,,3,,,1,1,
205,28,1,99,0,,3,,,1,1,
206,28,2,3,3,,3,,,1,1,
207,28,3,59,0,,3,,,1,1,
208,28,4,3,3,,3,,,1,1,
209,28,5,13,0,,3,,,1,1,
210,28,6,3,3,,3,,,1,1,
211,29,1,92,0,,3,,,1,1,
212,29,2,3,3,,3,,,1,1,
213,29,3,37,0,,3,,,1,1,
214,29,4,3,3,,3,,,1,1,
215,29,5,31,0,,3,,,1,1,
216,29,6,3,3,,3,,,1,1,
217,29,7,8,0,,3,,,1,1,
218,29,8,3,3,,3,,,1,1,
219,30,1,62,0,,3,,,1,1,
220,30,2,3,3,,3,,,1,1,
221,30,3,44,0,,3,,,1,1,
222,30,4,3,3,,3,,,1,1,
223,30,5,25,0,,3,,,1,1,
224,30,6,3,3,,3,,,1,1,
225,30,7,28,0,,3,,,1,1,
226,30,8,3,3,,3,,,1,1,
227,30,9,6,0,,3,,,1,1,
228,30,10,3,3,,3,,,1,1,
229,31,1,74,0,,3,,,1,1,
230,31,2,3,3,,3,,,1,1,
231,31,3,68,0,,3,,,1,1,
232,31,4,3,3,,3,,,1,1,
233,31,5,29,0,,3,,,1,1,
234,31,6,3,3,,3,,,1,1,
235,32,1,63,0,,3,,,1,1,
236,32,2,3,3,,3,,,1,1,
237,32,3,26,0,,3,,,1,1,
238,32,4,3,3,,3,,,1,1,
239,32,5,49,0,,3,,,1,1,
240,32,6,3,3,,3,,,1,1,
241,32,7,30,0,,3,,,1,1,
242,32,8,3,3,,3,,,1,1,
243,33,1,159,0,,3,,,1,1,
244,33,2,3,3,,3,,,1,1,
245,33,3,6,0,,3,,,1,1,
246,33,4,3,3,,3,,,1,1,
247,33,5,6,0,,3,,,1,1,
248,33,6,3,3,,3,,,1,1,
249,34,1,18,0,,3,,,1,1,
250,34,2,3,3,,3,,,1,1,
251,34,3,24,0,,3,,,1,1,
252,34,4,3,3,,3,,,1,1,
253,34,5,16,0,,3,,,1,1,
254,34,6,3,3,,3,,,1,1,
255,34,7,6,0,,3,,,1,1,
256,34,8,3,3,,3,,,1,1,
257,34,9,8,0,,3,,,1,1,
258,34,10,3,3,,3,,,1,1,
259,35,1,76,0,,3,,,1,1,
260,35,2,3,3,,3,,,1,1,
261,35,3,25,0,,3,,,1,1,
262,35,4,3,3,,3,,,1,1,
263,35,5,18,0,,3,,,1,1,
264,35,6,3,3,,3,,,1,1,
265,35,7,28,0,,3,,,1,1,
266,35,8,3,3,,3,,,1,1,
267,35,9,18,0,,3,,,1,1,
268,35,10,3,3,,3,,,1,1,
269,36,1,71,0,,3,,,1,1,
270,36,2,3,3,,3,,,1,1,
271,36,3,40,0,,3,,,1,1,
272,36,4,3,3,,3,,,1,1,
273,36,5,51,0,,3,,,1,1,
274,36,6,3,3,,3,,,1,1,
275,36,7,6,0,,3,,,1,1,
276,36,8,3,3,,3,,,1,1,
277,37,1,61,0,,3,,,1,1,
278,37,2,3,3,,3,,,1,1,
279,37,3,50,0,,3,,,1,1,
280,37,4,3,3,,3,,,1,1,
281,37,5,41,0,,3,,,1,1,
282,37,6,3,3,,3,,,1,1,
283,37,7,16,0,,3,,,1,1,
284,37,8,3,3,,3,,,1,1,
285,38,1,83,0,,3,,,1,1,
286,38,2,3,3,,3,,,1,1,
287,38,3,55,0,,3,,,1,1,
288,38,4,3,3,,3,,,1,1,
289,38,5,33,0,,3,,,1,1,
290,38,6,3,3,,3,,,1,1,
291,39,1,65,0,,3,,,1,1,
292,39,2,3,3,,3,,,1,1,
293,39,3,24,0,,3,,,1,1,
294,39,4,3,3,,3,,,1,1,
295,39,5,58,0,,3,,,1,1,
296,39,6,3,3,,3,,,1,1,
297,39,7,20,0,,3,,,1,1,
298,39,8,3,3,,3,,,1,1,
299,40,1,56,0,,3,,,1,1,
300,40,2,3,3,,3,,,1,1,
301,40,3,44,0,,3,,,1,1,
302,40,4,3,3,,3,,,1,1,
303,40,5,42,0,,3,,,1,1,
304,40,6,3,3,,3,,,1,1,
305,40,7,26,0,,3,,,1,1,
306,40,8,3,3,,3,,,1,1,
307,41,1,68,0,,3,,,1,1,
308,41,2,3,3,,3,,,1,1,
309,41,3,39,0,,3,,,1,1,
310,41,4,3,3,,3,,,1,1,
311,41,5,63,0,,3,,,1,1,
312,41,6,3,3,,3,,,1,1,
313,42,1,29,0,,3,,,1,1,
314,42,2,3,3,,3,,,1,1,
315,42,3,12,0,,3,,,1,1,
316,42,4,3,3,,3,,,1,1,
317,42,5,6,0,,3,,,1,1,
318,42,6,3,3,,3,,,1,1,
319,42,7,6,0,,3,,,1,1,
320,42,8,3,3,,3,,,1,1,
321,43,1,51,0,,3,,,1,1,
322,43,2,3,3,,3,,,1,1,
323,43,3,6,0,,3,,,1,1,
324,43,4,3,3,,3,,,1,1,
325,44,1,58,0,,3,,,1,1,
326,44,2,3,3,,3,,,1,1,
327,44,3,16,0,,3,,,1,1,
328,44,4,3,3,,3,,,1,1,
329,44,5,49,0,,3,,,1,1,
330,44,6,3,3,,3,,,1,1,
331,44,7,45,0,,3,,,1,1,
332,44,8,3,3,,3,,,1,1,
333,45,1,159,0,,3,,,1,1,
334,45,2,3,3,,3,,,1,1,
335,45,3,6,0,,3,,,1,1,
336,45,4,3,3,,3,,,1,1,
337,45,5,6,0,,3,,,1,1,
338,45,6,3,3,,3,,,1,1,
339,46,1,93,0,,3,,,1,1,
340,46,2,3,3,,3,,,1,1,
341,46,3,72,0,,3,,,1,1,
342,46,4,3,3,,3,,,1,1,
343,46,5,6,0,,3,,,1,1,
344,46,6,3,3,,3,,,1,1,
345,47,1,86,0,,3,,,1,1,
346,47,2,3,3,,3,,,1,1,
347,47,3,34,0,,3,,,1,1,
348,47,4,3,3,,3,,,1,1,
349,47,5,31,0,,3,,,1,1,
350,47,6,3,3,,3,,,1,1,
351,47,7,18,0,,3,,,1,1,
352,47,8,3,3,,3,,,1,1,
353,48,1,52,0,,3,,,1,1,
354,48,2,3,3,,3,,,1,1,
355,48,3,40,0,,3,,,1,1,
356,48,4,3,3,,3,,,1,1,
357,48,5,38,0,,3,,,1,1,
358,48,6,3,3,,3,,,1,1,
359,48,7,28,0,,3,,,1,1,
360,48,8,3,3,,3,,,1,1,
361,48,9,7,0,,3,,,1,1,
362,48,10,3,3,,3,,,1,1,
363,49,1,59,0,,3,,,1,1,
364,49,2,3,3,,3,,,1,1,
365,49,3,54,0,,3,,,1,1,
366,49,4,3,3,,3,,,1,1,
367,49,5,26,0,,3,,,1,1,
368,49,6,3,3,,3,,,1,1,
369,49,7,29,0,,3,,,1,1,
370,49,8,3,3,,3,,,1,1,
371,50,1,50,0,,3,,,1,1,
372,50,2,3,3,,3,,,1,1,
373,50,3,37,0,,3,,,1,1,
374,50,4,3,3,,3,,,1,1,
375,50,5,6,0,,3,,,1,1,
376,50,6,3,3,,3,,,1,1,
377,51,1,156,0,,3,,,1,1,
378,51,2,3,3,,3,,,1,1,
379,51,3,9,0,,3,,,1,1,
380,51,4,3,3,,3,,,1,1,
381,51,5,6,0,,3,,,1,1,
382,51,6,3,3,,3,,,1,1,
383,52,1,13,0,,3,,,1,1,
384,52,2,3,3,,3,,,1,1,
385,52,3,20,0,,3,,,1,1,
386,52,4,3,3,,3,,,1,1,
387,52,5,29,0,,3,,,1,1,
388,52,6,3,3,,3,,,1,1,
389,52,7,9,0,,3,,,1,1,
390,52,8,3,3,,3,,,1,1,
391,52,9,32,0,,3,,,1,1,
392,52,10,3,3,,3,,,1,1,
393,53,1,40,0,,3,,,1,1,
394,53,2,3,3,,3,,,1,1,
395,53,3,37,0,,3,,,1,1,
396,53,4,3,3,,3,,,1,1,
397,53,5,67,0,,3,,,1,1,
398,53,6,3,3,,3,,,1,1,
399,53,7,24,0,,3,,,1,1,
400,53,8,3,3,,3,,,1,1,
401,54,1,78,0,,3,,,1,1,
402,54,2,3,3,,3,,,1,1,
403,54,3,51,0,,3,,,1,1,
404,54,4,3,3,,3,,,1,1,
405,54,5,42,0,,3,,,1,1,
406,54,6,3,3,,3,,,1,1,
407,55,1,70,0,,3,,,1,1,
408,55,2,3,3,,3,,,1,1,
409,55,3,32,0,,3,,,1,1,
410,55,4,3,3,,3,,,1,1,
411,55,5,34,0,,3,,,1,1,
412,55,6,3,3,,3,,,1,1,
413,55,7,32,0,,3,,,1,1,
414,55,8,3,3,,3,,,1,1,
415,56,1,92,0,,3,,,1,1,
416,56,2,3,3,,3,,,1,1,
417,56,3,55,0,,3,,,1,1,
418,56,4,3,3,,3,,,1,1,
419,56,5,23,0,,3,,,1,1,
420,56,6,3,3,,3,,,1,1,
421,57,1,70,0,,3,,,1,1,
422,57,2,3,3,,3,,,1,1,
423,57,3,48,0,,3,,,1,1,
424,57,4,3,3,,3,,,1,1,
425,57,5,6,0,,3,,,1,1,
426,57,6,3,3,,3,,,1,1,
427,57,7,43,0,,3,,,1,1,
428,57,8,3,3,,3,,,1,1,
429,58,1,24,0,,3,,,1,1,
430,58,2,3,3,,3,,,1,1,
431,58,3,23,0,,3,,,1,1,
432,58,4,3,3,,3,,,1,1,
433,58,5,6,0,,3,,,1,1,
434,58,6,3,3,,3,,,1,1,
435,59,1,42,0,,3,,,1,1,
436,59,2,3,3,,3,,,1,1,
437,59,3,7,0,,3,,,1,1,
438,59,4,3,3,,3,,,1,1,
439,59,5,6,0,,3,,,1,1,
440,59,6,3,3,,3,,,1,1,
441,60,1,87,0,,3,,,1,1,
442,60,2,3,3,,3,,,1,1,
443,60,3,44,0,,3,,,1,1,
444,60,4,3,3,,3,,,1,1,
445,60,5,40,0,,3,,,1,1,
446,60,6,3,3,,3,,,1,1,
447,61,1,56,0,,3,,,1,1,
448,61,2,3,3,,3,,,1,1,
449,61,3,55,0,,3,,,1,1,
450,61,4,3,3,,3,,,1,1,
451,61,5,32,0,,3,,,1,1,
452,61,6,3,3,,3,,,1,1,
453,61,7,26,0,,3,,,1,1,
454,61,8,3,3,,3,,,1,1,
455,62,1,66,0,,3,,,1,1,
456,62,2,3,3,,3,,,1,1,
457,62,3,56,0,,3,,,1,1,
458,62,4,3,3,,3,,,1,1,
459,62,5,48,0,,3,,,1,1,
460,62,6,3,3,,3,,,1,1,
461,63,1,66,0,,3,,,1,1,
462,63,2,3,3,,3,,,1,1,
463,63,3,58,0,,3,,,1,1,
464,63,4,3,3,,3,,,1,1,
465,63,5,47,0,,3,,,1,1,
466,63,6,3,3,,3,,,1,1,
467,64,1,81,0,,3,,,1,1,
468,64,2,3,3,,3,,,1,1,
469,64,3,11,0,,3,,,1,1,
470,64,4,3,3,,3,,,1,1,
471,64,5,53,0,,3,,,1,1,
472,64,6,3,3,,3,,,1,1,
473,64,7,24,0,,3,,,1,1,
474,64,8,3,3,,3,,,1,1,
475,65,1,8,0,,3,,,1,1,
476,65,2,3,3,,3,,,1,1,
477,65,3,46,0,,3,,,1,1,
478,65,4,3,3,,3,,,1,1,
479,65,5,55,0,,3,,,1,1,
480,65,6,3,3,,3,,,1,1,
481,65,7,28,0,,3,,,1,1,
482,65,8,3,3,,3,,,1,1,
483,65,9,28,0,,3,,,1,1,
484,65,10,3,3,,3,,,1,1,
485,66,1,108,0,,3,,,1,1,
486,66,2,3,3,,3,,,1,1,
487,66,3,6,0,,3,,,1,1,
488,66,4,3,3,,3,,,1,1,
489,66,5,41,0,,3,,,1,1,
490,66,6,3,3,,3,,,1,1,
491,66,7,13,0,,3,,,1,1,
492,66,8,3,3,,3,,,1,1,
493,67,1,85,0,,3,,,1,1,
494,67,2,3,3,,3,,,1,1,
495,67,3,75,0,,3,,,1,1,
496,67,4,3,3,,3,,,1,1,
497,67,5,11,0,,3,,,1,1,
498,67,6,3,3,,3,,,1,1,
499,68,1,20,0,,3,,,1,1,
500,68,2,3,3,,3,,,1,1,
501,68,3,72,0,,3,,,1,1,
502,68,4,3,3,,3,,,1,1,
503,68,5,59,0,,3,,,1,1,
504,68,6,3,3,,3,,,1,1,
505,68,7,8,0,,3,,,1,1,
506,68,8,3,3,,3,,,1,1,
507,68,9,6,0,,3,,,1,1,
508,68,10,3,3,,3,,,1,1,
509,69,1,81,0,,3,,,1,1,
510,69,2,3,3,,3,,,1,1,
511,69,3,65,0,,3,,,1,1,
512,69,4,3,3,,3,,,1,1,
513,69,5,25,0,,3,,,1,1,
514,69,6,3,3,,3,,,1,1,
515,70,1,68,0,,3,,,1,1,
516,70,2,3,3,,3,,,1,1,
517,70,3,61,0,,3,,,1,1,
518,70,4,3,3,,3,,,1,1,
519,70,5,42,0,,3,,,1,1,
520,70,6,3,3,,3,,,1,1,
521,71,1,66,0,,3,,,1,1,
522,71,2,3,3,,3,,,1,1,
523,71,3,42,0,,3,,,1,1,
524,71,4,3,3,,3,,,1,1,
525,71,5,35,0,,3,,,1,1,
526,71,6,3,3,,3,,,1,1,
527,71,7,25,0,,3,,,1,1,
528,71,8,3,3,,3,,,1,1,
529,72,1,96,0,,3,,,1,1,
530,72,2,3,3,,3,,,1,1,
531,72,3,6,0,,3,,,1,1,
532,72,4,3,3,,3,,,1,1,
533,72,5,57,0,,3,,,1,1,
534,72,6,3,3,,3,,,1,1,
535,72,7,10,0,,3,,,1,1,
536,72,8,3,3,,3,,,1,1,
537,73,1,96,0,,3,,,1,1,
538,73,2,3,3,,3,,,1,1,
539,73,3,58,0,,3,,,1,1,
540,73,4,3,3,,3,,,1,1,
541,73,5,16,0,,3,,,1,1,
542,73,6,3,3,,3,,,1,1,
543,74,1,71,0,,3,,,1,1,
544,74,2,3,3,,3,,,1,1,
545,74,3,50,0,,3,,,1,1,
546,74,4,3,3,,3,,,1,1,
547,74,5,36,0,,3,,,1,1,
548,74,6,3,3,,3,,,1,1,
549,74,7,11,0,,3,,,1,1,
550,74,8,3,3,,3,,,1,1,
551,75,1,106,0,,3,,,1,1,
552,75,2,3,3,,3,,,1,1,
553,75,3,35,0,,3,,,1,1,
554,75,4,3,3,,3,,,1,1,
555,75,5,30,0,,3,,,1,1,
556,75,6,3,3,,3,,,1,1,
557,76,1,64,0,,3,,,1,1,
558,76,2,3,3,,3,,,1,1,
559,76,3,63,0,,3,,,1,1,
560,76,4,3,3,,3,,,1,1,
561,76,5,44,0,,3,,,1,1,
562,76,6,3,3,,3,,,1,1,
563,77,1,85,0,,3,,,1,1,
564,77,2,3,3,,3,,,1,1,
565,77,3,33,0,,3,,,1,1,
566,77,4,3,3,,3,,,1,1,
567,77,5,53,0,,3,,,1,1,
568,77,6,3,3,,3,,,1,1,
569,78,1,72,0,,3,,,1,1,
570,78,2,3,3,,3,,,1,1,
571,78,3,6,0,,3,,,1,1,
572,78,4,3,3,,3,,,1,1,
573,78,5,20,0,,3,,,1,1,
574,78,6,3,3,,3,,,1,1,
575,79,1,93,0,,3,,,1,1,
576,79,2,3,3,,3,,,1,1,
577,79,3,28,0,,3,,,1,1,
578,79,4,3,3,,3,,,1,1,
579,79,5,36,0,,3,,,1,1,
580,79,6,3,3,,3,,,1,1,
581,79,7,11,0,,3,,,1,1,
582,79,8,3,3,,3,,,1,1,
583,80,1,105,0,,3,,,1,1,
584,80,2,3,3,,3,,,1,1,
585,80,3,60,0,,3,,,1,1,
586,80,4,3,3,,3,,,1,1,
587,80,5,6,0,,3,,,1,1,
588,80,6,3,3,,3,,,1,1,
589,81,1,84,0,,3,,,1,1,
590,81,2,3,3,,3,,,1,1,
591,81,3,63,0,,3,,,1,1,
592,81,4,3,3,,3,,,1,1,
593,81,5,15,0,,3,,,1,1,
594,81,6,3,3,,3,,,1,1,
595,81,7,6,0,,3,,,1,1,
596,81,8,3,3,,3,,,1,1,
597,82,1,72,0,,3,,,1,1,
598,82,2,3,3,,3,,,1,1,
599,82,3,33,0,,3,,,1,1,
600,82,4,3,3,,3,,,1,1,
601,82,5,26,0,,3,,,1,1,
602,82,6,3,3,,3,,,1,1,
603,82,7,19,0,,3,,,1,1,
604,82,8,3,3,,3,,,1,1,
605,82,9,15,0,,3,,,1,1,
606,82,10,3,3,,3,,,1,1,
607,83,1,87,0,,3,,,1,1,
608,83,2,3,3,,3,,,1,1,
609,83,3,78,0,,3,,,1,1,
610,83,4,3,3,,3,,,1,1,
611,83,5,6,0,,3,,,1,1,
612,83,6,3,3,,3,,,1,1,
613,84,1,73,0,,3,,,1,1,
614,84,2,3,3,,3,,,1,1,
615,84,3,31,0,,3,,,1,1,
616,84,4,3,3,,3,,,1,1,
617,84,5,51,0,,3,,,1,1,
618,84,6,3,3,,3,,,1,1,
619,84,7,13,0,,3,,,1,1,
620,84,8,3,3,,3,,,1,1,
621,85,1,116,0,,3,,,1,1,
622,85,2,3,3,,3,,,1,1,
623,85,3,49,0,,3,,,1,1,
624,85,4,3,3,,3,,,1,1,
625,85,5,6,0,,3,,,1,1,
626,85,6,3,3,,3,,,1,1,
627,86,1,57,0,,3,,,1,1,
628,86,2,3,3,,3,,,1,1,
629,86,3,46,0,,3,,,1,1,
630,86,4,3,3,,3,,,1,1,
631,86,5,35,0,,3,,,1,1,
632,86,6,3,3,,3,,,1,1,
633,86,7,30,0,,3,,,1,1,
634,86,8,3,3,,3,,,1,1,
635,87,1,89,0,,3,,,1,1,
636,87,2,3,3,,3,,,1,1,
637,87,3,16,0,,3,,,1,1,
638,87,4,3,3,,3,,,1,1,
639,87,5,43,0,,3,,,1,1,
640,87,6,3,3,,3,,,1,1,
641,87,7,20,0,,3,,,1,1,
642,87,8,3,3,,3,,,1,1,
643,88,1,44,0,,3,,,1,1,
644,88,2,3,3,,3,,,1,1,
645,88,3,37,0,,3,,,1,1,
646,88,4,3,3,,3,,,1,1,
647,88,5,36,0,,3,,,1,1,
648,88,6,3,3,,3,,,1,1,
649,88,7,42,0,,3,,,1,1,
650,88,8,3,3,,3,,,1,1,
651,88,9,6,0,,3,,,1,1,
652,88,10,3,3,,3,,,1,1,
653,89,1,27,0,,3,,,1,1,
654,89,2,3,3,,3,,,1,1,
655,89,3,43,0,,3,,,1,1,
656,89,4,3,3,,3,,,1,1,
657,89,5,18,0,,3,,,1,1,
658,89,6,3,3,,3,,,1,1,
659,89,7,16,0,,3,,,1,1,
660,89,8,3,3,,3,,,1,1,
661,89,9,61,0,,3,,,1,1,
662,89,10,3,3,,3,,,1,1,
663,90,1,54,0,,3,,,1,1,
664,90,2,3,3,,3,,,1,1,
665,90,3,6,0,,3,,,1,1,
666,90,4,3,3,,3,,,1,1,
667,90,5,20,0,,3,,,1,1,
668,90,6,3,3,,3,,,1,1,
669,90,7,48,0,,3,,,1,1,
670,90,8,3,3,,3,,,1,1,
671,90,9,37,0,,3,,,1,1,
672,90,10,3,3,,3,,,1,1,
673,91,1,82,0,,3,,,1,1,
674,91,2,3,3,,3,,,1,1,
675,91,3,46,0,,3,,,1,1,
676,91,4,3,3,,3,,,1,1,
677,91,5,43,0,,3,,,1,1,
678,91,6,3,3,,3,,,1,1,
679,92,1,80,0,,3,,,1,1,
680,92,2,3,3,,3,,,1,1,
681,92,3,44,0,,3,,,1,1,
682,92,4,3,3,,3,,,1,1,
683,92,5,27,0,,3,,,1,1,
684,92,6,3,3,,3,,,1,1,
685,92,7,17,0,,3,,,1,1,
686,92,8,3,3,,3,,,1,1,
687,93,1,83,0,,3,,,1,1,
688,93,2,3,3,,3,,,1,1,
689,93,3,43,0,,3,,,1,1,
690,93,4,3,3,,3,,,1,1,
691,93,5,36,0,,3,,,1,1,
692,93,6,3,3,,3,,,1,1,
693,93,7,6,0,,3,,,1,1,
694,93,8,3,3,,3,,,1,1,
695,94,1,67,0,,3,,,1,1,
696,94,2,3,3,,3,,,1,1,
697,94,3,30,0,,3,,,1,1,
698,94,4,3,3,,3,,,1,1,
699,94,5,40,0,,3,,,1,1,
700,94,6,3,3,,3,,,1,1,
701,94,7,30,0,,3,,,1,1,
702,94,8,3,3,,3,,,1,1,
703,95,1,62,0,,3,,,1,1,
704,95,2,3,3,,3,,,1,1,
705,95,3,49,0,,3,,,1,1,
706,95,4,3,3,,3,,,1,1,
707,95,5,33,0,,3,,,1,1,
708,95,6,3,3,,3,,,1,1,
709,95,7,24,0,,3,,,1,1,
710,95,8,3,3,,3,,,1,1,
711,96,1,78,0,,3,,,1,1,
712,96,2,3,3,,3,,,1,1,
713,96,3,57,0,,3,,,1,1,
714,96,4,3,3,,3,,,1,1,
715,96,5,37,0,,3,,,1,1,
716,96,6,3,3,,3,,,1,1,
717,97,1,88,0,,3,,,1,1,
718,97,2,3,3,,3,,,1,1,
719,97,3,48,0,,3,,,1,1,
720,97,4,3,3,,3,,,1,1,
721,97,5,35,0,,3,,,1,1,
722,97,6,3,3,,3,,,1,1,
723,98,1,76,0,,3,,,1,1,
724,98,2,3,3,,3,,,1,1,
725,98,3,65,0,,3,,,1,1,
726,98,4,3,3,,3,,,1,1,
727,98,5,21,0,,3,,,1,1,
728,98,6,3,3,,3,,,1,1,
729,98,7,6,0,,3,,,1,1,
730,98,8,3,3,,3,,,1,1,
731,99,1,77,0,,3,,,1,1,
732,99,2,3,3,,3,,,1,1,
733,99,3,51,0,,3,,,1,1,
734,99,4,3,3,,3,,,1,1,
735,99,5,43,0,,3,,,1,1,
736,99,6,3,3,,3,,,1,1,
737,100,1,74,0,,3,,,1,1,
738,100,2,3,3,,3,,,1,1,
739,100,3,33,0,,3,,,1,1,
740,100,4,3,3,,3,,,1,1,
741,100,5,32,0,,3,,,1,1,
742,100,6,3,3,,3,,,1,1,
743,100,7,29,0,,3,,,1,1,
744,100,8,3,3,,3,,,1,1,
745,101,1,55,0,,3,,,1,1,
746,101,2,3,3,,3,,,1,1,
747,101,3,45,0,,3,,,1,1,
748,101,4,3,3,,3,,,1,1,
749,101,5,24,0,,3,,,1,1,
750,101,6,3,3,,3,,,1,1,
751,101,7,33,0,,3,,,1,1,
752,101,8,3,3,,3,,,1,1,
753,101,9,9,0,,3,,,1,1,
754,101,10,3,3,,3,,,1,1,
755,102,1,97,0,,3,,,1,1,
756,102,2,3,3,,3,,,1,1,
757,102,3,65,0,,3,,,1,1,
758,102,4,3,3,,3,,,1,1,
759,102,5,9,0,,3,,,1,1,
760,102,6,3,3,,3,,,1,1,
761,103,1,65,0,,3,,,1,1,
762,103,2,3,3,,3,,,1,1,
763,103,3,16,0,,3,,,1,1,
764,103,4,3,3,,3,,,1,1,
765,103,5,41,0,,3,,,1,1,
766,103,6,3,3,,3,,,1,1,
767,103,7,8,0,,3,,,1,1,
768,103,8,3,3,,3,,,1,1,
769,103,9,35,0,,3,,,1,1,
770,103,10,3,3,,3,,,1,1,
771,104,1,60,0,,3,,,1,1,
772,104,2,3,3,,3,,,1,1,
773,104,3,58,0,,3,,,1,1,
774,104,4,3,3,,3,,,1,1,
775,104,5,44,0,,3,,,1,1,
776,104,6,3,3,,3,,,1,1,
777,104,7,6,0,,3,,,1,1,
778,104,8,3,3,,3,,,1,1,
779,105,1,68,0,,3,,,1,1,
780,105,2,3,3,,3,,,1,1,
781,105,3,27,0,,3,,,1,1,
782,105,4,3,3,,3,,,1,1,
783,105,5,12,0,,3,,,1,1,
784,105,6,3,3,,3,,,1,1,
785,105,7,23,0,,3,,,1,1,
786,105,8,3,3,,3,,,1,1,
787,105,9,33,0,,3,,,1,1,
788,105,10,3,3,,3,,,1,1,
789,106,1,78,0,,3,,,1,1,
790,106,2,3,3,,3,,,1,1,
791,106,3,38,0,,3,,,1,1,
792,106,4,3,3,,3,,,1,1,
793,106,5,33,0,,3,,,1,1,
794,106,6,3,3,,3,,,1,1,
795,106,7,19,0,,3,,,1,1,
796,106,8,3,3,,3,,,1,1,
797,107,1,56,0,,3,,,1,1,
798,107,2,3,3,,3,,,1,1,
799,107,3,47,0,,3,,,1,1,
800,107,4,3,3,,3,,,1,1,
801,107,5,31,0,,3,,,1,1,
802,107,6,3,3,,3,,,1,1,
803,107,7,34,0,,3,,,1,1,
804,107,8,3,3,,3,,,1,1,
805,108,1,13,0,,3,,,1,1,
806,108,2,3,3,,3,,,1,1,
807,108,3,61,0,,3,,,1,1,
808,108,4,3,3,,3,,,1,1,
809,108,5,63,0,,3,,,1,1,
810,108,6,3,3,,3,,,1,1,
811,108,7,21,0,,3,,,1,1,
812,108,8,3,3,,3,,,1,1,
813,108,9,6,0,,3,,,1,1,
814,108,10,3,3,,3,,,1,1,
815,109,1,73,0,,3,,,1,1,
816,109,2,3,3,,3,,,1,1,
817,109,3,21,0,,3,,,1,1,
818,109,4,3,3,,3,,,1,1,
819,109,5,68,0,,3,,,1,1,
820,109,6,3,3,,3,,,1,1,
821,109,7,6,0,,3,,,1,1,
822,109,8,3,3,,3,,,1,1,
823,110,1,61,0,,3,,,1,1,
824,110,2,3,3,,3,,,1,1,
825,110,3,55,0,,3,,,1,1,
826,110,4,3,3,,3,,,1,1,
827,110,5,42,0,,3,,,1,1,
828,110,6,3,3,,3,,,1,1,
829,110,7,11,0,,3,,,1,1,
830,110,8,3,3,,3,,,1,1,
831,111,1,63,0,,3,,,1,1,
832,111,2,3,3,,3,,,1,1,
833,111,3,55,0,,3,,,1,1,
834,111,4,3,3,,3,,,1,1,
835,111,5,26,0,,3,,,1,1,
836,111,6,3,3,,3,,,1,1,
837,111,7,25,0,,3,,,1,1,
838,111,8,3,3,,3,,,1,1,
839,112,1,65,0,,3,,,1,1,
840,112,2,3,3,,3,,,1,1,
841,112,3,46,0,,3,,,1,1,
842,112,4,3,3,,3,,,1,1,
843,112,5,33,0,,3,,,1,1,
844,112,6,3,3,,3,,,1,1,
845,112,7,23,0,,3,,,1,1,
846,112,8,3,3,,3,,,1,1,
847,113,1,73,0,,3,,,1,1,
848,113,2,3,3,,3,,,1,1,
849,113,3,45,0,,3,,,1,1,
850,113,4,3,3,,3,,,1,1,
851,113,5,31,0,,3,,,1,1,
852,113,6,3,3,,3,,,1,1,
853,113,7,19,0,,3,,,1,1,
854,113,8,3,3,,3,,,1,1,
855,114,1,69,0,,3,,,1,1,
856,114,2,3,3,,3,,,1,1,
857,114,3,34,0,,3,,,1,1,
858,114,4,3,3,,3,,,1,1,
859,114,5,46,0,,3,,,1,1,
860,114,6,3,3,,3,,,1,1,
861,114,7,20,0,,3,,,1,1,
862,114,8,3,3,,3,,,1,1,
863,115,1,106,0,,3,,,1,1,
864,115,2,3,3,,3,,,1,1,
865,115,3,25,0,,3,,,1,1,
866,115,4,3,3,,3,,,1,1,
867,115,5,41,0,,3,,,1,1,
868,115,6,3,3,,3,,,1,1,
869,116,1,62,0,,3,,,1,1,
870,116,2,3,3,,3,,,1,1,
871,116,3,55,0,,3,,,1,1,
872,116,4,3,3,,3,,,1,1,
873,116,5,35,0,,3,,,1,1,
874,116,6,3,3,,3,,,1,1,
875,116,7,15,0,,3,,,1,1,
876,116,8,3,3,,3,,,1,1,
877,117,1,110,0,,3,,,1,1,
878,117,2,3,3,,3,,,1,1,
879,117,3,43,0,,3,,,1,1,
880,117,4,3,3,,3,,,1,1,
881,117,5,18,0,,3,,,1,1,
882,117,6,3,3,,3,,,1,1,
883,118,1,79,0,,3,,,1,1,
884,118,2,3,3,,3,,,1,1,
885,118,3,7,0,,3,,,1,1,
886,118,4,3,3,,3,,,1,1,
887,118,5,47,0,,3,,,1,1,
888,118,6,3,3,,3,,,1,1,
889,118,7,34,0,,3,,,1,1,
890,118,8,3,3,,3,,,1,1,
891,119,1,41,0,,3,,,1,1,
892,119,2,3,3,,3,,,1,1,
893,119,3,60,0,,3,,,1,1,
894,119,4,3,3,,3,,,1,1,
895,119,5,69,0,,3,,,1,1,
896,119,6,3,3,,3,,,1,1,
897,120,1,58,0,,3,,,1,1,
898,120,2,3,3,,3,,,1,1,
899,120,3,50,0,,3,,,1,1,
900,120,4,3,3,,3,,,1,1,
901,120,5,31,0,,3,,,1,1,
902,120,6,3,3,,3,,,1,1,
903,120,7,29,0,,3,,,1,1,
904,120,8,3,3,,3,,,1,1,
905,121,1,105,0,,3,,,1,1,
906,121,2,3,3,,3,,,1,1,
907,121,3,35,0,,3,,,1,1,
908,121,4,3,3,,3,,,1,1,
909,121,5,22,0,,3,,,1,1,
910,121,6,3,3,,3,,,1,1,
911,121,7,6,0,,3,,,1,1,
912,121,8,3,3,,3,,,1,1,
913,122,1,77,0,,3,,,1,1,
914,122,2,3,3,,3,,,1,1,
915,122,3,43,0,,3,,,1,1,
916,122,4,3,3,,3,,,1,1,
917,122,5,6,0,,3,,,1,1,
918,122,6,3,3,,3,,,1,1,
919,122,7,42,0,,3,,,1,1,
920,122,8,3,3,,3,,,1,1,
921,123,1,70,0,,3,,,1,1,
922,123,2,3,3,,3,,,1,1,
923,123,3,42,0,,3,,,1,1,
924,123,4,3,3,,3,,,1,1,
925,123,5,23,0,,3,,,1,1,
926,123,6,3,3,,3,,,1,1,
927,123,7,24,0,,3,,,1,1,
928,123,8,3,3,,3,,,1,1,
929,123,9,6,0,,3,,,1,1,
930,123,10,3,3,,3,,,1,1,
931,124,1,111,0,,3,,,1,1,
932,124,2,3,3,,3,,,1,1,
933,124,3,12,0,,3,,,1,1,
934,124,4,3,3,,3,,,1,1,
935,124,5,48,0,,3,,,1,1,
936,124,6,3,3,,3,,,1,1,
937,125,1,64,0,,3,,,1,1,
938,125,2,3,3,,3,,,1,1,
939,125,3,57,0,,3,,,1,1,
940,125,4,3,3,,3,,,1,1,
941,125,5,50,0,,3,,,1,1,
942,125,6,3,3,,3,,,1,1,
943,126,1,44,0,,3,,,1,1,
944,126,2,3,3,,3,,,1,1,
945,126,3,6,0,,3,,,1,1,
946,126,4,3,3,,3,,,1,1,
947,126,5,6,0,,3,,,1,1,
948,126,6,3,3,,3,,,1,1,
949,126,7,6,0,,3,,,1,1,
950,126,8,3,3,,3,,,1,1,
951,127,1,87,0,,3,,,1,1,
952,127,2,3,3,,3,,,1,1,
953,127,3,78,0,,3,,,1,1,
954,127,4,3,3,,3,,,1,1,
955,127,5,6,0,,3,,,1,1,
956,127,6,3,3,,3,,,1,1,
957,128,1,62,0,,3,,,1,1,
958,128,2,3,3,,3,,,1,1,
959,128,3,28,0,,3,,,1,1,
960,128,4,3,3,,3,,,1,1,
961,128,5,42,0,,3,,,1,1,
962,128,6,3,3,,3,,,1,1,
963,128,7,35,0,,3,,,1,1,
964,128,8,3,3,,3,,,1,1,
965,129,1,62,0,,3,,,1,1,
966,129,2,3,3,,3,,,1,1,
967,129,3,33,0,,3,,,1,1,
968,129,4,3,3,,3,,,1,1,
969,129,5,46,0,,3,,,1,1,
970,129,6,3,3,,3,,,1,1,
971,129,7,28,0,,3,,,1,1,
972,129,8,3,3,,3,,,1,1,
973,130,1,86,0,,3,,,1,1,
974,130,2,3,3,,3,,,1,1,
975,130,3,14,0,,3,,,1,1,
976,130,4,3,3,,3,,,1,1,
977,130,5,71,0,,3,,,1,1,
978,130,6,3,3,,3,,,1,1,
979,131,1,48,0,,3,,,1,1,
980,131,2,3,3,,3,,,1,1,
981,131,3,38,0,,3,,,1,1,
982,131,4,3,3,,3,,,1,1,
983,131,5,6,0,,3,,,1,1,
984,131,6,3,3,,3,,,1,1,
985,132,1,98,0,,3,,,1,1,
986,132,2,3,3,,3,,,1,1,
987,132,3,67,0,,3,,,1,1,
988,132,4,3,3,,3,,,1,1,
989,132,5,6,0,,3,,,1,1,
990,132,6,3,3,,3,,,1,1,
991,133,1,50,0,,3,,,1,1,
992,133,2,3,3,,3,,,1,1,
993,133,3,50,0,,3,,,1,1,
994,133,4,3,3,,3,,,1,1,
995,133,5,38,0,,3,,,1,1,
996,133,6,3,3,,3,,,1,1,
997,133,7,30,0,,3,,,1,1,
998,133,8,3,3,,3,,,1,1,
999,134,1,80,0,,3,,,1,1,
1000,134,2,3,3,,3,,,1,1,
1001,134,3,53,0,,3,,,1,1,
1002,134,4,3,3,,3,,,1,1,
1003,134,5,28,0,,3,,,1,1,
1004,134,6,3,3,,3,,,1,1,
1005,134,7,7,0,,3,,,1,1,
1006,134,8,3,3,,3,,,1,1,
1007,135,1,93,0,,3,,,1,1,
1008,135,2,3,3,,3,,,1,1,
1009,135,3,66,0,,3,,,1,1,
1010,135,4,3,3,,3,,,1,1,
1011,135,5,12,0,,3,,,1,1,
1012,135,6,3,3,,3,,,1,1,
1013,136,1,57,0,,3,,,1,1,
1014,136,2,3,3,,3,,,1,1,
1015,136,3,33,0,,3,,,1,1,
1016,136,4,3,3,,3,,,1,1,
1017,136,5,52,0,,3,,,1,1,
1018,136,6,3,3,,3,,,1,1,
1019,136,7,26,0,,3,,,1,1,
1020,136,8,3,3,,3,,,1,1,
1021,137,1,51,0,,3,,,1,1,
1022,137,2,3,3,,3,,,1,1,
1023,137,3,48,0,,3,,,1,1,
1024,137,4,3,3,,3,,,1,1,
1025,137,5,41,0,,3,,,1,1,
1026,137,6,3,3,,3,,,1,1,
1027,137,7,28,0,,3,,,1,1,
1028,137,8,3,3,,3,,,1,1,
1029,138,1,30,0,,3,,,1,1,
1030,138,2,3,3,,3,,,1,1,
1031,138,3,11,0,,3,,,1,1,
1032,138,4,3,3,,3,,,1,1,
1033,138,5,11,0,,3,,,1,1,
1034,138,6,3,3,,3,,,1,1,
1035,139,1,60,0,,3,,,1,1,
1036,139,2,3,3,,3,,,1,1,
1037,139,3,50,0,,3,,,1,1,
1038,139,4,3,3,,3,,,1,1,
1039,139,5,51,0,,3,,,1,1,
1040,139,6,3,3,,3,,,1,1,
1041,139,7,6,0,,3,,,1,1,
1042,139,8,3,3,,3,,,1,1,
1043,140,1,68,0,,3,,,1,1,
1044,140,2,3,3,,3,,,1,1,
1045,140,3,46,0,,3,,,1,1,
1046,140,4,3,3,,3,,,1,1,
1047,140,5,44,0,,3,,,1,1,
1048,140,6,3,3,,3,,,1,1,
1049,140,7,9,0,,3,,,1,1,
1050,140,8,3,3,,3,,,1,1,
1051,141,1,66,0,,3,,,1,1,
1052,141,2,3,3,,3,,,1,1,
1053,141,3,55,0,,3,,,1,1,
1054,141,4,3,3,,3,,,1,1,
1055,141,5,49,0,,3,,,1,1,
1056,141,6,3,3,,3,,,1,1,
1057,142,1,94,0,,3,,,1,1,
1058,142,2,3,3,,3,,,1,1,
1059,142,3,6,0,,3,,,1,1,
1060,142,4,3,3,,3,,,1,1,
1061,142,5,71,0,,3,,,1,1,
1062,142,6,3,3,,3,,,1,1,
1063,143,1,95,0,,3,,,1,1,
1064,143,2,3,3,,3,,,1,1,
1065,143,3,67,0,,3,,,1,1,
1066,143,4,3,3,,3,,,1,1,
1067,143,5,10,0,,3,,,1,1,
1068,143,6,3,3,,3,,,1,1,
1069,144,1,93,0,,3,,,1,1,
1070,144,2,3,3,,3,,,1,1,
1071,144,3,71,0,,3,,,1,1,
1072,144,4,3,3,,3,,,1,1,
1073,144,5,7,0,,3,,,1,1,
1074,144,6,3,3,,3,,,1,1,
1075,145,1,77,0,,3,,,1,1,
1076,145,2,3,3,,3,,,1,1,
1077,145,3,11,0,,3,,,1,1,
1078,145,4,3,3,,3,,,1,1,
1079,145,5,45,0,,3,,,1,1,
1080,145,6,3,3,,3,,,1,1,
1081,145,7,35,0,,3,,,1,1,
1082,145,8,3,3,,3,,,1,1,
1083,146,1,74,0,,3,,,1,1,
1084,146,2,3,3,,3,,,1,1,
1085,146,3,53,0,,3,,,1,1,
1086,146,4,3,3,,3,,,1,1,
1087,146,5,44,0,,3,,,1,1,
1088,146,6,3,3,,3,,,1,1,
1089,147,1,50,0,,3,,,1,1,
1090,147,2,3,3,,3,,,1,1,
1091,147,3,47,0,,3,,,1,1,
1092,147,4,3,3,,3,,,1,1,
1093,147,5,29,0,,3,,,1,1,
1094,147,6,3,3,,3,,,1,1,
1095,147,7,33,0,,3,,,1,1,
1096,147,8,3,3,,3,,,1,1,
1097,147,9,6,0,,3,,,1,1,
1098,147,10,3,3,,3,,,1,1,
1099,148,1,6,0,,3,,,1,1,
1100,148,2,3,3,,3,,,1,1,
1101,148,3,94,0,,3,,,1,1,
1102,148,4,3,3,,3,,,1,1,
1103,148,5,27,0,,3,,,1,1,
1104,148,6,3,3,,3,,,1,1,
1105,148,7,6,0,,3,,,1,1,
1106,148,8,3,3,,3,,,1,1,
1107,148,9,32,0,,3,,,1,1,
1108,148,10,3,3,,3,,,1,1,
1109,149,1,33,0,,3,,,1,1,
1110,149,2,3,3,,3,,,1,1,
1111,149,3,9,0,,3,,,1,1,
1112,149,4,3,3,,3,,,1,1,
1113,149,5,9,0,,3,,,1,1,
1114,149,6,3,3,,3,,,1,1,
1115,150,1,84,0,,3,,,1,1,
1116,150,2,3,3,,3,,,1,1,
1117,150,3,63,0,,3,,,1,1,
1118,150,4,3,3,,3,,,1,1,
1119,150,5,6,0,,3,,,1,1,
1120,150,6,3,3,,3,,,1,1,
1121,150,7,6,0,,3,,,1,1,
1122,150,8,3,3,,3,,,1,1,
1123,150,9,6,0,,3,,,1,1,
1124,150,10,3,3,,3,,,1,1,
1125,151,1,67,0,,3,,,1,1,
1126,151,2,3,3,,3,,,1,1,
1127,151,3,23,0,,3,,,1,1,
1128,151,4,3,3,,3,,,1,1,
1129,151,5,47,0,,3,,,1,1,
1130,151,6,3,3,,3,,,1,1,
1131,151,7,6,0,,3,,,1,1,
1132,151,8,3,3,,3,,,1,1,
1133,151,9,23,0,,3,,,1,1,
1134,151,10,3,3,,3,,,1,1,
1135,152,1,50,0,,3,,,1,1,
1136,152,2,3,3,,3,,,1,1,
1137,152,3,41,0,,3,,,1,1,
1138,152,4,3,3,,3,,,1,1,
1139,152,5,41,0,,3,,,1,1,
1140,152,6,3,3,,3,,,1,1,
1141,152,7,36,0,,3,,,1,1,
1142,152,8,3,3,,3,,,1,1,
1143,153,1,53,0,,3,,,1,1,
1144,153,2,3,3,,3,,,1,1,
1145,153,3,31,0,,3,,,1,1,
1146,153,4,3,3,,3,,,1,1,
1147,153,5,48,0,,3,,,1,1,
1148,153,6,3,3,,3,,,1,1,
1149,153,7,36,0,,3,,,1,1,
1150,153,8,3,3,,3,,,1,1,
1151,154,1,68,0,,3,,,1,1,
1152,154,2,3,3,,3,,,1,1,
1153,154,3,48,0,,3,,,1,1,
1154,154,4,3,3,,3,,,1,1,
1155,154,5,42,0,,3,,,1,1,
1156,154,6,3,3,,3,,,1,1,
1157,154,7,10,0,,3,,,1,1,
1158,154,8,3,3,,3,,,1,1,
1159,155,1,55,0,,3,,,1,1,
1160,155,2,3,3,,3,,,1,1,
1161,155,3,52,0,,3,,,1,1,
1162,155,4,3,3,,3,,,1,1,
1163,155,5,44,0,,3,,,1,1,
1164,155,6,3,3,,3,,,1,1,
1165,155,7,17,0,,3,,,1,1,
1166,155,8,3,3,,3,,,1,1,
1167,156,1,73,0,,3,,,1,1,
1168,156,2,3,3,,3,,,1,1,
1169,156,3,32,0,,3,,,1,1,
1170,156,4,3,3,,3,,,1,1,
1171,156,5,37,0,,3,,,1,1,
1172,156,6,3,3,,3,,,1,1,
1173,156,7,26,0,,3,,,1,1,
1174,156,8,3,3,,3,,,1,1,
1175,157,1,122,0,,3,,,1,1,
1176,157,2,3,3,,3,,,1,1,
1177,157,3,6,0,,3,,,1,1,
1178,157,4,3,3,,3,,,1,1,
1179,157,5,34,0,,3,,,1,1,
1180,157,6,3,3,,3,,,1,1,
1181,157,7,6,0,,3,,,1,1,
1182,157,8,3,3,,3,,,1,1,
1183,158,1,31,0,,3,,,1,1,
1184,158,2,3,3,,3,,,1,1,
1185,158,3,19,0,,3,,,1,1,
1186,158,4,3,3,,3,,,1,1,
1187,158,5,6,0,,3,,,1,1,
1188,158,6,3,3,,3,,,1,1,
1189,159,1,75,0,,3,,,1,1,
1190,159,2,3,3,,3,,,1,1,
1191,159,3,56,0,,3,,,1,1,
1192,159,4,3,3,,3,,,1,1,
1193,159,5,6,0,,3,,,1,1,
1194,159,6,3,3,,3,,,1,1,
1195,159,7,22,0,,3,,,1,1,
1196,159,8,3,3,,3,,,1,1,
1197,159,9,6,0,,3,,,1,1,
1198,159,10,3,3,,3,,,1,1,
1199,160,1,72,0,,3,,,1,1,
1200,160,2,3,3,,3,,,1,1,
1201,160,3,16,0,,3,,,1,1,
1202,160,4,3,3,,3,,,1,1,
1203,160,5,68,0,,3,,,1,1,
1204,160,6,3,3,,3,,,1,1,
1205,160,7,11,0,,3,,,1,1,
1206,160,8,3,3,,3,,,1,1,
1207,161,1,57,0,,3,,,1,1,
1208,161,2,3,3,,3,,,1,1,
1209,161,3,56,0,,3,,,1,1,
1210,161,4,3,3,,3,,,1,1,
1211,161,5,58,0,,3,,,1,1,
1212,161,6,3,3,,3,,,1,1,
1213,162,1,14,0,,3,,,1,1,
1214,162,2,3,3,,3,,,1,1,
1215,162,3,61,0,,3,,,1,1,
1216,162,4,3,3,,3,,,1,1,
1217,162,5,61,0,,3,,,1,1,
1218,162,6,3,3,,3,,,1,1,
1219,162,7,12,0,,3,,,1,1,
1220,162,8,3,3,,3,,,1,1,
1221,162,9,18,0,,3,,,1,1,
1222,162,10,3,3,,3,,,1,1,
1223,163,1,6,0,,3,,,1,1,
1224,163,2,3,3,,3,,,1,1,
1225,163,3,67,0,,3,,,1,1,
1226,163,4,3,3,,3,,,1,1,
1227,163,5,58,0,,3,,,1,1,
1228,163,6,3,3,,3,,,1,1,
1229,163,7,29,0,,3,,,1,1,
1230,163,8,3,3,,3,,,1,1,
1231,163,9,6,0,,3,,,1,1,
1232,163,10,3,3,,3,,,1,1,
1233,164,1,48,0,,3,,,1,1,
1234,164,2,3,3,,3,,,1,1,
1235,164,3,44,0,,3,,,1,1,
1236,164,4,3,3,,3,,,1,1,
1237,164,5,44,0,,3,,,1,1,
1238,164,6,3,3,,3,,,1,1,
1239,164,7,32,0,,3,,,1,1,
1240,164,8,3,3,,3,,,1,1,
1241,165,1,72,0,,3,,,1,1,
1242,165,2,3,3,,3,,,1,1,
1243,165,3,68,0,,3,,,1,1,
1244,165,4,3,3,,3,,,1,1,
1245,165,5,31,0,,3,,,1,1,
1246,165,6,3,3,,3,,,1,1,
1247,166,1,95,0,,3,,,1,1,
1248,166,2,3,3,,3,,,1,1,
1249,166,3,45,0,,3,,,1,1,
1250,166,4,3,3,,3,,,1,1,
1251,166,5,30,0,,3,,,1,1,
1252,166,6,3,3,,3,,,1,1,
1253,167,1,62,0,,3,,,1,1,
1254,167,2,3,3,,3,,,1,1,
1255,167,3,26,0,,3,,,1,1,
1256,167,4,3,3,,3,,,1,1,
1257,167,5,46,0,,3,,,1,1,
1258,167,6,3,3,,3,,,1,1,
1259,167,7,6,0,,3,,,1,1,
1260,167,8,3,3,,3,,,1,1,
1261,167,9,26,0,,3,,,1,1,
1262,167,10,3,3,,3,,,1,1,
1263,168,1,88,0,,3,,,1,1,
1264,168,2,3,3,,3,,,1,1,
1265,168,3,13,0,,3,,,1,1,
1266,168,4,3,3,,3,,,1,1,
1267,168,5,61,0,,3,,,1,1,
1268,168,6,3,3,,3,,,1,1,
1269,168,7,6,0,,3,,,1,1,
1270,168,8,3,3,,3,,,1,1,
1271,169,1,74,0,,3,,,1,1,
1272,169,2,3,3,,3,,,1,1,
1273,169,3,58,0,,3,,,1,1,
1274,169,4,3,3,,3,,,1,1,
1275,169,5,38,0,,3,,,1,1,
1276,169,6,3,3,,3,,,1,1,
1277,170,1,24,0,,3,,,1,1,
1278,170,2,3,3,,3,,,1,1,
1279,170,3,53,0,,3,,,1,1,
1280,170,4,3,3,,3,,,1,1,
1281,170,5,36,0,,3,,,1,1,
1282,170,6,3,3,,3,,,1,1,
1283,170,7,26,0,,3,,,1,1,
1284,170,8,3,3,,3,,,1,1,
1285,170,9,25,0,,3,,,1,1,
1286,170,10,3,3,,3,,,1,1,
1287,171,1,83,0,,3,,,1,1,
1288,171,2,3,3,,3,,,1,1,
1289,171,3,74,0,,3,,,1,1,
1290,171,4,3,3,,3,,,1,1,
1291,171,5,14,0,,3,,,1,1,
1292,171,6,3,3,,3,,,1,1,
1293,172,1,101,0,,3,,,1,1,
1294,172,2,3,3,,3,,,1,1,
1295,172,3,64,0,,3,,,1,1,
1296,172,4,3,3,,3,,,1,1,
1297,172,5,6,0,,3,,,1,1,
1298,172,6,3,3,,3,,,1,1,
1299,173,1,49,0,,3,,,1,1,
1300,173,2,3,3,,3,,,1,1,
1301,173,3,21,0,,3,,,1,1,
1302,173,4,3,3,,3,,,1,1,
1303,173,5,6,0,,3,,,1,1,
1304,173,6,3,3,,3,,,1,1,
1305,174,1,88,0,,3,,,1,1,
1306,174,2,3,3,,3,,,1,1,
1307,174,3,6,0,,3,,,1,1,
1308,174,4,3,3,,3,,,1,1,
1309,174,5,52,0,,3,,,1,1,
1310,174,6,3,3,,3,,,1,1,
1311,174,7,22,0,,3,,,1,1,
1312,174,8,3,3,,3,,,1,1,
1313,175,1,54,0,,3,,,1,1,
1314,175,2,3,3,,3,,,1,1,
1315,175,3,33,0,,3,,,1,1,
1316,175,4,3,3,,3,,,1,1,
1317,175,5,40,0,,3,,,1,1,
1318,175,6,3,3,,3,,,1,1,
1319,175,7,30,0,,3,,,1,1,
1320,175,8,3,3,,3,,,1,1,
1321,175,9,9,0,,3,,,1,1,
1322,175,10,3,3,,3,,,1,1,
1323,176,1,59,0,,3,,,1,1,
1324,176,2,3,3,,3,,,1,1,
1325,176,3,58,0,,3,,,1,1,
1326,176,4,3,3,,3,,,1,1,
1327,176,5,54,0,,3,,,1,1,
1328,176,6,3,3,,3,,,1,1,
1329,177,1,31,0,,3,,,1,1,
1330,177,2,3,3,,3,,,1,1,
1331,177,3,19,0,,3,,,1,1,
1332,177,4,3,3,,3,,,1,1,
1333,177,5,6,0,,3,,,1,1,
1334,177,6,3,3,,3,,,1,1,
1335,178,1,69,0,,3,,,1,1,
1336,178,2,3,3,,3,,,1,1,
1337,178,3,16,0,,3,,,1,1,
1338,178,4,3,3,,3,,,1,1,
1339,178,5,48,0,,3,,,1,1,
1340,178,6,3,3,,3,,,1,1,
1341,178,7,34,0,,3,,,1,1,
1342,178,8,3,3,,3,,,1,1,
1343,179,1,79,0,,3,,,1,1,
1344,179,2,3,3,,3,,,1,1,
1345,179,3,49,0,,3,,,1,1,
1346,179,4,3,3,,3,,,1,1,
1347,179,5,43,0,,3,,,1,1,
1348,179,6,3,3,,3,,,1,1,
1349,180,1,38,0,,3,,,1,1,
1350,180,2,3,3,,3,,,1,1,
1351,180,3,29,0,,3,,,1,1,
1352,180,4,3,3,,3,,,1,1,
1353,180,5,51,0,,3,,,1,1,
1354,180,6,3,3,,3,,,1,1,
1355,180,7,39,0,,3,,,1,1,
1356,180,8,3,3,,3,,,1,1,
1357,180,9,9,0,,3,,,1,1,
1358,180,10,3,3,,3,,,1,1,
1359,181,1,82,0,,3,,,1,1,
1360,181,2,3,3,,3,,,1,1,
1361,181,3,81,0,,3,,,1,1,
1362,181,4,3,3,,3,,,1,1,
1363,181,5,9,0,,3,,,1,1,
1364,181,6,3,3,,3,,,1,1,
1365,182,1,96,0,,3,,,1,1,
1366,182,2,3,3,,3,,,1,1,
1367,182,3,78,0,,3,,,1,1,
1368,182,4,3,3,,3,,,1,1,
1369,183,1,83,0,,3,,,1,1,
1370,183,2,3,3,,3,,,1,1,
1371,183,3,6,0,,3,,,1,1,
1372,183,4,3,3,,3,,,1,1,
1373,183,5,82,0,,3,,,1,1,
1374,183,6,3,3,,3,,,1,1,
1375,184,1,55,0,,3,,,1,1,
1376,184,2,3,3,,3,,,1,1,
1377,184,3,25,0,,3,,,1,1,
1378,184,4,3,3,,3,,,1,1,
1379,184,5,45,0,,3,,,1,1,
1380,184,6,3,3,,3,,,1,1,
1381,184,7,43,0,,3,,,1,1,
1382,184,8,3,3,,3,,,1,1,
1383,185,1,40,0,,3,,,1,1,
1384,185,2,3,3,,3,,,1,1,
1385,185,3,6,0,,3,,,1,1,
1386,185,4,3,3,,3,,,1,1,
1387,185,5,6,0,,3,,,1,1,
1388,185,6,3,3,,3,,,1,1,
1389,185,7,6,0,,3,,,1,1,
1390,185,8,3,3,,3,,,1,1,
1391,186,1,75,0,,3,,,1,1,
1392,186,2,3,3,,3,,,1,1,
1393,186,3,71,0,,3,,,1,1,
1394,186,4,3,3,,3,,,1,1,
1395,186,5,25,0,,3,,,1,1,
1396,186,6,3,3,,3,,,1,1,
1397,187,1,121,0,,3,,,1,1,
1398,187,2,3,3,,3,,,1,1,
1399,187,3,26,0,,3,,,1,1,
1400,187,4,3,3,,3,,,1,1,
1401,187,5,13,0,,3,,,1,1,
1402,187,6,3,3,,3,,,1,1,
1403,187,7,7,0,,3,,,1,1,
1404,187,8,3,3,,3,,,1,1,
1405,188,1,40,0,,3,,,1,1,
1406,188,2,3,3,,3,,,1,1,
1407,188,3,13,0,,3,,,1,1,
1408,188,4,3,3,,3,,,1,1,
1409,188,5,6,0,,3,,,1,1,
1410,188,6,3,3,,3,,,1,1,
1411,189,1,82,0,,3,,,1,1,
1412,189,2,3,3,,3,,,1,1,
1413,189,3,59,0,,3,,,1,1,
1414,189,4,3,3,,3,,,1,1,
1415,189,5,21,0,,3,,,1,1,
1416,189,6,3,3,,3,,,1,1,
1417,189,7,6,0,,3,,,1,1,
1418,189,8,3,3,,3,,,1,1,
1419,190,1,16,0,,3,,,1,1,
1420,190,2,3,3,,3,,,1,1,
1421,190,3,39,0,,3,,,1,1,
1422,190,4,3,3,,3,,,1,1,
1423,190,5,43,0,,3,,,1,1,
1424,190,6,3,3,,3,,,1,1,
1425,190,7,36,0,,3,,,1,1,
1426,190,8,3,3,,3,,,1,1,
1427,190,9,30,0,,3,,,1,1,
1428,190,10,3,3,,3,,,1,1,
1429,191,1,73,0,,3,,,1,1,
1430,191,2,3,3,,3,,,1,1,
1431,191,3,72,0,,3,,,1,1,
1432,191,4,3,3,,3,,,1,1,
1433,191,5,26,0,,3,,,1,1,
1434,191,6,3,3,,3,,,1,1,
1435,192,1,50,0,,3,,,1,1,
1436,192,2,3,3,,3,,,1,1,
1437,192,3,28,0,,3,,,1,1,
1438,192,4,3,3,,3,,,1,1,
1439,192,5,12,0,,3,,,1,1,
1440,192,6,3,3,,3,,,1,1,
1441,193,1,45,0,,3,,,1,1,
1442,193,2,3,3,,3,,,1,1,
1443,193,3,42,0,,3,,,1,1,
1444,193,4,3,3,,3,,,1,1,
1445,193,5,41,0,,3,,,1,1,
1446,193,6,3,3,,3,,,1,1,
1447,193,7,40,0,,3,,,1,1,
1448,193,8,3,3,,3,,,1,1,
1449,194,1,84,0,,3,,,1,1,
1450,194,2,3,3,,3,,,1,1,
1451,194,3,6,0,,3,,,1,1,
1452,194,4,3,3,,3,,,1,1,
1453,194,5,42,0,,3,,,1,1,
1454,194,6,3,3,,3,,,1,1,
1455,194,7,36,0,,3,,,1,1,
1456,194,8,3,3,,3,,,1,1,
1457,195,1,61,0,,3,,,1,1,
1458,195,2,3,3,,3,,,1,1,
1459,195,3,6,0,,3,,,1,1,
1460,195,4,3,3,,3,,,1,1,
1461,195,5,53,0,,3,,,1,1,
1462,195,6,3,3,,3,,,1,1,
1463,195,7,49,0,,3,,,1,1,
1464,195,8,3,3,,3,,,1,1,
1465,196,1,69,0,,3,,,1,1,
1466,196,2,3,3,,3,,,1,1,
1467,196,3,39,0,,3,,,1,1,
1468,196,4,3,3,,3,,,1,1,
1469,196,5,54,0,,3,,,1,1,
1470,196,6,3,3,,3,,,1,1,
1471,196,7,6,0,,3,,,1,1,
1472,196,8,3,3,,3,,,1,1,
1473,197,1,79,0,,3,,,1,1,
1474,197,2,3,3,,3,,,1,1,
1475,197,3,57,0,,3,,,1,1,
1476,197,4,3,3,,3,,,1,1,
1477,197,5,19,0,,3,,,1,1,
1478,197,6,3,3,,3,,,1,1,
1479,197,7,13,0,,3,,,1,1,
1480,197,8,3,3,,3,,,1,1,
1481,198,1,84,0,,3,,,1,1,
1482,198,2,3,3,,3,,,1,1,
1483,198,3,42,0,,3,,,1,1,
1484,198,4,3,3,,3,,,1,1,
1485,198,5,30,0,,3,,,1,1,
1486,198,6,3,3,,3,,,1,1,
1487,198,7,11,0,,3,,,1,1,
1488,198,8,3,3,,3,,,1,1,
1489,199,1,118,0,,3,,,1,1,
1490,199,2,3,3,,3,,,1,1,
1491,199,3,40,0,,3,,,1,1,
1492,199,4,3,3,,3,,,1,1,
1493,199,5,13,0,,3,,,1,1,
1494,199,6,3,3,,3,,,1,1,
1495,200,1,92,0,,3,,,1,1,
1496,200,2,3,3,,3,,,1,1,
1497,200,3,71,0,,3,,,1,1,
1498,200,4,3,3,,3,,,1,1,
1499,200,5,8,0,,3,,,1,1,
1500,200,6,3,3,,3,,,1,1,
1501,201,1,71,0,,3,,,1,1,
1502,201,2,3,3,,3,,,1,1,
1503,201,3,50,0,,3,,,1,1,
1504,201,4,3,3,,3,,,1,1,
1505,201,5,49,0,,3,,,1,1,
1506,201,6,3,3,,3,,,1,1,
1507,202,1,77,0,,3,,,1,1,
1508,202,2,3,3,,3,,,1,1,
1509,202,3,39,0,,3,,,1,1,
1510,202,4,3,3,,3,,,1,1,
1511,202,5,56,0,,3,,,1,1,
1512,202,6,3,3,,3,,,1,1,
1513,203,1,65,0,,3,,,1,1,
1514,203,2,3,3,,3,,,1,1,
1515,203,3,50,0,,3,,,1,1,
1516,203,4,3,3,,3,,,1,1,
1517,203,5,47,0,,3,,,1,1,
1518,203,6,3,3,,3,,,1,1,
1519,203,7,6,0,,3,,,1,1,
1520,203,8,3,3,,3,,,1,1,
1521,204,1,105,0,,3,,,1,1,
1522,204,2,3,3,,3,,,1,1,
1523,204,3,6,0,,3,,,1,1,
1524,204,4,3,3,,3,,,1,1,
1525,204,5,60,0,,3,,,1,1,
1526,204,6,3,3,,3,,,1,1,
1527,205,1,73,0,,3,,,1,1,
1528,205,2,3,3,,3,,,1,1,
1529,205,3,67,0,,3,,,1,1,
1530,205,4,3,3,,3,,,1,1,
1531,205,5,31,0,,3,,,1,1,
1532,205,6,3,3,,3,,,1,1,
1533,206,1,73,0,,3,,,1,1,
1534,206,2,3,3,,3,,,1,1,
1535,206,3,26,0,,3,,,1,1,
1536,206,4,3,3,,3,,,1,1,
1537,206,5,47,0,,3,,,1,1,
1538,206,6,3,3,,3,,,1,1,
1539,206,7,22,0,,3,,,1,1,
1540,206,8,3,3,,3,,,1,1,
1541,207,1,69,0,,3,,,1,1,
1542,207,2,3,3,,3,,,1,1,
1543,207,3,35,0,,3,,,1,1,
1544,207,4,3,3,,3,,,1,1,
1545,207,5,6,0,,3,,,1,1,
1546,207,6,3,3,,3,,,1,1,
1547,207,7,33,0,,3,,,1,1,
1548,207,8,3,3,,3,,,1,1,
1549,207,9,12,0,,3,,,1,1,
1550,207,10,3,3,,3,,,1,1,
1551,207,11,6,0,,3,,,1,1,
1552,207,12,3,3,,3,,,1,1,
1553,208,1,90,0,,3,,,1,1,
1554,208,2,3,3,,3,,,1,1,
1555,208,3,63,0,,3,,,1,1,
1556,208,4,3,3,,3,,,1,1,
1557,208,5,18,0,,3,,,1,1,
1558,208,6,3,3,,3,,,1,1,
1559,209,1,87,0,,3,,,1,1,
1560,209,2,3,3,,3,,,1,1,
1561,209,3,22,0,,3,,,1,1,
1562,209,4,3,3,,3,,,1,1,
1563,209,5,32,0,,3,,,1,1,
1564,209,6,3,3,,3,,,1,1,
1565,209,7,17,0,,3,,,1,1,
1566,209,8,3,3,,3,,,1,1,
1567,209,9,7,0,,3,,,1,1,
1568,209,10,3,3,,3,,,1,1,
1569,210,1,23,0,,3,,,1,1,
1570,210,2,3,3,,3,,,1,1,
1571,210,3,17,0,,3,,,1,1,
1572,210,4,3,3,,3,,,1,1,
1573,210,5,16,0,,3,,,1,1,
1574,210,6,3,3,,3,,,1,1,
1575,211,1,104,0,,3,,,1,1,
1576,211,2,3,3,,3,,,1,1,
1577,211,3,34,0,,3,,,1,1,
1578,211,4,3,3,,3,,,1,1,
1579,211,5,33,0,,3,,,1,1,
1580,211,6,3,3,,3,,,1,1,
1581,212,1,79,0,,3,,,1,1,
1582,212,2,3,3,,3,,,1,1,
1583,212,3,56,0,,3,,,1,1,
1584,212,4,3,3,,3,,,1,1,
1585,212,5,36,0,,3,,,1,1,
1586,212,6,3,3,,3,,,1,1,
1587,213,1,91,0,,3,,,1,1,
1588,213,2,3,3,,3,,,1,1,
1589,213,3,56,0,,3,,,1,1,
1590,213,4,3,3,,3,,,1,1,
1591,213,5,24,0,,3,,,1,1,
1592,213,6,3,3,,3,,,1,1,
1593,214,1,62,0,,3,,,1,1,
1594,214,2,3,3,,3,,,1,1,
1595,214,3,73,0,,3,,,1,1,
1596,214,4,3,3,,3,,,1,1,
1597,214,5,36,0,,3,,,1,1,
1598,214,6,3,3,,3,,,1,1,
1599,215,1,92,0,,3,,,1,1,
1600,215,2,3,3,,3,,,1,1,
1601,215,3,73,0,,3,,,1,1,
1602,215,4,3,3,,3,,,1,1,
1603,215,5,6,0,,3,,,1,1,
1604,215,6,3,3,,3,,,1,1,
1605,216,1,118,0,,3,,,1,1,
1606,216,2,3,3,,3,,,1,1,
1607,216,3,7,0,,3,,,1,1,
1608,216,4,3,3,,3,,,1,1,
1609,216,5,46,0,,3,,,1,1,
1610,216,6,3,3,,3,,,1,1,
1611,217,1,87,0,,3,,,1,1,
1612,217,2,3,3,,3,,,1,1,
1613,217,3,76,0,,3,,,1,1,
1614,217,4,3,3,,3,,,1,1,
1615,217,5,8,0,,3,,,1,1,
1616,217,6,3,3,,3,,,1,1,
1617,218,1,90,0,,3,,,1,1,
1618,218,2,3,3,,3,,,1,1,
1619,218,3,7,0,,3,,,1,1,
1620,218,4,3,3,,3,,,1,1,
1621,218,5,74,0,,3,,,1,1,
1622,218,6,3,3,,3,,,1,1,
1623,219,1,74,0,,3,,,1,1,
1624,219,2,3,3,,3,,,1,1,
1625,219,3,58,0,,3,,,1,1,
1626,219,4,3,3,,3,,,1,1,
1627,219,5,39,0,,3,,,1,1,
1628,219,6,3,3,,3,,,1,1,
1629,220,1,100,0,,3,,,1,1,
1630,220,2,3,3,,3,,,1,1,
1631,220,3,74,0,,3,,,1,1,
1632,220,4,3,3,,3,,,1,1,
1633,221,1,115,0,,3,,,1,1,
1634,221,2,3,3,,3,,,1,1,
1635,221,3,59,0,,3,,,1,1,
1636,221,4,3,3,,3,,,1,1,
1637,222,1,85,0,,3,,,1,1,
1638,222,2,3,3,,3,,,1,1,
1639,222,3,46,0,,3,,,1,1,
1640,222,4,3,3,,3,,,1,1,
1641,222,5,40,0,,3,,,1,1,
1642,222,6,3,3,,3,,,1,1,
1643,223,1,91,0,,3,,,1,1,
1644,223,2,3,3,,3,,,1,1,
1645,223,3,83,0,,3,,,1,1,
1646,223,4,3,3,,3,,,1,1,
1647,224,1,84,0,,3,,,1,1,
1648,224,2,3,3,,3,,,1,1,
1649,224,3,51,0,,3,,,1,1,
1650,224,4,3,3,,3,,,1,1,
1651,224,5,36,0,,3,,,1,1,
1652,224,6,3,3,,3,,,1,1,
1653,225,1,75,0,,3,,,1,1,
1654,225,2,3,3,,3,,,1,1,
1655,225,3,39,0,,3,,,1,1,
1656,225,4,3,3,,3,,,1,1,
1657,225,5,46,0,,3,,,1,1,
1658,225,6,3,3,,3,,,1,1,
1659,225,7,7,0,,3,,,1,1,
1660,225,8,3,3,,3,,,1,1,
1661,226,1,59,0,,3,,,1,1,
1662,226,2,3,3,,3,,,1,1,
1663,226,3,6,0,,3,,,1,1,
1664,226,4,3,3,,3,,,1,1,
1665,226,5,36,0,,3,,,1,1,
1666,226,6,3,3,,3,,,1,1,
1667,226,7,48,0,,3,,,1,1,
1668,226,8,3,3,,3,,,1,1,
1669,226,9,16,0,,3,,,1,1,
1670,226,10,3,3,,3,,,1,1,
1671,227,1,44,0,,3,,,1,1,
1672,227,2,3,3,,3,,,1,1,
1673,227,3,10,0,,3,,,1,1,
1674,227,4,3,3,,3,,,1,1,
1675,228,1,109,0,,3,,,1,1,
1676,228,2,3,3,,3,,,1,1,
1677,228,3,46,0,,3,,,1,1,
1678,228,4,3,3,,3,,,1,1,
1679,228,5,16,0,,3,,,1,1,
1680,228,6,3,3,,3,,,1,1,
1681,229,1,89,0,,3,,,1,1,
1682,229,2,3,3,,3,,,1,1,
1683,229,3,69,0,,3,,,1,1,
1684,229,4,3,3,,3,,,1,1,
1685,229,5,13,0,,3,,,1,1,
1686,229,6,3,3,,3,,,1,1,
1687,230,1,92,0,,3,,,1,1,
1688,230,2,3,3,,3,,,1,1,
1689,230,3,73,0,,3,,,1,1,
1690,230,4,3,3,,3,,,1,1,
1691,230,5,6,0,,3,,,1,1,
1692,230,6,3,3,,3,,,1,1,
1693,231,1,108,0,,3,,,1,1,
1694,231,2,3,3,,3,,,1,1,
1695,231,3,66,0,,3,,,1,1,
1696,231,4,3,3,,3,,,1,1,
1697,232,1,105,0,,3,,,1,1,
1698,232,2,3,3,,3,,,1,1,
1699,232,3,58,0,,3,,,1,1,
1700,232,4,3,3,,3,,,1,1,
1701,232,5,8,0,,3,,,1,1,
1702,232,6,3,3,,3,,,1,1,
1703,233,1,44,0,,3,,,1,1,
1704,233,2,3,3,,3,,,1,1,
1705,233,3,24,0,,3,,,1,1,
1706,233,4,3,3,,3,,,1,1,
1707,233,5,11,0,,3,,,1,1,
1708,233,6,3,3,,3,,,1,1,
1709,233,7,69,0,,3,,,1,1,
1710,233,8,3,3,,3,,,1,1,
1711,233,9,17,0,,3,,,1,1,
1712,233,10,3,3,,3,,,1,1,
1713,234,1,88,0,,3,,,1,1,
1714,234,2,3,3,,3,,,1,1,
1715,234,3,86,0,,3,,,1,1,
1716,234,4,3,3,,3,,,1,1,
1717,235,1,121,0,,3,,,1,1,
1718,235,2,3,3,,3,,,1,1,
1719,235,3,27,0,,3,,,1,1,
1720,235,4,3,3,,3,,,1,1,
1721,235,5,23,0,,3,,,1,1,
1722,235,6,3,3,,3,,,1,1,
1723,236,1,6,0,,3,,,1,1,
1724,236,2,3,3,,3,,,1,1,
1725,236,3,72,0,,3,,,1,1,
1726,236,4,3,3,,3,,,1,1,
1727,236,5,74,0,,3,,,1,1,
1728,236,6,3,3,,3,,,1,1,
1729,236,7,6,0,,3,,,1,1,
1730,236,8,3,3,,3,,,1,1,
1731,236,9,7,0,,3,,,1,1,
1732,236,10,3,3,,3,,,1,1,
1733,237,1,67,0,,3,,,1,1,
1734,237,2,3,3,,3,,,1,1,
1735,237,3,22,0,,3,,,1,1,
1736,237,4,3,3,,3,,,1,1,
1737,237,5,45,0,,3,,,1,1,
1738,237,6,3,3,,3,,,1,1,
1739,237,7,35,0,,3,,,1,1,
1740,237,8,3,3,,3,,,1,1,
1741,238,1,75,0,,3,,,1,1,
1742,238,2,3,3,,3,,,1,1,
1743,238,3,7,0,,3,,,1,1,
1744,238,4,3,3,,3,,,1,1,
1745,238,5,55,0,,3,,,1,1,
1746,238,6,3,3,,3,,,1,1,
1747,238,7,31,0,,3,,,1,1,
1748,238,8,3,3,,3,,,1,1,
1749,239,1,60,0,,3,,,1,1,
1750,239,2,3,3,,3,,,1,1,
1751,239,3,51,0,,3,,,1,1,
1752,239,4,3,3,,3,,,1,1,
1753,239,5,60,0,,3,,,1,1,
1754,239,6,3,3,,3,,,1,1,
1755,240,1,60,0,,3,,,1,1,
1756,240,2,3,3,,3,,,1,1,
1757,240,3,57,0,,3,,,1,1,
1758,240,4,3,3,,3,,,1,1,
1759,240,5,40,0,,3,,,1,1,
1760,240,6,3,3,,3,,,1,1,
1761,240,7,11,0,,3,,,1,1,
1762,240,8,3,3,,3,,,1,1,
1763,241,1,61,0,,3,,,1,1,
1764,241,2,3,3,,3,,,1,1,
1765,241,3,49,0,,3,,,1,1,
1766,241,4,3,3,,3,,,1,1,
1767,241,5,30,0,,3,,,1,1,
1768,241,6,3,3,,3,,,1,1,
1769,241,7,29,0,,3,,,1,1,
1770,241,8,3,3,,3,,,1,1,
1771,242,1,77,0,,3,,,1,1,
1772,242,2,3,3,,3,,,1,1,
1773,242,3,52,0,,3,,,1,1,
1774,242,4,3,3,,3,,,1,1,
1775,242,5,42,0,,3,,,1,1,
1776,242,6,3,3,,3,,,1,1,
1777,243,1,102,0,,3,,,1,1,
1778,243,2,3,3,,3,,,1,1,
1779,243,3,63,0,,3,,,1,1,
1780,243,4,3,3,,3,,,1,1,
1781,243,5,6,0,,3,,,1,1,
1782,243,6,3,3,,3,,,1,1,
1783,244,1,83,0,,3,,,1,1,
1784,244,2,3,3,,3,,,1,1,
1785,244,3,45,0,,3,,,1,1,
1786,244,4,3,3,,3,,,1,1,
1787,244,5,28,0,,3,,,1,1,
1788,244,6,3,3,,3,,,1,1,
1789,245,1,72,0,,3,,,1,1,
1790,245,2,3,3,,3,,,1,1,
1791,245,3,34,0,,3,,,1,1,
1792,245,4,3,3,,3,,,1,1,
1793,245,5,31,0,,3,,,1,1,
1794,245,6,3,3,,3,,,1,1,
1795,245,7,31,0,,3,,,1,1,
1796,245,8,3,3,,3,,,1,1,
1797,246,1,77,0,,3,,,1,1,
1798,246,2,3,3,,3,,,1,1,
1799,246,3,60,0,,3,,,1,1,
1800,246,4,3,3,,3,,,1,1,
1801,246,5,34,0,,3,,,1,1,
1802,246,6,3,3,,3,,,1,1,
1803,247,1,60,0,,3,,,1,1,
1804,247,2,3,3,,3,,,1,1,
1805,247,3,31,0,,3,,,1,1,
1806,247,4,3,3,,3,,,1,1,
1807,247,5,61,0,,3,,,1,1,
1808,247,6,3,3,,3,,,1,1,
1809,247,7,16,0,,3,,,1,1,
1810,247,8,3,3,,3,,,1,1,
1811,248,1,52,0,,3,,,1,1,
1812,248,2,3,3,,3,,,1,1,
1813,248,3,35,0,,3,,,1,1,
1814,248,4,3,3,,3,,,1,1,
1815,248,5,44,0,,3,,,1,1,
1816,248,6,3,3,,3,,,1,1,
1817,248,7,37,0,,3,,,1,1,
1818,248,8,3,3,,3,,,1,1,
1819,249,1,24,0,,3,,,1,1,
1820,249,2,3,3,,3,,,1,1,
1821,249,3,21,0,,3,,,1,1,
1822,249,4,3,3,,3,,,1,1,
1823,249,5,13,0,,3,,,1,1,
1824,249,6,3,3,,3,,,1,1,
1825,250,1,101,0,,3,,,1,1,
1826,250,2,3,3,,3,,,1,1,
1827,250,3,44,0,,3,,,1,1,
1828,250,4,3,3,,3,,,1,1,
1829,250,5,26,0,,3,,,1,1,
1830,250,6,3,3,,3,,,1,1,
1831,251,1,81,0,,3,,,1,1,
1832,251,2,3,3,,3,,,1,1,
1833,251,3,73,0,,3,,,1,1,
1834,251,4,3,3,,3,,,1,1,
1835,251,5,17,0,,3,,,1,1,
1836,251,6,3,3,,3,,,1,1,
1837,252,1,66,0,,3,,,1,1,
1838,252,2,3,3,,3,,,1,1,
1839,252,3,41,0,,3,,,1,1,
1840,252,4,3,3,,3,,,1,1,
1841,252,5,39,0,,3,,,1,1,
1842,252,6,3,3,,3,,,1,1,
1843,252,7,22,0,,3,,,1,1,
1844,252,8,3,3,,3,,,1,1,
1845,253,1,44,0,,3,,,1,1,
1846,253,2,3,3,,3,,,1,1,
1847,253,3,44,0,,3,,,1,1,
1848,253,4,3,3,,3,,,1,1,
1849,253,5,41,0,,3,,,1,1,
1850,253,6,3,3,,3,,,1,1,
1851,253,7,40,0,,3,,,1,1,
1852,253,8,3,3,,3,,,1,1,
1853,254,1,60,0,,3,,,1,1,
1854,254,2,3,3,,3,,,1,1,
1855,254,3,44,0,,3,,,1,1,
1856,254,4,3,3,,3,,,1,1,
1857,254,5,37,0,,3,,,1,1,
1858,254,6,3,3,,3,,,1,1,
1859,254,7,26,0,,3,,,1,1,
1860,254,8,3,3,,3,,,1,1,
1861,255,1,59,0,,3,,,1,1,
1862,255,2,3,3,,3,,,1,1,
1863,255,3,40,0,,3,,,1,1,
1864,255,4,3,3,,3,,,1,1,
1865,255,5,36,0,,3,,,1,1,
1866,255,6,3,3,,3,,,1,1,
1867,255,7,32,0,,3,,,1,1,
1868,255,8,3,3,,3,,,1,1,
1869,256,1,106,0,,3,,,1,1,
1870,256,2,3,3,,3,,,1,1,
1871,256,3,34,0,,3,,,1,1,
1872,256,4,3,3,,3,,,1,1,
1873,256,5,32,0,,3,,,1,1,
1874,256,6,3,3,,3,,,1,1,
1875,257,1,65,0,,3,,,1,1,
1876,257,2,3,3,,3,,,1,1,
1877,257,3,49,0,,3,,,1,1,
1878,257,4,3,3,,3,,,1,1,
1879,257,5,48,0,,3,,,1,1,
1880,257,6,3,3,,3,,,1,1,
1881,257,7,6,0,,3,,,1,1,
1882,257,8,3,3,,3,,,1,1,
1883,258,1,65,0,,3,,,1,1,
1884,258,2,3,3,,3,,,1,1,
1885,258,3,57,0,,3,,,1,1,
1886,258,4,3,3,,3,,,1,1,
1887,258,5,49,0,,3,,,1,1,
1888,258,6,3,3,,3,,,1,1,
1889,259,1,37,0,,3,,,1,1,
1890,259,2,3,3,,3,,,1,1,
1891,259,3,12,0,,3,,,1,1,
1892,259,4,3,3,,3,,,1,1,
1893,259,5,6,0,,3,,,1,1,
1894,259,6,3,3,,3,,,1,1,
1895,260,1,59,0,,3,,,1,1,
1896,260,2,3,3,,3,,,1,1,
1897,260,3,17,0,,3,,,1,1,
1898,260,4,3,3,,3,,,1,1,
1899,260,5,50,0,,3,,,1,1,
1900,260,6,3,3,,3,,,1,1,
1901,260,7,32,0,,3,,,1,1,
1902,260,8,3,3,,3,,,1,1,
1903,260,9,7,0,,3,,,1,1,
1904,260,10,3,3,,3,,,1,1,
1905,261,1,47,0,,3,,,1,1,
1906,261,2,3,3,,3,,,1,1,
1907,261,3,57,0,,3,,,1,1,
1908,261,4,3,3,,3,,,1,1,
1909,261,5,12,0,,3,,,1,1,
1910,261,6,3,3,,3,,,1,1,
1911,261,7,25,0,,3,,,1,1,
1912,261,8,3,3,,3,,,1,1,
1913,261,9,24,0,,3,,,1,1,
1914,261,10,3,3,,3,,,1,1,
1915,262,1,79,0,,3,,,1,1,
1916,262,2,3,3,,3,,,1,1,
1917,262,3,6,0,,3,,,1,1,
1918,262,4,3,3,,3,,,1,1,
1919,262,5,43,0,,3,,,1,1,
1920,262,6,3,3,,3,,,1,1,
1921,262,7,40,0,,3,,,1,1,
1922,262,8,3,3,,3,,,1,1,
1923,263,1,93,0,,3,,,1,1,
1924,263,2,3,3,,3,,,1,1,
1925,263,3,17,0,,3,,,1,1,
1926,263,4,3,3,,3,,,1,1,
1927,263,5,61,0,,3,,,1,1,
1928,263,6,3,3,,3,,,1,1,
1929,264,1,53,0,,3,,,1,1,
1930,264,2,3,3,,3,,,1,1,
1931,264,3,41,0,,3,,,1,1,
1932,264,4,3,3,,3,,,1,1,
1933,264,5,40,0,,3,,,1,1,
1934,264,6,3,3,,3,,,1,1,
1935,264,7,24,0,,3,,,1,1,
1936,264,8,3,3,,3,,,1,1,
1937,264,9,7,0,,3,,,1,1,
1938,264,10,3,3,,3,,,1,1,
1939,265,1,70,0,,3,,,1,1,
1940,265,2,3,3,,3,,,1,1,
1941,265,3,46,0,,3,,,1,1,
1942,265,4,3,3,,3,,,1,1,
1943,265,5,6,0,,3,,,1,1,
1944,265,6,3,3,,3,,,1,1,
1945,265,7,37,0,,3,,,1,1,
1946,265,8,3,3,,3,,,1,1,
1947,265,9,6,0,,3,,,1,1,
1948,265,10,3,3,,3,,,1,1,
1949,266,1,76,0,,3,,,1,1,
1950,266,2,3,3,,3,,,1,1,
1951,266,3,48,0,,3,,,1,1,
1952,266,4,3,3,,3,,,1,1,
1953,266,5,7,0,,3,,,1,1,
1954,266,6,3,3,,3,,,1,1,
1955,266,7,36,0,,3,,,1,1,
1956,266,8,3,3,,3,,,1,1,
1957,267,1,58,0,,3,,,1,1,
1958,267,2,3,3,,3,,,1,1,
1959,267,3,42,0,,3,,,1,1,
1960,267,4,3,3,,3,,,1,1,
1961,267,5,36,0,,3,,,1,1,
1962,267,6,3,3,,3,,,1,1,
1963,267,7,32,0,,3,,,1,1,
1964,267,8,3,3,,3,,,1,1,
1965,268,1,29,0,,3,,,1,1,
1966,268,2,3,3,,3,,,1,1,
1967,268,3,21,0,,3,,,1,1,
1968,268,4,3,3,,3,,,1,1,
1969,268,5,6,0,,3,,,1,1,
1970,268,6,3,3,,3,,,1,1,
1971,269,1,93,0,,3,,,1,1,
1972,269,2,3,3,,3,,,1,1,
1973,269,3,48,0,,3,,,1,1,
1974,269,4,3,3,,3,,,1,1,
1975,269,5,30,0,,3,,,1,1,
1976,269,6,3,3,,3,,,1,1,
1977,270,1,81,0,,3,,,1,1,
1978,270,2,3,3,,3,,,1,1,
1979,270,3,31,0,,3,,,1,1,
1980,270,4,3,3,,3,,,1,1,
1981,270,5,32,0,,3,,,1,1,
1982,270,6,3,3,,3,,,1,1,
1983,270,7,24,0,,3,,,1,1,
1984,270,8,3,3,,3,,,1,1,
1985,271,1,109,0,,3,,,1,1,
1986,271,2,3,3,,3,,,1,1,
1987,271,3,65,0,,3,,,1,1,
1988,271,4,3,3,,3,,,1,1,
1989,272,1,59,0,,3,,,1,1,
1990,272,2,3,3,,3,,,1,1,
1991,272,3,52,0,,3,,,1,1,
1992,272,4,3,3,,3,,,1,1,
1993,272,5,22,0,,3,,,1,1,
1994,272,6,3,3,,3,,,1,1,
1995,272,7,35,0,,3,,,1,1,
1996,272,8,3,3,,3,,,1,1,
1997,273,1,50,0,,3,,,1,1,
1998,273,2,3,3,,3,,,1,1,
1999,273,3,49,0,,3,,,1,1,
2000,273,4,3,3,,3,,,1,1,
2001,273,5,36,0,,3,,,1,1,
2002,273,6,3,3,,3,,,1,1,
2003,273,7,33,0,,3,,,1,1,
2004,273,8,3,3,,3,,,1,1,
2005,274,1,50,0,,3,,,1,1,
2006,274,2,3,3,,3,,,1,1,
2007,274,3,70,0,,3,,,1,1,
2008,274,4,3,3,,3,,,1,1,
2009,274,5,51,0,,3,,,1,1,
2010,274,6,3,3,,3,,,1,1,
2011,275,1,17,0,,3,,,1,1,
2012,275,2,3,3,,3,,,1,1,
2013,275,3,38,0,,3,,,1,1,
2014,275,4,3,3,,3,,,1,1,
2015,275,5,55,0,,3,,,1,1,
2016,275,6,3,3,,3,,,1,1,
2017,275,7,33,0,,3,,,1,1,
2018,275,8,3,3,,3,,,1,1,
2019,275,9,22,0,,3,,,1,1,
2020,275,10,3,3,,3,,,1,1,
2021,276,1,71,0,,3,,,1,1,
2022,276,2,3,3,,3,,,1,1,
2023,276,3,24,0,,3,,,1,1,
2024,276,4,3,3,,3,,,1,1,
2025,276,5,37,0,,3,,,1,1,
2026,276,6,3,3,,3,,,1,1,
2027,276,7,36,0,,3,,,1,1,
2028,276,8,3,3,,3,,,1,1,
2029,277,1,100,0,,3,,,1,1,
2030,277,2,3,3,,3,,,1,1,
2031,277,3,38,0,,3,,,1,1,
2032,277,4,3,3,,3,,,1,1,
2033,277,5,33,0,,3,,,1,1,
2034,277,6,3,3,,3,,,1,1,
2035,278,1,76,0,,3,,,1,1,
2036,278,2,3,3,,3,,,1,1,
2037,278,3,73,0,,3,,,1,1,
2038,278,4,3,3,,3,,,1,1,
2039,278,5,23,0,,3,,,1,1,
2040,278,6,3,3,,3,,,1,1,
2041,279,1,85,0,,3,,,1,1,
2042,279,2,3,3,,3,,,1,1,
2043,279,3,58,0,,3,,,1,1,
2044,279,4,3,3,,3,,,1,1,
2045,279,5,28,0,,3,,,1,1,
2046,279,6,3,3,,3,,,1,1,
2047,280,1,32,0,,3,,,1,1,
2048,280,2,3,3,,3,,,1,1,
2049,280,3,36,0,,3,,,1,1,
2050,280,4,3,3,,3,,,1,1,
2051,280,5,52,0,,3,,,1,1,
2052,280,6,3,3,,3,,,1,1,
2053,280,7,7,0,,3,,,1,1,
2054,280,8,3,3,,3,,,1,1,
2055,280,9,38,0,,3,,,1,1,
2056,280,10,3,3,,3,,,1,1,
2057,281,1,66,0,,3,,,1,1,
2058,281,2,3,3,,3,,,1,1,
2059,281,3,60,0,,3,,,1,1,
2060,281,4,3,3,,3,,,1,1,
2061,281,5,33,0,,3,,,1,1,
2062,281,6,3,3,,3,,,1,1,
2063,281,7,9,0,,3,,,1,1,
2064,281,8,3,3,,3,,,1,1,
2065,282,1,65,0,,3,,,1,1,
2066,282,2,3,3,,3,,,1,1,
2067,282,3,61,0,,3,,,1,1,
2068,282,4,3,3,,3,,,1,1,
2069,282,5,45,0,,3,,,1,1,
2070,282,6,3,3,,3,,,1,1,
2071,283,1,27,0,,3,,,1,1,
2072,283,2,3,3,,3,,,1,1,
2073,283,3,30,0,,3,,,1,1,
2074,283,4,3,3,,3,,,1,1,
2075,283,5,56,0,,3,,,1,1,
2076,283,6,3,3,,3,,,1,1,
2077,283,7,6,0,,3,,,1,1,
2078,283,8,3,3,,3,,,1,1,
2079,283,9,45,0,,3,,,1,1,
2080,283,10,3,3,,3,,,1,1,
2081,284,1,83,0,,3,,,1,1,
2082,284,2,3,3,,3,,,1,1,
2083,284,3,73,0,,3,,,1,1,
2084,284,4,3,3,,3,,,1,1,
2085,284,5,14,0,,3,,,1,1,
2086,284,6,3,3,,3,,,1,1,
2087,285,1,86,0,,3,,,1,1,
2088,285,2,3,3,,3,,,1,1,
2089,285,3,57,0,,3,,,1,1,
2090,285,4,3,3,,3,,,1,1,
2091,285,5,29,0,,3,,,1,1,
2092,285,6,3,3,,3,,,1,1,
2093,286,1,118,0,,3,,,1,1,
2094,286,2,3,3,,3,,,1,1,
2095,286,3,38,0,,3,,,1,1,
2096,286,4,3,3,,3,,,1,1,
2097,286,5,14,0,,3,,,1,1,
2098,286,6,3,3,,3,,,1,1,
2099,287,1,95,0,,3,,,1,1,
2100,287,2,3,3,,3,,,1,1,
2101,287,3,55,0,,3,,,1,1,
2102,287,4,3,3,,3,,,1,1,
2103,287,5,12,0,,3,,,1,1,
2104,287,6,3,3,,3,,,1,1,
2105,287,7,6,0,,3,,,1,1,
2106,287,8,3,3,,3,,,1,1,
2107,288,1,40,0,,3,,,1,1,
2108,288,2,3,3,,3,,,1,1,
2109,288,3,35,0,,3,,,1,1,
2110,288,4,3,3,,3,,,1,1,
2111,288,5,24,0,,3,,,1,1,
2112,288,6,3,3,,3,,,1,1,
2113,288,7,26,0,,3,,,1,1,
2114,288,8,3,3,,3,,,1,1,
2115,288,9,19,0,,3,,,1,1,
2116,288,10,3,3,,3,,,1,1,
2117,288,11,18,0,,3,,,1,1,
2118,288,12,3,3,,3,,,1,1,
2119,289,1,58,0,,3,,,1,1,
2120,289,2,3,3,,3,,,1,1,
2121,289,3,57,0,,3,,,1,1,
2122,289,4,3,3,,3,,,1,1,
2123,289,5,41,0,,3,,,1,1,
2124,289,6,3,3,,3,,,1,1,
2125,289,7,12,0,,3,,,1,1,
2126,289,8,3,3,,3,,,1,1,
2127,290,1,106,0,,3,,,1,1,
2128,290,2,3,3,,3,,,1,1,
2129,290,3,49,0,,3,,,1,1,
2130,290,4,3,3,,3,,,1,1,
2131,290,5,16,0,,3,,,1,1,
2132,290,6,3,3,,3,,,1,1,
2133,291,1,78,0,,3,,,1,1,
2134,291,2,3,3,,3,,,1,1,
2135,291,3,23,0,,3,,,1,1,
2136,291,4,3,3,,3,,,1,1,
2137,291,5,39,0,,3,,,1,1,
2138,291,6,3,3,,3,,,1,1,
2139,291,7,29,0,,3,,,1,1,
2140,291,8,3,3,,3,,,1,1,
2141,292,1,75,0,,3,,,1,1,
2142,292,2,3,3,,3,,,1,1,
2143,292,3,42,0,,3,,,1,1,
2144,292,4,3,3,,3,,,1,1,
2145,292,5,39,0,,3,,,1,1,
2146,292,6,3,3,,3,,,1,1,
2147,292,7,13,0,,3,,,1,1,
2148,292,8,3,3,,3,,,1,1,
2149,293,1,48,0,,3,,,1,1,
2150,293,2,3,3,,3,,,1,1,
2151,293,3,18,0,,3,,,1,1,
2152,293,4,3,3,,3,,,1,1,
2153,293,5,6,0,,3,,,1,1,
2154,293,6,3,3,,3,,,1,1,
2155,293,7,6,0,,3,,,1,1,
2156,293,8,3,3,,3,,,1,1,
2157,294,1,76,0,,3,,,1,1,
2158,294,2,3,3,,3,,,1,1,
2159,294,3,6,0,,3,,,1,1,
2160,294,4,3,3,,3,,,1,1,
2161,294,5,58,0,,3,,,1,1,
2162,294,6,3,3,,3,,,1,1,
2163,294,7,28,0,,3,,,1,1,
2164,294,8,3,3,,3,,,1,1,
2165,295,1,18,0,,3,,,1,1,
2166,295,2,3,3,,3,,,1,1,
2167,295,3,15,0,,3,,,1,1,
2168,295,4,3,3,,3,,,1,1,
2169,295,5,7,0,,3,,,1,1,
2170,295,6,3,3,,3,,,1,1,
2171,295,7,7,0,,3,,,1,1,
2172,295,8,3,3,,3,,,1,1,
2173,296,1,6,0,,3,,,1,1,
2174,296,2,3,3,,3,,,1,1,
2175,296,3,51,0,,3,,,1,1,
2176,296,4,3,3,,3,,,1,1,
2177,296,5,50,0,,3,,,1,1,
2178,296,6,3,3,,3,,,1,1,
2179,296,7,43,0,,3,,,1,1,
2180,296,8,3,3,,3,,,1,1,
2181,296,9,6,0,,3,,,1,1,
2182,296,10,3,3,,3,,,1,1,
2183,296,11,6,0,,3,,,1,1,
2184,296,12,3,3,,3,,,1,1,
2185,297,1,34,0,,3,,,1,1,
2186,297,2,3,3,,3,,,1,1,
2187,297,3,13,0,,3,,,1,1,
2188,297,4,3,3,,3,,,1,1,
2189,297,5,6,0,,3,,,1,1,
2190,297,6,3,3,,3,,,1,1,
2191,298,1,58,0,,3,,,1,1,
2192,298,2,3,3,,3,,,1,1,
2193,298,3,26,0,,3,,,1,1,
2194,298,4,3,3,,3,,,1,1,
2195,298,5,12,0,,3,,,1,1,
2196,298,6,3,3,,3,,,1,1,
2197,298,7,6,0,,3,,,1,1,
2198,298,8,3,3,,3,,,1,1,
2199,298,9,14,0,,3,,,1,1,
2200,298,10,3,3,,3,,,1,1,
2201,298,11,6,0,,3,,,1,1,
2202,298,12,3,3,,3,,,1,1,
2203,298,13,37,0,,3,,,1,1,
2204,298,14,3,3,,3,,,1,1,
2205,299,1,38,0,,3,,,1,1,
2206,299,2,3,3,,3,,,1,1,
2207,299,3,6,0,,3,,,1,1,
2208,299,4,3,3,,3,,,1,1,
2209,299,5,6,0,,3,,,1,1,
2210,299,6,3,3,,3,,,1,1,
2211,299,7,6,0,,3,,,1,1,
2212,299,8,3,3,,3,,,1,1,
2213,300,1,103,0,,3,,,1,1,
2214,300,2,3,3,,3,,,1,1,
2215,300,3,52,0,,3,,,1,1,
2216,300,4,3,3,,3,,,1,1,
2217,300,5,16,0,,3,,,1,1,
2218,300,6,3,3,,3,,,1,1,
2219,301,1,77,0,,3,,,1,1,
2220,301,2,3,3,,3,,,1,1,
2221,301,3,59,0,,3,,,1,1,
2222,301,4,3,3,,3,,,1,1,
2223,301,5,34,0,,3,,,1,1,
2224,301,6,3,3,,3,,,1,1,
2225,302,1,58,0,,3,,,1,1,
2226,302,2,3,3,,3,,,1,1,
2227,302,3,22,0,,3,,,1,1,
2228,302,4,3,3,,3,,,1,1,
2229,302,5,17,0,,3,,,1,1,
2230,302,6,3,3,,3,,,1,1,
2231,302,7,10,0,,3,,,1,1,
2232,302,8,3,3,,3,,,1,1,
2233,302,9,58,0,,3,,,1,1,
2234,302,10,3,3,,3,,,1,1,
2235,303,1,37,0,,3,,,1,1,
2236,303,2,3,3,,3,,,1,1,
2237,303,3,12,0,,3,,,1,1,
2238,303,4,3,3,,3,,,1,1,
2239,303,5,7,0,,3,,,1,1,
2240,303,6,3,3,,3,,,1,1,
2241,303,7,6,0,,3,,,1,1,
2242,303,8,3,3,,3,,,1,1,
2243,304,1,35,0,,3,,,1,1,
2244,304,2,3,3,,3,,,1,1,
2245,304,3,51,0,,3,,,1,1,
2246,304,4,3,3,,3,,,1,1,
2247,304,5,34,0,,3,,,1,1,
2248,304,6,3,3,,3,,,1,1,
2249,304,7,10,0,,3,,,1,1,
2250,304,8,3,3,,3,,,1,1,
2251,304,9,35,0,,3,,,1,1,
2252,304,10,3,3,,3,,,1,1,
2253,305,1,60,0,,3,,,1,1,
2254,305,2,3,3,,3,,,1,1,
2255,305,3,14,0,,3,,,1,1,
2256,305,4,3,3,,3,,,1,1,
2257,305,5,59,0,,3,,,1,1,
2258,305,6,3,3,,3,,,1,1,
2259,305,7,35,0,,3,,,1,1,
2260,305,8,3,3,,3,,,1,1,
2261,306,1,6,0,,3,,,1,1,
2262,306,2,3,3,,3,,,1,1,
2263,306,3,54,0,,3,,,1,1,
2264,306,4,3,3,,3,,,1,1,
2265,306,5,45,0,,3,,,1,1,
2266,306,6,3,3,,3,,,1,1,
2267,306,7,33,0,,3,,,1,1,
2268,306,8,3,3,,3,,,1,1,
2269,306,9,27,0,,3,,,1,1,
2270,306,10,3,3,,3,,,1,1,
2271,307,1,61,0,,3,,,1,1,
2272,307,2,3,3,,3,,,1,1,
2273,307,3,47,0,,3,,,1,1,
2274,307,4,3,3,,3,,,1,1,
2275,307,5,29,0,,3,,,1,1,
2276,307,6,3,3,,3,,,1,1,
2277,307,7,22,0,,3,,,1,1,
2278,307,8,3,3,,3,,,1,1,
2279,307,9,6,0,,3,,,1,1,
2280,307,10,3,3,,3,,,1,1,
2281,308,1,93,0,,3,,,1,1,
2282,308,2,3,3,,3,,,1,1,
2283,308,3,81,0,,3,,,1,1,
2284,308,4,3,3,,3,,,1,1,
2285,309,1,122,0,,3,,,1,1,
2286,309,2,3,3,,3,,,1,1,
2287,309,3,43,0,,3,,,1,1,
2288,309,4,3,3,,3,,,1,1,
2289,309,5,7,0,,3,,,1,1,
2290,309,6,3,3,,3,,,1,1,
2291,310,1,61,0,,3,,,1,1,
2292,310,2,3,3,,3,,,1,1,
2293,310,3,6,0,,3,,,1,1,
2294,310,4,3,3,,3,,,1,1,
2295,310,5,52,0,,3,,,1,1,
2296,310,6,3,3,,3,,,1,1,
2297,310,7,49,0,,3,,,1,1,
2298,310,8,3,3,,3,,,1,1,
2299,311,1,55,0,,3,,,1,1,
2300,311,2,3,3,,3,,,1,1,
2301,311,3,45,0,,3,,,1,1,
2302,311,4,3,3,,3,,,1,1,
2303,311,5,54,0,,3,,,1,1,
2304,311,6,3,3,,3,,,1,1,
2305,311,7,14,0,,3,,,1,1,
2306,311,8,3,3,,3,,,1,1,
2307,312,1,20,0,,3,,,1,1,
2308,312,2,3,3,,3,,,1,1,
2309,312,3,58,0,,3,,,1,1,
2310,312,4,3,3,,3,,,1,1,
2311,312,5,65,0,,3,,,1,1,
2312,312,6,3,3,,3,,,1,1,
2313,312,7,6,0,,3,,,1,1,
2314,312,8,3,3,,3,,,1,1,
2315,312,9,16,0,,3,,,1,1,
2316,312,10,3,3,,3,,,1,1,
2317,313,1,79,0,,3,,,1,1,
2318,313,2,3,3,,3,,,1,1,
2319,313,3,6,0,,3,,,1,1,
2320,313,4,3,3,,3,,,1,1,
2321,313,5,77,0,,3,,,1,1,
2322,313,6,3,3,,3,,,1,1,
2323,313,7,6,0,,3,,,1,1,
2324,313,8,3,3,,3,,,1,1,
2325,314,1,60,0,,3,,,1,1,
2326,314,2,3,3,,3,,,1,1,
2327,314,3,7,0,,3,,,1,1,
2328,314,4,3,3,,3,,,1,1,
2329,314,5,6,0,,3,,,1,1,
2330,314,6,3,3,,3,,,1,1,
2331,314,7,6,0,,3,,,1,1,
2332,314,8,3,3,,3,,,1,1,
2333,315,1,52,0,,3,,,1,1,
2334,315,2,3,3,,3,,,1,1,
2335,315,3,24,0,,3,,,1,1,
2336,315,4,3,3,,3,,,1,1,
2337,315,5,46,0,,3,,,1,1,
2338,315,6,3,3,,3,,,1,1,
2339,315,7,19,0,,3,,,1,1,
2340,315,8,3,3,,3,,,1,1,
2341,315,9,24,0,,3,,,1,1,
2342,315,10,3,3,,3,,,1,1,
2343,316,1,88,0,,3,,,1,1,
2344,316,2,3,3,,3,,,1,1,
2345,316,3,52,0,,3,,,1,1,
2346,316,4,3,3,,3,,,1,1,
2347,316,5,32,0,,3,,,1,1,
2348,316,6,3,3,,3,,,1,1,
2349,317,1,57,0,,3,,,1,1,
2350,317,2,3,3,,3,,,1,1,
2351,317,3,65,0,,3,,,1,1,
2352,317,4,3,3,,3,,,1,1,
2353,317,5,23,0,,3,,,1,1,
2354,317,6,3,3,,3,,,1,1,
2355,317,7,14,0,,3,,,1,1,
2356,317,8,3,3,,3,,,1,1,
2357,317,9,6,0,,3,,,1,1,
2358,317,10,3,3,,3,,,1,1,
2359,318,1,52,0,,3,,,1,1,
2360,318,2,3,3,,3,,,1,1,
2361,318,3,18,0,,3,,,1,1,
2362,318,4,3,3,,3,,,1,1,
2363,318,5,10,0,,3,,,1,1,
2364,318,6,3,3,,3,,,1,1,
2365,318,7,6,0,,3,,,1,1,
2366,318,8,3,3,,3,,,1,1,
2367,318,9,6,0,,3,,,1,1,
2368,318,10,3,3,,3,,,1,1,
2369,319,1,84,0,,3,,,1,1,
2370,319,2,3,3,,3,,,1,1,
2371,319,3,56,0,,3,,,1,1,
2372,319,4,3,3,,3,,,1,1,
2373,319,5,31,0,,3,,,1,1,
2374,319,6,3,3,,3,,,1,1,
2375,320,1,63,0,,3,,,1,1,
2376,320,2,3,3,,3,,,1,1,
2377,320,3,57,0,,3,,,1,1,
2378,320,4,3,3,,3,,,1,1,
2379,320,5,24,0,,3,,,1,1,
2380,320,6,3,3,,3,,,1,1,
2381,320,7,6,0,,3,,,1,1,
2382,320,8,3,3,,3,,,1,1,
2383,320,9,15,0,,3,,,1,1,
2384,320,10,3,3,,3,,,1,1,
2385,321,1,46,0,,3,,,1,1,
2386,321,2,3,3,,3,,,1,1,
2387,321,3,8,0,,3,,,1,1,
2388,321,4,3,3,,3,,,1,1,
2389,322,1,78,0,,3,,,1,1,
2390,322,2,3,3,,3,,,1,1,
2391,322,3,49,0,,3,,,1,1,
2392,322,4,3,3,,3,,,1,1,
2393,322,5,31,0,,3,,,1,1,
2394,322,6,3,3,,3,,,1,1,
2395,322,7,10,0,,3,,,1,1,
2396,322,8,3,3,,3,,,1,1,
2397,323,1,78,0,,3,,,1,1,
2398,323,2,3,3,,3,,,1,1,
2399,323,3,29,0,,3,,,1,1,
2400,323,4,3,3,,3,,,1,1,
2401,323,5,43,0,,3,,,1,1,
2402,323,6,3,3,,3,,,1,1,
2403,323,7,18,0,,3,,,1,1,
2404,323,8,3,3,,3,,,1,1,
2405,324,1,62,0,,3,,,1,1,
2406,324,2,3,3,,3,,,1,1,
2407,324,3,34,0,,3,,,1,1,
2408,324,4,3,3,,3,,,1,1,
2409,324,5,18,0,,3,,,1,1,
2410,324,6,3,3,,3,,,1,1,
2411,324,7,45,0,,3,,,1,1,
2412,324,8,3,3,,3,,,1,1,
2413,324,9,6,0,,3,,,1,1,
2414,324,10,3,3,,3,,,1,1,
2415,325,1,61,0,,3,,,1,1,
2416,325,2,3,3,,3,,,1,1,
2417,325,3,52,0,,3,,,1,1,
2418,325,4,3,3,,3,,,1,1,
2419,326,1,88,0,,3,,,1,1,
2420,326,2,3,3,,3,,,1,1,
2421,326,3,77,0,,3,,,1,1,
2422,326,4,3,3,,3,,,1,1,
2423,326,5,6,0,,3,,,1,1,
2424,326,6,3,3,,3,,,1,1,
2425,327,1,108,0,,3,,,1,1,
2426,327,2,3,3,,3,,,1,1,
2427,327,3,55,0,,3,,,1,1,
2428,327,4,3,3,,3,,,1,1,
2429,327,5,8,0,,3,,,1,1,
2430,327,6,3,3,,3,,,1,1,
2431,328,1,103,0,,3,,,1,1,
2432,328,2,3,3,,3,,,1,1,
2433,328,3,71,0,,3,,,1,1,
2434,328,4,3,3,,3,,,1,1,
2435,329,1,71,0,,3,,,1,1,
2436,329,2,3,3,,3,,,1,1,
2437,329,3,71,0,,3,,,1,1,
2438,329,4,3,3,,3,,,1,1,
2439,329,5,29,0,,3,,,1,1,
2440,329,6,3,3,,3,,,1,1,
2441,330,1,96,0,,3,,,1,1,
2442,330,2,3,3,,3,,,1,1,
2443,330,3,58,0,,3,,,1,1,
2444,330,4,3,3,,3,,,1,1,
2445,330,5,17,0,,3,,,1,1,
2446,330,6,3,3,,3,,,1,1,
2447,331,1,126,0,,3,,,1,1,
2448,331,2,3,3,,3,,,1,1,
2449,331,3,23,0,,3,,,1,1,
2450,331,4,3,3,,3,,,1,1,
2451,331,5,22,0,,3,,,1,1,
2452,331,6,3,3,,3,,,1,1,
2453,332,1,74,0,,3,,,1,1,
2454,332,2,3,3,,3,,,1,1,
2455,332,3,69,0,,3,,,1,1,
2456,332,4,3,3,,3,,,1,1,
2457,332,5,28,0,,3,,,1,1,
2458,332,6,3,3,,3,,,1,1,
2459,333,1,60,0,,3,,,1,1,
2460,333,2,3,3,,3,,,1,1,
2461,333,3,52,0,,3,,,1,1,
2462,333,4,3,3,,3,,,1,1,
2463,333,5,42,0,,3,,,1,1,
2464,333,6,3,3,,3,,,1,1,
2465,333,7,13,0,,3,,,1,1,
2466,333,8,3,3,,3,,,1,1,
2467,334,1,88,0,,3,,,1,1,
2468,334,2,3,3,,3,,,1,1,
2469,334,3,35,0,,3,,,1,1,
2470,334,4,3,3,,3,,,1,1,
2471,334,5,48,0,,3,,,1,1,
2472,334,6,3,3,,3,,,1,1,
2473,335,1,55,0,,3,,,1,1,
2474,335,2,3,3,,3,,,1,1,
2475,335,3,53,0,,3,,,1,1,
2476,335,4,3,3,,3,,,1,1,
2477,335,5,35,0,,3,,,1,1,
2478,335,6,3,3,,3,,,1,1,
2479,335,7,24,0,,3,,,1,1,
2480,335,8,3,3,,3,,,1,1,
2481,336,1,43,0,,3,,,1,1,
2482,336,2,3,3,,3,,,1,1,
2483,336,3,20,0,,3,,,1,1,
2484,336,4,3,3,,3,,,1,1,
2485,336,5,12,0,,3,,,1,1,
2486,336,6,3,3,,3,,,1,1,
2487,336,7,62,0,,3,,,1,1,
2488,336,8,3,3,,3,,,1,1,
2489,336,9,19,0,,3,,,1,1,
2490,336,10,3,3,,3,,,1,1,
2491,336,11,6,0,,3,,,1,1,
2492,336,12,3,3,,3,,,1,1,
2493,337,1,69,0,,3,,,1,1,
2494,337,2,3,3,,3,,,1,1,
2495,337,3,62,0,,3,,,1,1,
2496,337,4,3,3,,3,,,1,1,
2497,337,5,41,0,,3,,,1,1,
2498,337,6,3,3,,3,,,1,1,
2499,338,1,80,0,,3,,,1,1,
2500,338,2,3,3,,3,,,1,1,
2501,338,3,72,0,,3,,,1,1,
2502,338,4,3,3,,3,,,1,1,
2503,338,5,19,0,,3,,,1,1,
2504,338,6,3,3,,3,,,1,1,
2505,339,1,93,0,,3,,,1,1,
2506,339,2,3,3,,3,,,1,1,
2507,339,3,6,0,,3,,,1,1,
2508,339,4,3,3,,3,,,1,1,
2509,339,5,63,0,,3,,,1,1,
2510,339,6,3,3,,3,,,1,1,
2511,339,7,6,0,,3,,,1,1,
2512,339,8,3,3,,3,,,1,1,
2513,340,1,100,0,,3,,,1,1,
2514,340,2,3,3,,3,,,1,1,
2515,340,3,6,0,,3,,,1,1,
2516,340,4,3,3,,3,,,1,1,
2517,340,5,65,0,,3,,,1,1,
2518,340,6,3,3,,3,,,1,1,
2519,341,1,33,0,,3,,,1,1,
2520,341,2,3,3,,3,,,1,1,
2521,341,3,12,0,,3,,,1,1,
2522,341,4,3,3,,3,,,1,1,
2523,341,5,6,0,,3,,,1,1,
2524,341,6,3,3,,3,,,1,1,
2525,342,1,88,0,,3,,,1,1,
2526,342,2,3,3,,3,,,1,1,
2527,342,3,33,0,,3,,,1,1,
2528,342,4,3,3,,3,,,1,1,
2529,342,5,6,0,,3,,,1,1,
2530,342,6,3,3,,3,,,1,1,
2531,343,1,57,0,,3,,,1,1,
2532,343,2,3,3,,3,,,1,1,
2533,343,3,51,0,,3,,,1,1,
2534,343,4,3,3,,3,,,1,1,
2535,343,5,38,0,,3,,,1,1,
2536,343,6,3,3,,3,,,1,1,
2537,343,7,22,0,,3,,,1,1,
2538,343,8,3,3,,3,,,1,1,
2539,344,1,74,0,,3,,,1,1,
2540,344,2,3,3,,3,,,1,1,
2541,344,3,56,0,,3,,,1,1,
2542,344,4,3,3,,3,,,1,1,
2543,344,5,32,0,,3,,,1,1,
2544,344,6,3,3,,3,,,1,1,
2545,344,7,6,0,,3,,,1,1,
2546,344,8,3,3,,3,,,1,1,
2547,345,1,43,0,,3,,,1,1,
2548,345,2,3,3,,3,,,1,1,
2549,345,3,16,0,,3,,,1,1,
2550,345,4,3,3,,3,,,1,1,
2551,345,5,31,0,,3,,,1,1,
2552,345,6,3,3,,3,,,1,1,
2553,345,7,56,0,,3,,,1,1,
2554,345,8,3,3,,3,,,1,1,
2555,345,9,19,0,,3,,,1,1,
2556,345,10,3,3,,3,,,1,1,
2557,346,1,95,0,,3,,,1,1,
2558,346,2,3,3,,3,,,1,1,
2559,346,3,6,0,,3,,,1,1,
2560,346,4,3,3,,3,,,1,1,
2561,346,5,42,0,,3,,,1,1,
2562,346,6,3,3,,3,,,1,1,
2563,346,7,26,0,,3,,,1,1,
2564,346,8,3,3,,3,,,1,1,
2565,347,1,58,0,,3,,,1,1,
2566,347,2,3,3,,3,,,1,1,
2567,347,3,21,0,,3,,,1,1,
2568,347,4,3,3,,3,,,1,1,
2569,347,5,45,0,,3,,,1,1,
2570,347,6,3,3,,3,,,1,1,
2571,347,7,43,0,,3,,,1,1,
2572,347,8,3,3,,3,,,1,1,
2573,348,1,98,0,,3,,,1,1,
2574,348,2,3,3,,3,,,1,1,
2575,348,3,67,0,,3,,,1,1,
2576,348,4,3,3,,3,,,1,1,
2577,348,5,6,0,,3,,,1,1,
2578,348,6,3,3,,3,,,1,1,
2579,349,1,97,0,,3,,,1,1,
2580,349,2,3,3,,3,,,1,1,
2581,349,3,34,0,,3,,,1,1,
2582,349,4,3,3,,3,,,1,1,
2583,349,5,20,0,,3,,,1,1,
2584,349,6,3,3,,3,,,1,1,
2585,349,7,16,0,,3,,,1,1,
2586,349,8,3,3,,3,,,1,1,
2587,350,1,111,0,,3,,,1,1,
2588,350,2,3,3,,3,,,1,1,
2589,350,3,46,0,,3,,,1,1,
2590,350,4,3,3,,3,,,1,1,
2591,350,5,13,0,,3,,,1,1,
2592,350,6,3,3,,3,,,1,1,
2593,351,1,96,0,,3,,,1,1,
2594,351,2,3,3,,3,,,1,1,
2595,351,3,25,0,,3,,,1,1,
2596,351,4,3,3,,3,,,1,1,
2597,351,5,41,0,,3,,,1,1,
2598,351,6,3,3,,3,,,1,1,
2599,351,7,6,0,,3,,,1,1,
2600,351,8,3,3,,3,,,1,1,
2601,352,1,66,0,,3,,,1,1,
2602,352,2,3,3,,3,,,1,1,
2603,352,3,26,0,,3,,,1,1,
2604,352,4,3,3,,3,,,1,1,
2605,352,5,79,0,,3,,,1,1,
2606,352,6,3,3,,3,,,1,1,
2607,353,1,115,0,,3,,,1,1,
2608,353,2,3,3,,3,,,1,1,
2609,353,3,46,0,,3,,,1,1,
2610,353,4,3,3,,3,,,1,1,
2611,353,5,9,0,,3,,,1,1,
2612,353,6,3,3,,3,,,1,1,
2613,354,1,60,0,,3,,,1,1,
2614,354,2,3,3,,3,,,1,1,
2615,354,3,43,0,,3,,,1,1,
2616,354,4,3,3,,3,,,1,1,
2617,354,5,30,0,,3,,,1,1,
2618,354,6,3,3,,3,,,1,1,
2619,354,7,34,0,,3,,,1,1,
2620,354,8,3,3,,3,,,1,1,
2621,355,1,75,0,,3,,,1,1,
2622,355,2,3,3,,3,,,1,1,
2623,355,3,47,0,,3,,,1,1,
2624,355,4,3,3,,3,,,1,1,
2625,355,5,40,0,,3,,,1,1,
2626,355,6,3,3,,3,,,1,1,
2627,355,7,6,0,,3,,,1,1,
2628,355,8,3,3,,3,,,1,1,
2629,356,1,25,0,,3,,,1,1,
2630,356,2,3,3,,3,,,1,1,
2631,356,3,49,0,,3,,,1,1,
2632,356,4,3,3,,3,,,1,1,
2633,356,5,49,0,,3,,,1,1,
2634,356,6,3,3,,3,,,1,1,
2635,356,7,17,0,,3,,,1,1,
2636,356,8,3,3,,3,,,1,1,
2637,356,9,25,0,,3,,,1,1,
2638,356,10,3,3,,3,,,1,1,
2639,357,1,66,0,,3,,,1,1,
2640,357,2,3,3,,3,,,1,1,
2641,357,3,58,0,,3,,,1,1,
2642,357,4,3,3,,3,,,1,1,
2643,357,5,25,0,,3,,,1,1,
2644,357,6,3,3,,3,,,1,1,
2645,357,7,19,0,,3,,,1,1,
2646,357,8,3,3,,3,,,1,1,
2647,358,1,96,0,,3,,,1,1,
2648,358,2,3,3,,3,,,1,1,
2649,358,3,6,0,,3,,,1,1,
2650,358,4,3,3,,3,,,1,1,
2651,358,5,69,0,,3,,,1,1,
2652,358,6,3,3,,3,,,1,1,
2653,359,1,17,0,,3,,,1,1,
2654,359,2,3,3,,3,,,1,1,
2655,359,3,41,0,,3,,,1,1,
2656,359,4,3,3,,3,,,1,1,
2657,359,5,27,0,,3,,,1,1,
2658,359,6,3,3,,3,,,1,1,
2659,359,7,47,0,,3,,,1,1,
2660,359,8,3,3,,3,,,1,1,
2661,359,9,33,0,,3,,,1,1,
2662,359,10,3,3,,3,,,1,1,
2663,360,1,67,0,,3,,,1,1,
2664,360,2,3,3,,3,,,1,1,
2665,360,3,54,0,,3,,,1,1,
2666,360,4,3,3,,3,,,1,1,
2667,360,5,50,0,,3,,,1,1,
2668,360,6,3,3,,3,,,1,1,
2669,361,1,76,0,,3,,,1,1,
2670,361,2,3,3,,3,,,1,1,
2671,361,3,58,0,,3,,,1,1,
2672,361,4,3,3,,3,,,1,1,
2673,361,5,37,0,,3,,,1,1,
2674,361,6,3,3,,3,,,1,1,
2675,362,1,74,0,,3,,,1,1,
2676,362,2,3,3,,3,,,1,1,
2677,362,3,11,0,,3,,,1,1,
2678,362,4,3,3,,3,,,1,1,
2679,362,5,70,0,,3,,,1,1,
2680,362,6,3,3,,3,,,1,1,
2681,362,7,12,0,,3,,,1,1,
2682,362,8,3,3,,3,,,1,1,
2683,363,1,60,0,,3,,,1,1,
2684,363,2,3,3,,3,,,1,1,
2685,363,3,32,0,,3,,,1,1,
2686,363,4,3,3,,3,,,1,1,
2687,363,5,45,0,,3,,,1,1,
2688,363,6,3,3,,3,,,1,1,
2689,363,7,31,0,,3,,,1,1,
2690,363,8,3,3,,3,,,1,1,
2691,364,1,63,0,,3,,,1,1,
2692,364,2,3,3,,3,,,1,1,
2693,364,3,35,0,,3,,,1,1,
2694,364,4,3,3,,3,,,1,1,
2695,364,5,40,0,,3,,,1,1,
2696,364,6,3,3,,3,,,1,1,
2697,364,7,30,0,,3,,,1,1,
2698,364,8,3,3,,3,,,1,1,
2699,365,1,93,0,,3,,,1,1,
2700,365,2,3,3,,3,,,1,1,
2701,365,3,62,0,,3,,,1,1,
2702,365,4,3,3,,3,,,1,1,
2703,365,5,7,0,,3,,,1,1,
2704,365,6,3,3,,3,,,1,1,
2705,365,7,6,0,,3,,,1,1,
2706,365,8,3,3,,3,,,1,1,
2707,366,1,46,0,,3,,,1,1,
2708,366,2,3,3,,3,,,1,1,
2709,366,3,45,0,,3,,,1,1,
2710,366,4,3,3,,3,,,1,1,
2711,366,5,42,0,,3,,,1,1,
2712,366,6,3,3,,3,,,1,1,
2713,366,7,35,0,,3,,,1,1,
2714,366,8,3,3,,3,,,1,1,
2715,367,1,74,0,,3,,,1,1,
2716,367,2,3,3,,3,,,1,1,
2717,367,3,67,0,,3,,,1,1,
2718,367,4,3,3,,3,,,1,1,
2719,367,5,29,0,,3,,,1,1,
2720,367,6,3,3,,3,,,1,1,
2721,368,1,79,0,,3,,,1,1,
2722,368,2,3,3,,3,,,1,1,
2723,368,3,17,0,,3,,,1,1,
2724,368,4,3,3,,3,,,1,1,
2725,368,5,75,0,,3,,,1,1,
2726,368,6,3,3,,3,,,1,1,
2727,369,1,56,0,,3,,,1,1,
2728,369,2,3,3,,3,,,1,1,
2729,369,3,50,0,,3,,,1,1,
2730,369,4,3,3,,3,,,1,1,
2731,369,5,36,0,,3,,,1,1,
2732,369,6,3,3,,3,,,1,1,
2733,369,7,26,0,,3,,,1,1,
2734,369,8,3,3,,3,,,1,1,
2735,370,1,38,0,,3,,,1,1,
2736,370,2,3,3,,3,,,1,1,
2737,370,3,6,0,,3,,,1,1,
2738,370,4,3,3,,3,,,1,1,
2739,370,5,10,0,,3,,,1,1,
2740,370,6,3,3,,3,,,1,1,
2741,370,7,9,0,,3,,,1,1,
2742,370,8,3,3,,3,,,1,1,
2743,371,1,117,0,,3,,,1,1,
2744,371,2,3,3,,3,,,1,1,
2745,371,3,31,0,,3,,,1,1,
2746,371,4,3,3,,3,,,1,1,
2747,371,5,14,0,,3,,,1,1,
2748,371,6,3,3,,3,,,1,1,
2749,371,7,6,0,,3,,,1,1,
2750,371,8,3,3,,3,,,1,1,
2751,372,1,87,0,,3,,,1,1,
2752,372,2,3,3,,3,,,1,1,
2753,372,3,76,0,,3,,,1,1,
2754,372,4,3,3,,3,,,1,1,
2755,372,5,8,0,,3,,,1,1,
2756,372,6,3,3,,3,,,1,1,