model,seed,type,RMSE,MAE,MAPE,train_sensor_MAPE
MTCG S=1,42,Link flow (with sensors),134.57000732421875,92.51000213623047,5.880000069737434,5.798275023698807
MTCG S=1,42,Link flow (without sensors),196.60000610351562,149.75,11.68999969959259,5.798275023698807
MTCG S=1,42,Link flow (total),144.25999450683594,100.04000091552734,6.650000065565109,5.798275023698807
MTCG S=1,42,OD demand,31.459999084472656,22.969999313354492,8.020000159740448,5.798275023698807
MTCG S=1,43,Link flow (with sensors),131.61000061035156,90.91999816894531,5.810000002384186,5.724800005555153
MTCG S=1,43,Link flow (without sensors),201.5399932861328,152.13999938964844,12.060000002384186,5.724800005555153
MTCG S=1,43,Link flow (total),142.77999877929688,98.9800033569336,6.629999727010727,5.724800005555153
MTCG S=1,43,OD demand,28.520000457763672,19.989999771118164,6.889999657869339,5.724800005555153
MTCG S=1,44,Link flow (with sensors),133.32000732421875,91.7300033569336,5.840000137686729,5.769382044672966
MTCG S=1,44,Link flow (without sensors),195.8300018310547,146.2100067138672,11.460000276565552,5.769382044672966
MTCG S=1,44,Link flow (total),143.11000061035156,98.9000015258789,6.5800003707408905,5.769382044672966
MTCG S=1,44,OD demand,29.31999969482422,21.729999542236328,7.4799999594688416,5.769382044672966
MTCG S=2,42,Link flow (with sensors),41.09000015258789,31.760000228881836,1.979999989271164,1.8668550997972488
MTCG S=2,42,Link flow (without sensors),74.87999725341797,56.59000015258789,4.0300000458955765,1.8668550997972488
MTCG S=2,42,Link flow (total),46.95000076293945,35.029998779296875,2.250000089406967,1.8668550997972488
MTCG S=2,42,OD demand,19.84000015258789,14.399999618530273,4.9400001764297485,1.8668550997972488
MTCG S=2,43,Link flow (with sensors),69.5199966430664,53.9900016784668,3.229999914765358,3.206091746687889
MTCG S=2,43,Link flow (without sensors),89.41999816894531,67.87000274658203,4.879999905824661,3.206091746687889
MTCG S=2,43,Link flow (total),72.44999694824219,55.81999969482422,3.449999913573265,3.206091746687889
MTCG S=2,43,OD demand,23.479999542236328,17.399999618530273,5.909999832510948,3.206091746687889
MTCG S=2,44,Link flow (with sensors),40.040000915527344,30.8799991607666,1.9200000911951065,1.8682502210140228
MTCG S=2,44,Link flow (without sensors),72.61000061035156,56.150001525878906,4.050000011920929,1.8682502210140228
MTCG S=2,44,Link flow (total),45.66999816894531,34.20000076293945,2.199999988079071,1.8682502210140228
MTCG S=2,44,OD demand,19.790000915527344,14.600000381469727,5.009999871253967,1.8682502210140228
MTCG S=3,42,Link flow (with sensors),41.40999984741211,32.22999954223633,1.9999999552965164,1.8238170072436333
MTCG S=3,42,Link flow (without sensors),62.029998779296875,48.16999816894531,3.4800000488758087,1.8238170072436333
MTCG S=3,42,Link flow (total),44.66999816894531,34.33000183105469,2.199999988079071,1.8238170072436333
MTCG S=3,42,OD demand,17.350000381469727,12.680000305175781,4.320000112056732,1.8238170072436333
MTCG S=3,43,Link flow (with sensors),46.810001373291016,35.90999984741211,2.1800000220537186,2.0031534135341644
MTCG S=3,43,Link flow (without sensors),70.38999938964844,56.0,4.069999977946281,2.0031534135341644
MTCG S=3,43,Link flow (total),50.540000915527344,38.54999923706055,2.4299999698996544,2.0031534135341644
MTCG S=3,43,OD demand,17.600000381469727,13.319999694824219,4.490000009536743,2.0031534135341644
MTCG S=3,44,Link flow (with sensors),41.0,31.989999771118164,1.979999989271164,1.7999153584241867
MTCG S=3,44,Link flow (without sensors),64.62000274658203,51.380001068115234,3.7300001829862595,1.7999153584241867
MTCG S=3,44,Link flow (total),44.81999969482422,34.54999923706055,2.2099999710917473,1.7999153584241867
MTCG S=3,44,OD demand,15.460000038146973,11.569999694824219,3.9500001817941666,1.7999153584241867
MTCG S=4,42,Link flow (with sensors),38.0099983215332,29.489999771118164,1.8300000578165054,1.5663597732782364
MTCG S=4,42,Link flow (without sensors),60.43000030517578,46.90999984741211,3.4699998795986176,1.5663597732782364
MTCG S=4,42,Link flow (total),41.65999984741211,31.780000686645508,2.0500000566244125,1.5663597732782364
MTCG S=4,42,OD demand,16.219999313354492,11.779999732971191,4.0300000458955765,1.5663597732782364
MTCG S=4,43,Link flow (with sensors),40.41999816894531,30.93000030517578,1.9099999219179153,1.6736790537834167
MTCG S=4,43,Link flow (without sensors),70.4800033569336,55.31999969482422,3.9000000804662704,1.6736790537834167
MTCG S=4,43,Link flow (total),45.529998779296875,34.13999938964844,2.1700000390410423,1.6736790537834167
MTCG S=4,43,OD demand,16.700000762939453,12.75,4.360000044107437,1.6736790537834167
MTCG S=4,44,Link flow (with sensors),39.130001068115234,30.329999923706055,1.8699999898672104,1.6182737424969673
MTCG S=4,44,Link flow (without sensors),68.91000366210938,54.16999816894531,3.970000147819519,1.6182737424969673
MTCG S=4,44,Link flow (total),44.209999084472656,33.470001220703125,2.15000007301569,1.6182737424969673
MTCG S=4,44,OD demand,17.200000762939453,12.8100004196167,4.390000179409981,1.6182737424969673
MTCG S=5,42,Link flow (with sensors),38.38999938964844,29.770000457763672,1.8400000408291817,1.6638396307826042
MTCG S=5,42,Link flow (without sensors),61.72999954223633,48.060001373291016,3.5100001841783524,1.6638396307826042
MTCG S=5,42,Link flow (total),42.209999084472656,32.16999816894531,2.0600000396370888,1.6638396307826042
MTCG S=5,42,OD demand,16.600000381469727,12.300000190734863,4.210000112652779,1.6638396307826042
MTCG S=5,43,Link flow (with sensors),37.47999954223633,28.770000457763672,1.769999973475933,1.5024016611278057
MTCG S=5,43,Link flow (without sensors),64.0999984741211,51.22999954223633,3.7799999117851257,1.5024016611278057
MTCG S=5,43,Link flow (total),41.959999084472656,31.719999313354492,2.0400000736117363,1.5024016611278057
MTCG S=5,43,OD demand,20.700000762939453,15.0,5.160000175237656,1.5024016611278057
MTCG S=5,44,Link flow (with sensors),34.650001525878906,26.950000762939453,1.6699999570846558,1.425300259143114
MTCG S=5,44,Link flow (without sensors),62.119998931884766,48.5,3.6800000816583633,1.425300259143114
MTCG S=5,44,Link flow (total),39.369998931884766,29.780000686645508,1.940000057220459,1.425300259143114
MTCG S=5,44,OD demand,18.579999923706055,13.779999732971191,4.729999974370003,1.425300259143114
MTCG S=5 (OD-weighted),42,Link flow (with sensors),39.11000061035156,30.389999389648438,1.899999938905239,1.781778410077095
MTCG S=5 (OD-weighted),42,Link flow (without sensors),57.650001525878906,45.2400016784668,3.2900001853704453,1.781778410077095
MTCG S=5 (OD-weighted),42,Link flow (total),42.02000045776367,32.34000015258789,2.0800000056624413,1.781778410077095
MTCG S=5 (OD-weighted),42,OD demand,12.65999984741211,9.5,3.2200001180171967,1.781778410077095
MTCG S=5 (OD-weighted),43,Link flow (with sensors),38.209999084472656,29.760000228881836,1.8699999898672104,1.720176450908184
MTCG S=5 (OD-weighted),43,Link flow (without sensors),61.599998474121094,48.650001525878906,3.6400001496076584,1.720176450908184
MTCG S=5 (OD-weighted),43,Link flow (total),42.040000915527344,32.25,2.0999999716877937,1.720176450908184
MTCG S=5 (OD-weighted),43,OD demand,15.180000305175781,11.15999984741211,3.8100000470876694,1.720176450908184
MTCG S=5 (OD-weighted),44,Link flow (with sensors),40.15999984741211,31.110000610351562,1.940000057220459,1.7695818096399307
MTCG S=5 (OD-weighted),44,Link flow (without sensors),56.869998931884766,45.36000061035156,3.3799998462200165,1.7695818096399307
MTCG S=5 (OD-weighted),44,Link flow (total),42.7400016784668,32.97999954223633,2.1299999207258224,1.7695818096399307
MTCG S=5 (OD-weighted),44,OD demand,13.5600004196167,10.100000381469727,3.4600000828504562,1.7695818096399307
