model,type,n_seeds,seeds,RMSE_mean,RMSE_sd,RMSE,MAE_mean,MAE_sd,MAE,MAPE_mean,MAPE_sd,MAPE
Historical mean,Link flow (with sensors),0,-,69.32270050048828,,69.32,54.48510360717773,,54.49,3.37566286325454,,3.38
DNN,Link flow (with sensors),3,42/43/44,51.416009267171226,0.7660222177416672,51.42 ± 0.77,38.847755432128906,0.6684113188566019,38.85 ± 0.67,2.5953756645321833,0.05137213179364551,2.60 ± 0.05
LSTM,Link flow (with sensors),3,42/43/44,34.92051315307617,1.1758033169212996,34.92 ± 1.18,26.71907107035319,0.9292711102863367,26.72 ± 0.93,1.6140850260853699,0.05304952088749597,1.61 ± 0.05
GRU,Link flow (with sensors),3,42/43/44,34.68460464477539,0.47113855084327233,34.68 ± 0.47,26.354000727335613,0.3792054458730886,26.35 ± 0.38,1.602896675467487,0.033227455659099334,1.60 ± 0.03
DNN-path,Link flow (with sensors),3,42/43/44,61.91732406616211,0.08916622717788138,61.92 ± 0.09,40.280311584472656,0.15364437281791146,40.28 ± 0.15,2.5775338212649,0.007851441756258487,2.58 ± 0.01
DNN-path,Link flow (without sensors),3,42/43/44,144.11692810058594,0.4968424307016255,144.12 ± 0.50,78.60960133870442,0.23674996470583654,78.61 ± 0.24,5.40457355479399,0.02010854253017019,5.40 ± 0.02
DNN-path,Link flow (total),3,42/43/44,77.85994720458984,0.1809822238682553,77.86 ± 0.18,45.32363764444987,0.14644354615501665,45.32 ± 0.15,2.9495126257340067,0.007261311831645209,2.95 ± 0.01
GCN,Link flow (with sensors),3,42/43/44,38.368727366129555,1.94302278995641,38.37 ± 1.94,29.994911829630535,1.6057605178013887,29.99 ± 1.61,1.8749415253599435,0.09279431323050306,1.87 ± 0.09
GCN,Link flow (without sensors),3,42/43/44,129.7718022664388,8.104801833827523,129.77 ± 8.10,105.94334411621094,5.1647998196022575,105.94 ± 5.16,7.7210580309232,0.35688042019367056,7.72 ± 0.36
GCN,Link flow (total),3,42/43/44,59.11392593383789,3.427157543136067,59.11 ± 3.43,39.98812611897787,2.03840270034819,39.99 ± 2.04,2.6441674679517697,0.11866922591758847,2.64 ± 0.12
MTCG S=1,Link flow (with sensors),3,42/43/44,133.1666717529297,1.4859487826306848,133.17 ± 1.49,91.72000122070312,0.7950491720909555,91.72 ± 0.80,5.84333340326945,0.03511887458260225,5.84 ± 0.04
MTCG S=1,Link flow (without sensors),3,42/43/44,197.99000040690103,3.0983969608249415,197.99 ± 3.10,149.36666870117188,2.983523160158265,149.37 ± 2.98,11.736666659514109,0.3027098802597076,11.74 ± 0.30
MTCG S=1,Link flow (total),3,42/43/44,143.38333129882812,0.7769357034727993,143.38 ± 0.78,99.30666859944661,0.6363429009577073,99.31 ± 0.64,6.620000054438909,0.03605529652531812,6.62 ± 0.04
MTCG S=1,OD demand,3,42/43/44,29.766666412353516,1.5200432061865794,29.77 ± 1.52,21.56333287556966,1.4969744992034817,21.56 ± 1.50,7.46333325902621,0.5651845873119443,7.46 ± 0.57
MTCG S=2,Link flow (with sensors),3,42/43/44,50.21666590372721,16.72541652168026,50.22 ± 16.73,38.87666702270508,13.095925464920649,38.88 ± 13.10,2.3766666650772095,0.7396169435659152,2.38 ± 0.74
MTCG S=2,Link flow (without sensors),3,42/43/44,78.96999867757161,9.120860059071518,78.97 ± 9.12,60.20333480834961,6.643173011010415,60.20 ± 6.64,4.319999987880389,0.48507724202795544,4.32 ± 0.49
MTCG S=2,Link flow (total),3,42/43/44,55.02333196004232,15.10549870472244,55.02 ± 15.11,41.68333307902018,12.249744137392444,41.68 ± 12.25,2.6333333303531012,0.7076957210868049,2.63 ± 0.71
MTCG S=2,OD demand,3,42/43/44,21.036666870117188,2.116135839427683,21.04 ± 2.12,15.466666539510092,1.6772992196144771,15.47 ± 1.68,5.286666626731555,0.5409558238796239,5.29 ± 0.54
MTCG S=3,Link flow (with sensors),3,42/43/44,43.073333740234375,3.242535846936673,43.07 ± 3.24,33.3766663869222,2.1972104562518644,33.38 ± 2.20,2.053333322207133,0.11015143801954003,2.05 ± 0.11
MTCG S=3,Link flow (without sensors),3,42/43/44,65.68000030517578,4.279614313163997,65.68 ± 4.28,51.84999974568685,3.936102925009614,51.85 ± 3.94,3.7600000699361167,0.29614181398199046,3.76 ± 0.30
MTCG S=3,Link flow (total),3,42/43/44,46.676666259765625,3.3465864864438566,46.68 ± 3.35,35.81000010172526,2.3754570425269566,35.81 ± 2.38,2.2799999763568244,0.1299999940853855,2.28 ± 0.13
MTCG S=3,OD demand,3,42/43/44,16.80333360036214,1.170057175752652,16.80 ± 1.17,12.523333231608072,0.8854566217241827,12.52 ± 0.89,4.253333434462547,0.2761037629526051,4.25 ± 0.28
MTCG S=4,Link flow (with sensors),3,42/43/44,39.186665852864586,1.205998751866939,39.19 ± 1.21,30.25,0.723325912273497,30.25 ± 0.72,1.8699999898672104,0.039999932050704956,1.87 ± 0.04
MTCG S=4,Link flow (without sensors),3,42/43/44,66.60666910807292,5.4064454945878335,66.61 ± 5.41,52.13333257039388,4.559937436918414,52.13 ± 4.56,3.780000035961469,0.27073986604508227,3.78 ± 0.27
MTCG S=4,Link flow (total),3,42/43/44,43.79999923706055,1.9673072559607387,43.80 ± 1.97,33.13000043233236,1.2161820881814678,33.13 ± 1.22,2.1233333895603814,0.06429100209109416,2.12 ± 0.06
MTCG S=4,OD demand,3,42/43/44,16.706666946411133,0.49003473223712907,16.71 ± 0.49,12.446666717529297,0.5781294524701133,12.45 ± 0.58,4.260000089804332,0.19974988655332107,4.26 ± 0.20
MTCG S=5,Link flow (with sensors),3,42/43/44,36.84000015258789,1.9504090389743747,36.84 ± 1.95,28.496667226155598,1.4297317445339723,28.50 ± 1.43,1.7599999904632568,0.08544007761862589,1.76 ± 0.09
MTCG S=5,Link flow (without sensors),3,42/43/44,62.6499989827474,1.2707866755358765,62.65 ± 1.27,49.26333363850912,1.7173324606897846,49.26 ± 1.72,3.656666725873947,0.13650383637852295,3.66 ± 0.14
MTCG S=5,Link flow (total),3,42/43/44,41.179999033610024,1.5724822021835698,41.18 ± 1.57,31.22333272298177,1.2700512855173212,31.22 ± 1.27,2.013333390156428,0.06429100209109416,2.01 ± 0.06
MTCG S=5,OD demand,3,42/43/44,18.626667022705078,2.050398533361189,18.63 ± 2.05,13.693333307902018,1.3520847031283383,13.69 ± 1.35,4.700000087420146,0.4757100215893824,4.70 ± 0.48
MTCG S=5 (OD-weighted),Link flow (with sensors),3,42/43/44,39.15999984741211,0.9759614165765417,39.16 ± 0.98,30.420000076293945,0.6755000284171002,30.42 ± 0.68,1.9033333286643028,0.03511888342230157,1.90 ± 0.04
MTCG S=5 (OD-weighted),Link flow (without sensors),3,42/43/44,58.70666631062826,2.5358685431003734,58.71 ± 2.54,46.41666793823242,1.9350540357302193,46.42 ± 1.94,3.43666672706604,0.18175077793540717,3.44 ± 0.18
MTCG S=5 (OD-weighted),Link flow (total),3,42/43/44,42.26666768391927,0.4100412264314738,42.27 ± 0.41,32.52333323160807,0.3980365514793553,32.52 ± 0.40,2.103333299358686,0.025166072033741865,2.10 ± 0.03
MTCG S=5 (OD-weighted),OD demand,3,42/43/44,13.800000190734863,1.2770279927961083,13.80 ± 1.28,10.25333340962728,0.8405552548732476,10.25 ± 0.84,3.496666749318441,0.29670408220682865,3.50 ± 0.30
