day,type,a2,a3,t,clock,w_T1,w_T2,theta_fused
80,regular,0.0,0.0,1,7:00,0.9999717473983765,2.828768265317194e-05,0.3243761956691742
80,regular,0.0,0.0,2,7:15,0.9999520778656006,4.796705616172403e-05,0.4332616925239563
80,regular,0.0,0.0,3,7:30,0.9872695207595825,0.01273047924041748,0.5622896552085876
80,regular,0.0,0.0,4,7:45,0.863470733165741,0.13652926683425903,0.45551159977912903
80,regular,0.0,0.0,5,8:00,0.9999916553497314,8.315761988342274e-06,0.44547927379608154
80,regular,0.0,0.0,6,8:15,0.8712019324302673,0.12879809737205505,0.46058887243270874
80,regular,0.0,0.0,7,8:30,0.9558549523353577,0.044145021587610245,0.4046410620212555
80,regular,0.0,0.0,8,8:45,0.9926122426986694,0.007387713994830847,0.47760528326034546
80,regular,0.0,0.0,9,9:00,0.8277842402458191,0.17221583425998688,0.47094249725341797
80,regular,0.0,0.0,10,9:15,0.9600974917411804,0.03990253806114197,0.31062066555023193
80,regular,0.0,0.0,11,9:30,0.9689335227012634,0.03106648661196232,0.32927975058555603
80,regular,0.0,0.0,12,9:45,0.9554963111877441,0.04450370371341705,0.2354305535554886
81,regular,0.0,0.0,1,7:00,0.9999713897705078,2.856848732335493e-05,0.3243761658668518
81,regular,0.0,0.0,2,7:15,0.9999521970748901,4.784375414601527e-05,0.43326160311698914
81,regular,0.0,0.0,3,7:30,0.987058699131012,0.012941312976181507,0.5622264742851257
81,regular,0.0,0.0,4,7:45,0.86167973279953,0.13832028210163116,0.45710164308547974
81,regular,0.0,0.0,5,8:00,0.9999915361404419,8.45480553834932e-06,0.44547924399375916
81,regular,0.0,0.0,6,8:15,0.8678609728813171,0.13213899731636047,0.4643396735191345
81,regular,0.0,0.0,7,8:30,0.955305814743042,0.044694215059280396,0.40506231784820557
81,regular,0.0,0.0,8,8:45,0.9924651384353638,0.007534879259765148,0.4775621294975281
81,regular,0.0,0.0,9,9:00,0.8289297223091125,0.17107024788856506,0.4705214202404022
81,regular,0.0,0.0,10,9:15,0.9594588279724121,0.04054112359881401,0.3109942078590393
81,regular,0.0,0.0,11,9:30,0.9695333242416382,0.03046668879687786,0.3292110562324524
81,regular,0.0,0.0,12,9:45,0.9544869661331177,0.04551298916339874,0.23671770095825195
82,regular,0.0,0.0,1,7:00,0.9999712705612183,2.8681528419838287e-05,0.3243761658668518
82,regular,0.0,0.0,2,7:15,0.9999470710754395,5.2871797379339114e-05,0.43326514959335327
82,regular,0.0,0.0,3,7:30,0.9870935082435608,0.012906444258987904,0.5622368454933167
82,regular,0.0,0.0,4,7:45,0.8615257143974304,0.1384742259979248,0.4572382867336273
82,regular,0.0,0.0,5,8:00,0.9999914169311523,8.627886927570216e-06,0.44547924399375916
82,regular,0.0,0.0,6,8:15,0.8703279495239258,0.1296720653772354,0.4615700840950012
82,regular,0.0,0.0,7,8:30,0.9531745314598083,0.046825479716062546,0.4066970944404602
82,regular,0.0,0.0,8,8:45,0.992387056350708,0.007612930610775948,0.4775392413139343
82,regular,0.0,0.0,9,9:00,0.8299400806427002,0.17005984485149384,0.4701501131057739
82,regular,0.0,0.0,10,9:15,0.9598281383514404,0.04017186909914017,0.3107782304286957
82,regular,0.0,0.0,11,9:30,0.969357430934906,0.030642570927739143,0.3292312026023865
82,regular,0.0,0.0,12,9:45,0.955115556716919,0.04488450288772583,0.23591619729995728
83,regular,0.0,0.0,1,7:00,0.9999719858169556,2.8027938242303208e-05,0.3243761956691742
83,regular,0.0,0.0,2,7:15,0.9999524354934692,4.7579633246641606e-05,0.4332614243030548
83,regular,0.0,0.0,3,7:30,0.9870539307594299,0.01294613815844059,0.5622250437736511
83,regular,0.0,0.0,4,7:45,0.860765814781189,0.13923418521881104,0.45791298151016235
83,regular,0.0,0.0,5,8:00,0.9999911785125732,8.777161383477505e-06,0.4454791843891144
83,regular,0.0,0.0,6,8:15,0.8678835034370422,0.13211648166179657,0.46431440114974976
83,regular,0.0,0.0,7,8:30,0.9552963376045227,0.04470362886786461,0.4050695300102234
83,regular,0.0,0.0,8,8:45,0.9922561645507812,0.0077438694424927235,0.47750088572502136
83,regular,0.0,0.0,9,9:00,0.8298295140266418,0.17017044126987457,0.47019076347351074
83,regular,0.0,0.0,10,9:15,0.9586976170539856,0.04130241647362709,0.31143954396247864
83,regular,0.0,0.0,11,9:30,0.9690102934837341,0.03098973259329796,0.32927095890045166
83,regular,0.0,0.0,12,9:45,0.9542930126190186,0.04570693150162697,0.23696503043174744
84,regular,0.0,0.0,1,7:00,0.9999736547470093,2.6352412533015013e-05,0.3243762254714966
84,regular,0.0,0.0,2,7:15,0.9999537467956543,4.625712244887836e-05,0.4332605004310608
84,regular,0.0,0.0,3,7:30,0.9874123334884644,0.012587687000632286,0.5623324513435364
84,regular,0.0,0.0,4,7:45,0.8634723424911499,0.1365276277065277,0.45551013946533203
84,regular,0.0,0.0,5,8:00,0.9999918937683105,8.055380021687597e-06,0.4454793334007263
84,regular,0.0,0.0,6,8:15,0.8712183833122253,0.12878164649009705,0.46057039499282837
84,regular,0.0,0.0,7,8:30,0.9552826285362244,0.04471737891435623,0.40508008003234863
84,regular,0.0,0.0,8,8:45,0.9927355051040649,0.007264559622853994,0.47764143347740173
84,regular,0.0,0.0,9,9:00,0.8292504549026489,0.17074958980083466,0.47040364146232605
84,regular,0.0,0.0,10,9:15,0.9617170691490173,0.03828287497162819,0.3096731901168823
84,regular,0.0,0.0,11,9:30,0.9699323177337646,0.030067725107073784,0.32916536927223206
84,regular,0.0,0.0,12,9:45,0.9560003876686096,0.04399961233139038,0.23478767275810242
85,regular,0.0,0.0,1,7:00,0.9999716281890869,2.840866000042297e-05,0.3243761956691742
85,regular,0.0,0.0,2,7:15,0.999948263168335,5.1735027227550745e-05,0.4332643449306488
85,regular,0.0,0.0,3,7:30,0.9874144196510315,0.012585511431097984,0.5623330473899841
85,regular,0.0,0.0,4,7:45,0.8624038100242615,0.1375962197780609,0.45645883679389954
85,regular,0.0,0.0,5,8:00,0.9999912977218628,8.671439900354017e-06,0.44547921419143677
85,regular,0.0,0.0,6,8:15,0.8698100447654724,0.13019001483917236,0.46215158700942993
85,regular,0.0,0.0,7,8:30,0.9527477025985718,0.047252267599105835,0.40702441334724426
85,regular,0.0,0.0,8,8:45,0.9925962686538696,0.007403746712952852,0.4776005744934082
85,regular,0.0,0.0,9,9:00,0.8279101848602295,0.1720898300409317,0.4708961546421051
85,regular,0.0,0.0,10,9:15,0.960942268371582,0.039057694375514984,0.3101264238357544
85,regular,0.0,0.0,11,9:30,0.970541775226593,0.02945822849869728,0.3290955722332001
85,regular,0.0,0.0,12,9:45,0.9549856185913086,0.045014407485723495,0.23608186841011047
86,regular,0.0,0.0,1,7:00,0.9999716281890869,2.83842055068817e-05,0.3243761956691742
86,regular,0.0,0.0,2,7:15,0.9999508857727051,4.911241921945475e-05,0.43326249718666077
86,regular,0.0,0.0,3,7:30,0.9873623847961426,0.012637604959309101,0.5623174905776978
86,regular,0.0,0.0,4,7:45,0.8630577325820923,0.13694222271442413,0.45587819814682007
86,regular,0.0,0.0,5,8:00,0.9999914169311523,8.528344551450573e-06,0.44547924399375916
86,regular,0.0,0.0,6,8:15,0.8711423873901367,0.12885761260986328,0.46065568923950195
86,regular,0.0,0.0,7,8:30,0.9538304805755615,0.04616953432559967,0.40619397163391113
86,regular,0.0,0.0,8,8:45,0.9927559494972229,0.007244092412292957,0.4776473939418793
86,regular,0.0,0.0,9,9:00,0.8279588222503662,0.17204119265079498,0.4708782732486725
86,regular,0.0,0.0,10,9:15,0.9609136581420898,0.03908638656139374,0.31014326214790344
86,regular,0.0,0.0,11,9:30,0.9702181220054626,0.029781853780150414,0.329132616519928
86,regular,0.0,0.0,12,9:45,0.9552775025367737,0.04472249001264572,0.23570957779884338
87,regular,0.0,0.0,1,7:00,0.9999710321426392,2.891254007408861e-05,0.3243761658668518
87,regular,0.0,0.0,2,7:15,0.9999473094940186,5.269376561045647e-05,0.4332650303840637
87,regular,0.0,0.0,3,7:30,0.9871324300765991,0.012867581099271774,0.5622485876083374
87,regular,0.0,0.0,4,7:45,0.8617683053016663,0.13823163509368896,0.45702293515205383
87,regular,0.0,0.0,5,8:00,0.9999911785125732,8.819517461233772e-06,0.4454791843891144
87,regular,0.0,0.0,6,8:15,0.8699202537536621,0.1300797462463379,0.46202775835990906
87,regular,0.0,0.0,7,8:30,0.95346999168396,0.046530019491910934,0.40647047758102417
87,regular,0.0,0.0,8,8:45,0.9921592473983765,0.00784082617610693,0.4774724841117859
87,regular,0.0,0.0,9,9:00,0.8278819918632507,0.1721179485321045,0.47090643644332886
87,regular,0.0,0.0,10,9:15,0.9587157964706421,0.04128418490290642,0.31142884492874146
87,regular,0.0,0.0,11,9:30,0.9683959484100342,0.03160401061177254,0.3293412923812866
87,regular,0.0,0.0,12,9:45,0.9548642039299011,0.04513582959771156,0.23623672127723694
88,regular,0.0,0.0,1,7:00,0.9999704360961914,2.957491233246401e-05,0.3243761658668518
88,regular,0.0,0.0,2,7:15,0.9999531507492065,4.6828343329252675e-05,0.43326088786125183
88,regular,0.0,0.0,3,7:30,0.9869595170021057,0.013040519319474697,0.5621967315673828
88,regular,0.0,0.0,4,7:45,0.8614044189453125,0.13859553635120392,0.45734602212905884
88,regular,0.0,0.0,5,8:00,0.9999915361404419,8.502155651513021e-06,0.44547924399375916
88,regular,0.0,0.0,6,8:15,0.8676156401634216,0.13238437473773956,0.4646151661872864
88,regular,0.0,0.0,7,8:30,0.9569656848907471,0.043034378439188004,0.4037891924381256
88,regular,0.0,0.0,8,8:45,0.9922847747802734,0.007715148385614157,0.4775092601776123
88,regular,0.0,0.0,9,9:00,0.8284602165222168,0.17153975367546082,0.470693975687027
88,regular,0.0,0.0,10,9:15,0.9592766761779785,0.0407232865691185,0.3111007511615753
88,regular,0.0,0.0,11,9:30,0.9689253568649292,0.031074663624167442,0.32928067445755005
88,regular,0.0,0.0,12,9:45,0.9544327855110168,0.045567236840724945,0.23678690195083618
89,regular,0.0,0.0,1,7:00,0.9999700784683228,2.9897220883867703e-05,0.3243761360645294
89,regular,0.0,0.0,2,7:15,0.9999473094940186,5.269818939268589e-05,0.4332650303840637
89,regular,0.0,0.0,3,7:30,0.9867448210716248,0.013255119323730469,0.5621323585510254
89,regular,0.0,0.0,4,7:45,0.8609123826026917,0.13908761739730835,0.4577828645706177
89,regular,0.0,0.0,5,8:00,0.9999910593032837,8.947526112024207e-06,0.445479154586792
89,regular,0.0,0.0,6,8:15,0.8696185350418091,0.1303814947605133,0.4623665511608124
89,regular,0.0,0.0,7,8:30,0.9545621275901794,0.04543789103627205,0.40563273429870605
89,regular,0.0,0.0,8,8:45,0.9921240210533142,0.00787600688636303,0.47746214270591736
89,regular,0.0,0.0,9,9:00,0.825447678565979,0.1745523065328598,0.47180110216140747
89,regular,0.0,0.0,10,9:15,0.9584578275680542,0.04154210910201073,0.31157973408699036
89,regular,0.0,0.0,11,9:30,0.9678465723991394,0.032153401523828506,0.32940420508384705
89,regular,0.0,0.0,12,9:45,0.9548446536064148,0.045155398547649384,0.23626166582107544
90,poi,0.0,0.8656203291792224,1,7:00,0.9999630451202393,3.6924535379512236e-05,0.3243759870529175
90,poi,0.0,0.8656203291792224,2,7:15,0.9999600648880005,3.997568637714721e-05,0.43325603008270264
90,poi,0.0,0.8656203291792224,3,7:30,0.9707581996917725,0.029241761192679405,0.5573405623435974
90,poi,0.0,0.8656203291792224,4,7:45,0.7831090688705444,0.21689088642597198,0.5268559455871582
90,poi,0.0,0.8656203291792224,5,8:00,0.9999855756759644,1.4389006537385285e-05,0.44547805190086365
90,poi,0.0,0.8656203291792224,6,8:15,0.8419679999351501,0.15803195536136627,0.4934094548225403
90,poi,0.0,0.8656203291792224,7,8:30,0.96627277135849,0.03372727707028389,0.3966502249240875
90,poi,0.0,0.8656203291792224,8,8:45,0.9919630289077759,0.008036961778998375,0.47741493582725525
90,poi,0.0,0.8656203291792224,9,9:00,0.8142957091331482,0.1857042908668518,0.4758993983268738
90,poi,0.0,0.8656203291792224,10,9:15,0.9535394906997681,0.04646052420139313,0.3144568204879761
90,poi,0.0,0.8656203291792224,11,9:30,0.9642115831375122,0.0357884019613266,0.32982051372528076
90,poi,0.0,0.8656203291792224,12,9:45,0.9522823691368103,0.04771755263209343,0.23952919244766235
91,poi,0.0,0.7742415323123151,1,7:00,0.9999644756317139,3.55237461917568e-05,0.32437601685523987
91,poi,0.0,0.7742415323123151,2,7:15,0.999961256980896,3.868902422254905e-05,0.4332551062107086
91,poi,0.0,0.7742415323123151,3,7:30,0.9735485315322876,0.02645152248442173,0.5581769943237305
91,poi,0.0,0.7742415323123151,4,7:45,0.7918885946273804,0.20811139047145844,0.5190616250038147
91,poi,0.0,0.7742415323123151,5,8:00,0.9999873638153076,1.2591013728524558e-05,0.4454784095287323
91,poi,0.0,0.7742415323123151,6,8:15,0.845147430896759,0.15485259890556335,0.4898400604724884
91,poi,0.0,0.7742415323123151,7,8:30,0.966500997543335,0.033498965203762054,0.39647504687309265
91,poi,0.0,0.7742415323123151,8,8:45,0.9925060868263245,0.007493908051401377,0.4775741696357727
91,poi,0.0,0.7742415323123151,9,9:00,0.8201131820678711,0.17988678812980652,0.47376149892807007
91,poi,0.0,0.7742415323123151,10,9:15,0.9561497569084167,0.043850161135196686,0.31292983889579773
91,poi,0.0,0.7742415323123151,11,9:30,0.9666991233825684,0.03330091014504433,0.32953566312789917
91,poi,0.0,0.7742415323123151,12,9:45,0.9537312388420105,0.046268727630376816,0.23768150806427002
92,poi,0.0,0.8107516298129689,1,7:00,0.9999637603759766,3.6178760637994856e-05,0.3243759870529175
92,poi,0.0,0.8107516298129689,2,7:15,0.9999603033065796,3.973551429226063e-05,0.4332558810710907
92,poi,0.0,0.8107516298129689,3,7:30,0.9721654653549194,0.027834471315145493,0.5577623844146729
92,poi,0.0,0.8107516298129689,4,7:45,0.7878208160400391,0.21217922866344452,0.5226730108261108
92,poi,0.0,0.8107516298129689,5,8:00,0.9999866485595703,1.338563106401125e-05,0.44547826051712036
92,poi,0.0,0.8107516298129689,6,8:15,0.8435187339782715,0.1564812958240509,0.49166858196258545
92,poi,0.0,0.8107516298129689,7,8:30,0.9667132496833801,0.03328671678900719,0.39631226658821106
92,poi,0.0,0.8107516298129689,8,8:45,0.9920807480812073,0.007919259369373322,0.4774494469165802
92,poi,0.0,0.8107516298129689,9,9:00,0.8176447749137878,0.18235519528388977,0.47466859221458435
92,poi,0.0,0.8107516298129689,10,9:15,0.9541443586349487,0.045855697244405746,0.31410303711891174
92,poi,0.0,0.8107516298129689,11,9:30,0.9647005796432495,0.03529943898320198,0.3297645151615143
92,poi,0.0,0.8107516298129689,12,9:45,0.953665554523468,0.04633446782827377,0.2377653419971466
93,poi,0.0,0.686072158398415,1,7:00,0.9999651908874512,3.4755212254822254e-05,0.32437601685523987
93,poi,0.0,0.686072158398415,2,7:15,0.9999624490737915,3.7569174310192466e-05,0.43325433135032654
93,poi,0.0,0.686072158398415,3,7:30,0.9745473265647888,0.02545263059437275,0.5584763288497925
93,poi,0.0,0.686072158398415,4,7:45,0.797705352306366,0.20229467749595642,0.5138975977897644
93,poi,0.0,0.686072158398415,5,8:00,0.9999871253967285,1.2852062354795635e-05,0.4454783797264099
93,poi,0.0,0.686072158398415,6,8:15,0.84427809715271,0.15572187304496765,0.4908159375190735
93,poi,0.0,0.686072158398415,7,8:30,0.9664580821990967,0.03354192525148392,0.39650803804397583
93,poi,0.0,0.686072158398415,8,8:45,0.9922263622283936,0.007773618213832378,0.47749215364456177
93,poi,0.0,0.686072158398415,9,9:00,0.817520260810852,0.18247970938682556,0.47471433877944946
93,poi,0.0,0.686072158398415,10,9:15,0.9538297057151794,0.04617029055953026,0.31428706645965576
93,poi,0.0,0.686072158398415,11,9:30,0.9656137228012085,0.034386321902275085,0.32965993881225586
93,poi,0.0,0.686072158398415,12,9:45,0.9528470039367676,0.047152962535619736,0.23880916833877563
94,poi,0.0,0.7100966299603169,1,7:00,0.9999644756317139,3.5569210012909025e-05,0.32437601685523987
94,poi,0.0,0.7100966299603169,2,7:15,0.9999620914459229,3.7912021070951596e-05,0.43325456976890564
94,poi,0.0,0.7100966299603169,3,7:30,0.9742969274520874,0.025703027844429016,0.5584012866020203
94,poi,0.0,0.7100966299603169,4,7:45,0.795310378074646,0.20468959212303162,0.5160237550735474
94,poi,0.0,0.7100966299603169,5,8:00,0.9999872446060181,1.2707034329650924e-05,0.4454783797264099
94,poi,0.0,0.7100966299603169,6,8:15,0.8426973223686218,0.15730267763137817,0.4925907254219055
94,poi,0.0,0.7100966299603169,7,8:30,0.9656322002410889,0.03436778485774994,0.3971415162086487
94,poi,0.0,0.7100966299603169,8,8:45,0.9924024343490601,0.007597570773214102,0.47754377126693726
94,poi,0.0,0.7100966299603169,9,9:00,0.8193179368972778,0.18068209290504456,0.4740537703037262
94,poi,0.0,0.7100966299603169,10,9:15,0.9538255929946899,0.04617436230182648,0.3142894208431244
94,poi,0.0,0.7100966299603169,11,9:30,0.9656144976615906,0.034385450184345245,0.3296598494052887
94,poi,0.0,0.7100966299603169,12,9:45,0.9527137279510498,0.04728632792830467,0.2389792799949646
95,stadium,0.7474148389585281,0.0,1,7:00,0.9999525547027588,4.7420184273505583e-05,0.3243757486343384
95,stadium,0.7474148389585281,0.0,2,7:15,0.9999277591705322,7.221700070658699e-05,0.4332788288593292
95,stadium,0.7474148389585281,0.0,3,7:30,0.9851524829864502,0.014847507700324059,0.5616551041603088
95,stadium,0.7474148389585281,0.0,4,7:45,0.8503293395042419,0.14967060089111328,0.4671783447265625
95,stadium,0.7474148389585281,0.0,5,8:00,0.9999849796295166,1.498013807577081e-05,0.4454779028892517
95,stadium,0.7474148389585281,0.0,6,8:15,0.8577046394348145,0.14229533076286316,0.4757421016693115
95,stadium,0.7474148389585281,0.0,7,8:30,0.9425897002220154,0.057410359382629395,0.4148161709308624
95,stadium,0.7474148389585281,0.0,8,8:45,0.9780994057655334,0.021900637075304985,0.4733508825302124
95,stadium,0.7474148389585281,0.0,9,9:00,0.523271918296814,0.4767281115055084,0.5828492045402527
95,stadium,0.7474148389585281,0.0,10,9:15,0.6303030252456665,0.3696969449520111,0.5035378932952881
95,stadium,0.7474148389585281,0.0,11,9:30,0.31228697299957275,0.6877130270004272,0.40448081493377686
95,stadium,0.7474148389585281,0.0,12,9:45,0.8841458559036255,0.1158541738986969,0.32642459869384766
96,stadium,0.7349854562030849,0.0,1,7:00,0.9999512434005737,4.880209235125221e-05,0.324375718832016
96,stadium,0.7349854562030849,0.0,2,7:15,0.9999207258224487,7.921104406705126e-05,0.4332837462425232
96,stadium,0.7349854562030849,0.0,3,7:30,0.9850547313690186,0.014945195987820625,0.5616257786750793
96,stadium,0.7349854562030849,0.0,4,7:45,0.8501402735710144,0.14985965192317963,0.46734619140625
96,stadium,0.7349854562030849,0.0,5,8:00,0.9999847412109375,1.5291770978365093e-05,0.4454779028892517
96,stadium,0.7349854562030849,0.0,6,8:15,0.8577141165733337,0.14228586852550507,0.4757314920425415
96,stadium,0.7349854562030849,0.0,7,8:30,0.9439758062362671,0.05602413788437843,0.41375285387039185
96,stadium,0.7349854562030849,0.0,8,8:45,0.9779410362243652,0.022058915346860886,0.47330442070961
96,stadium,0.7349854562030849,0.0,9,9:00,0.5266948342323303,0.4733050763607025,0.5815911889076233
96,stadium,0.7349854562030849,0.0,10,9:15,0.6389267444610596,0.36107325553894043,0.49849334359169006
96,stadium,0.7349854562030849,0.0,11,9:30,0.32198283076286316,0.6780171394348145,0.4033704102039337
96,stadium,0.7349854562030849,0.0,12,9:45,0.8858664631843567,0.11413352936506271,0.32423025369644165
97,stadium,0.8378196114248115,0.0,1,7:00,0.9999475479125977,5.240786413196474e-05,0.32437559962272644
97,stadium,0.8378196114248115,0.0,2,7:15,0.9999163150787354,8.36467370390892e-05,0.4332868754863739
97,stadium,0.8378196114248115,0.0,3,7:30,0.9844954609870911,0.015504573471844196,0.561458170413971
97,stadium,0.8378196114248115,0.0,4,7:45,0.8462873697280884,0.15371257066726685,0.4707667827606201
97,stadium,0.8378196114248115,0.0,5,8:00,0.9999829530715942,1.7002132153720595e-05,0.44547751545906067
97,stadium,0.8378196114248115,0.0,6,8:15,0.8533709049224854,0.14662906527519226,0.4806075692176819
97,stadium,0.8378196114248115,0.0,7,8:30,0.9411240816116333,0.05887588858604431,0.41594022512435913
97,stadium,0.8378196114248115,0.0,8,8:45,0.9744560718536377,0.025543930009007454,0.4722828269004822
97,stadium,0.8378196114248115,0.0,9,9:00,0.5034515261650085,0.49654847383499146,0.5901330709457397
97,stadium,0.8378196114248115,0.0,10,9:15,0.5657956004142761,0.4342043697834015,0.5412722826004028
97,stadium,0.8378196114248115,0.0,11,9:30,0.265230655670166,0.734769344329834,0.40986984968185425
97,stadium,0.8378196114248115,0.0,12,9:45,0.8760204315185547,0.12397957593202591,0.33678701519966125
98,both,0.7885887522480997,0.7081353214962331,1,7:00,0.9999356269836426,6.441253935918212e-05,0.32437533140182495
98,both,0.7885887522480997,0.7081353214962331,2,7:15,0.9999358654022217,6.41486476524733e-05,0.4332731366157532
98,both,0.7885887522480997,0.7081353214962331,3,7:30,0.9698721766471863,0.03012782894074917,0.557075023651123
98,both,0.7885887522480997,0.7081353214962331,4,7:45,0.7884973287582397,0.21150262653827667,0.5220723152160645
98,both,0.7885887522480997,0.7081353214962331,5,8:00,0.9999752044677734,2.482094532751944e-05,0.4454759657382965
98,both,0.7885887522480997,0.7081353214962331,6,8:15,0.8286840915679932,0.17131593823432922,0.5083233118057251
98,both,0.7885887522480997,0.7081353214962331,7,8:30,0.9558355808258057,0.044164396822452545,0.40465593338012695
98,both,0.7885887522480997,0.7081353214962331,8,8:45,0.9753249287605286,0.02467506192624569,0.4725375175476074
98,both,0.7885887522480997,0.7081353214962331,9,9:00,0.5149122476577759,0.4850877821445465,0.5859213471412659
98,both,0.7885887522480997,0.7081353214962331,10,9:15,0.569582998752594,0.4304170310497284,0.5390568375587463
98,both,0.7885887522480997,0.7081353214962331,11,9:30,0.27980491518974304,0.7201950550079346,0.408200740814209
98,both,0.7885887522480997,0.7081353214962331,12,9:45,0.8751567006111145,0.1248432919383049,0.33788853883743286
99,both,0.5009011768034095,0.8970155303877521,1,7:00,0.9999483823776245,5.165063703316264e-05,0.32437562942504883
99,both,0.5009011768034095,0.8970155303877521,2,7:15,0.9999468326568604,5.317229442880489e-05,0.43326535820961
99,both,0.5009011768034095,0.8970155303877521,3,7:30,0.968275249004364,0.0317247174680233,0.5565963387489319
99,both,0.5009011768034095,0.8970155303877521,4,7:45,0.7784540057182312,0.22154593467712402,0.5309886932373047
99,both,0.5009011768034095,0.8970155303877521,5,8:00,0.9999804496765137,1.958978464244865e-05,0.44547703862190247
99,both,0.5009011768034095,0.8970155303877521,6,8:15,0.8342455625534058,0.16575443744659424,0.502079427242279
99,both,0.5009011768034095,0.8970155303877521,7,8:30,0.9595423340797424,0.04045763239264488,0.40181267261505127
99,both,0.5009011768034095,0.8970155303877521,8,8:45,0.9840081930160522,0.01599176600575447,0.47508299350738525
99,both,0.5009011768034095,0.8970155303877521,9,9:00,0.5895504355430603,0.4104495048522949,0.558492124080658
99,both,0.5009011768034095,0.8970155303877521,10,9:15,0.8021789789199829,0.19782103598117828,0.4029969871044159
99,both,0.5009011768034095,0.8970155303877521,11,9:30,0.5286493897438049,0.47135061025619507,0.3797023594379425
99,both,0.5009011768034095,0.8970155303877521,12,9:45,0.9027641415596008,0.09723583608865738,0.30268043279647827
