sample,type,time shift (steps),theta
0,1,-0.03067306580959872,0.19437218620292201
1,3,-0.3493270261867598,0.215436240020549
2,2,-0.3190733477691319,0.1921624183949675
3,2,0.407103622156215,0.21022782635140908
4,2,-0.4553509110257211,0.18587873340693684
5,3,-0.26714771505629376,0.19515064987661965
6,1,-0.20794066968547165,0.21762950322353472
7,3,-0.009802457598413583,0.18905129490974115
8,1,0.08644517301479593,0.2080680664224648
9,1,-0.006710024149333416,0.21678215257902095
10,2,-0.415884665443118,0.2113981896500218
11,3,-0.25633254594428645,0.21791956086690809
12,3,0.34358838476254117,0.2177499351368502
13,3,0.13758870047845906,0.18454545160316874
14,3,0.14914905013427437,0.20406650900329898
15,3,0.17020325535135494,0.1970758002479419
16,2,0.26290301903952906,0.2073095293561925
17,1,-0.44189151827855266,0.20970196674180028
18,3,-0.13339161506738761,0.18980949740931474
19,2,0.03952743526167868,0.21199471234231115
20,2,-0.16154351670267397,0.19636810755053266
21,2,0.3444788732871865,0.2062695396172621
22,1,-0.017427491412706053,0.1971082503234165
23,3,0.26862758945937915,0.19384463701301785
24,3,0.35201551688116905,0.20775587646589078
25,2,0.004791482903498068,0.20167628053380643
26,2,0.4095522438713499,0.214116960418892
27,3,0.08712394053698058,0.2114403519985003
28,2,0.35027429883372174,0.2147333198023087
29,2,-0.15940920440847572,0.21063087126729452
30,2,-0.0011830414685147783,0.21667364699508967
31,1,0.0314110410045777,0.186266673638456
32,1,-0.3950202841039294,0.20561926350711357
33,2,-0.10144749329845937,0.1832963523918436
34,3,0.4173376725516761,0.19998589226077101
35,1,0.1308322403647424,0.2144538154509591
36,3,-0.3224934175630325,0.20902390359592016
37,3,-0.16114436439039503,0.2033171452804273
38,1,-0.30839699033730017,0.20775943614673287
39,2,-0.47517686820142746,0.18693156293724103
40,1,0.4274604585040267,0.21723209359837553
41,3,-0.051792671743128516,0.18849889102553807
42,3,-0.19246492757921385,0.1866788469254552
43,2,0.0984771915577366,0.18560012919403426
44,1,-0.49268554370698436,0.2174487442844332
45,3,-0.22197789339918617,0.1984342707631057
46,2,0.20303346569889258,0.20132260869141824
47,3,0.13376977306926296,0.19516100088086505
48,3,0.4818059475425355,0.18109114685311548
49,3,0.12035770965804404,0.18266650244961874
50,3,-0.02249412637226722,0.18063038945734436
51,1,0.26143256318400765,0.20155985019265502
52,2,0.40332787196405306,0.18773934553011912
53,2,0.22069594671835158,0.19608484003453083
54,2,0.4632112235493796,0.19841298680926775
55,1,0.2820051707381772,0.2013031258054346
56,2,0.36680143826192646,0.21571223293295752
57,1,-0.3858959288163628,0.18172936344730042
58,3,0.2324135029937877,0.1997691593940458
59,3,-0.05991130047263138,0.18527456634081696
60,3,0.053103802411275214,0.21706074217471766
61,3,0.15410240948235676,0.21669826907239184
62,2,0.4698151167055694,0.18559752050103018
63,3,0.4845780814316246,0.18469436893723862
64,2,-0.21177175451209473,0.1843947862672853
65,1,0.23375349743791618,0.18392334066349822
66,3,0.24998353793526862,0.18632388920493778
67,2,-0.1535071386869512,0.18622755573337216
68,1,-0.376130225135779,0.18654004020686413
69,2,-0.45905303971428024,0.18594303690924135
70,3,0.27734312752917856,0.19511657230050236
71,1,-0.010300258183094102,0.190155805183388
72,2,0.4855401694949262,0.19668315259242378
73,1,-0.035026543806346955,0.2157497741572608
74,3,0.47791697907384023,0.19407862783772362
75,2,-0.08842399780594012,0.19145895077450192
76,1,0.2936821505599726,0.21657417774780008
77,1,-0.41518072768816794,0.19286430504028207
78,2,0.05546171013776391,0.1848802190934735
79,3,0.3020597869857242,0.20475940103838855
80,3,0.42470166721988867,0.19127179252443133
81,2,0.3225830906174316,0.20079836148019525
82,1,-0.4630292727988258,0.2107194745164497
83,3,-0.1272976586932658,0.20262276727013634
84,2,-0.45130152768614873,0.21235068377580807
85,3,-0.390717708885442,0.19378807352245314
86,1,0.17530562866748411,0.1867470904853943
87,1,0.21325819631169818,0.19578668689234127
88,3,0.2737206827516263,0.19647711321582056
89,3,0.36545654805566286,0.20863873044658324
90,2,0.23943146847650987,0.20747357030204822
91,3,0.30087159210663206,0.19237482347236645
92,3,-0.45103629017672076,0.21717302366218183
93,2,-0.2654648495587014,0.19102353714261808
94,3,0.12189777337524577,0.21985855314900138
95,1,0.35812530462482317,0.1813080413554081
96,1,-0.4954998750603409,0.20694962472644118
97,3,0.014629342116349808,0.20480844272861456
98,2,0.1772873993643972,0.2033971643982589
99,1,-0.4703927108713868,0.21116552620890547
100,3,-0.09864444244661208,0.2036350452640218
101,1,0.39563488138369685,0.20439669577714054
102,3,0.17161280885585872,0.2150943287105327
103,1,-0.2623416366394027,0.187469719939544
104,3,0.35278112963191266,0.2012463022686708
105,3,-0.15196857659048568,0.20848404580127486
106,3,0.35334467114405943,0.19231509245389689
107,2,-0.20105634888109447,0.18877938496241412
108,2,0.09032025088314899,0.18515606957206215
109,3,-0.10305993225216592,0.1905075343317477
110,1,-0.22517494924493298,0.2066431128979649
111,3,0.3865575621718692,0.2045986175975873
112,2,-0.31240631806050867,0.18687010066920173
113,2,-0.4151884087642369,0.19964614935101294
114,2,-0.15807306145433964,0.18855078935134714
115,2,0.21763914764156755,0.21743891021964978
116,1,0.3074316059762817,0.20896537072626037
117,1,0.49874337006676484,0.1869331470011651
118,1,-0.20363794298883509,0.19158849162481487
119,1,-0.09205804886871782,0.2141231754180295
120,2,-0.3631787219703737,0.2022848837061903
121,3,0.07487192962303357,0.19423820395131383
122,2,0.4975800372629172,0.20393683383914926
123,2,0.2008810101206585,0.19557930207400157
124,3,0.09521284041337175,0.2164571300984312
125,2,-0.107630907078206,0.21494163187820736
126,1,0.4152987602855548,0.18641545774581814
127,3,-0.0030834038696505583,0.20709794196964865
128,2,-0.3656330866869385,0.213503515620196
129,2,-0.13462153680086653,0.18844975091281738
130,2,-0.4328333311522331,0.21486039433265153
131,2,-0.29802096231121844,0.19678229694970978
132,1,-0.4823312190000878,0.19230908391828264
133,2,-0.046720083499836584,0.21936245250492264
134,3,0.13454026495179716,0.20752019745578543
135,1,-0.15670753762109224,0.19162030050496304
136,2,-0.07961822849472289,0.20118760938491334
137,1,0.4592092728445759,0.20573860952112388
138,2,0.2519631215749155,0.20847752854672216
139,2,0.04085663694495123,0.18837562791965787
140,3,-0.21545912488817476,0.20466398806475264
141,1,0.3969967987729952,0.21389048128352853
142,1,-0.2649028831193405,0.21214638843578126
143,2,-0.17465726948332294,0.19177096394739893
144,3,0.4090648144229485,0.21880770677798206
145,3,0.029542055285072366,0.18050355211979607
146,1,0.24231794941797669,0.2111606298975569
147,1,0.09074479416376613,0.19268446519734816
148,3,0.15343920900949515,0.21764821303715767
149,1,-0.20061670848517443,0.21444226460537857
150,3,-0.2586279383733371,0.2152464328296534
151,1,-0.17750765283133474,0.19007470199883916
152,3,-0.34455843591657753,0.21185662051088097
153,1,0.3743143652908074,0.1933061259489254
154,2,-0.21675306674988593,0.1978883363794707
155,2,0.06148939441438461,0.21617341416110925
156,1,0.29197442514137406,0.20881813609815195
157,2,0.28382410937571356,0.20562266735806192
158,2,-0.06161374141580711,0.1851589357690303
159,3,-0.02374269141327434,0.20153132952035208
160,3,0.49470174893502483,0.18494057966358127
161,2,0.17459747697902406,0.18300095142149264
162,2,0.3146384431178827,0.21786321999915959
163,2,0.4025539692192319,0.20369594770531232
164,2,0.2875898362293392,0.18024584559867868
165,3,-0.3148206550464324,0.19876115041354683
166,1,0.062170733737572204,0.19146976000536528
167,1,-0.3981058426854551,0.18615638678552907
168,2,0.1529221265639984,0.21276485505121445
169,1,0.455349428187811,0.18614435868696821
170,1,0.012732064300111312,0.18665400111587208
171,1,-0.06702750713223282,0.18930428193552737
172,3,-0.4641572485818368,0.20849769444820018
173,3,0.45977452232922034,0.18762925941496242
174,3,-0.3969973158698412,0.1928543966815945
175,2,-0.45892090669515306,0.21609385017449562
176,3,-0.25393338849506153,0.20260566115910705
177,1,-0.4344695660816176,0.18692034495344195
178,3,-0.04488215758823766,0.2143961193418265
179,2,0.0160878012571124,0.2004864958396239
180,3,-0.18743005097141607,0.21336911163541333
181,1,-0.44903951742511394,0.1831498044329009
182,2,-0.3883996317507733,0.18647286660157347
183,3,-0.11549562201007191,0.18367258028791553
184,2,-0.43947154917346387,0.19924943645703194
185,2,0.19818972560991344,0.1954951604472943
186,1,-0.292979458475188,0.19664037475645557
187,2,-0.1979284312163615,0.19466157442916
188,1,-0.10587422282190251,0.19696596839033537
189,1,-0.08339036693085211,0.19524934926015736
190,3,-0.49833929232519947,0.18638643228732413
191,2,-0.38792962900130246,0.2027633165904705
192,2,0.36276456374087807,0.21476671525325775
193,2,-0.49876693748809187,0.21976326775717062
194,3,0.008167355812875088,0.1846923316994508
195,1,-0.010497993492791902,0.19644937949158547
196,2,-0.16690583898936218,0.18964365317359405
197,1,-0.06867297985355036,0.20267601486003609
198,2,0.2805811375265843,0.1944146160730988
199,3,0.34120370621495644,0.21511016008493944
200,2,-0.23965145658474996,0.21740817015732666
201,3,-0.17750955903227017,0.1930034889142675
202,2,-0.2575171469716673,0.19425670166141928
203,3,-0.020136599448934867,0.20139851734916797
204,2,0.18325835765881293,0.2054208684589485
205,1,-0.27174712453657945,0.21009835925315104
206,3,-0.16926425794513333,0.18400284958529609
207,3,0.4303846175891505,0.18204370530702876
208,1,-0.4514307101530419,0.20712911993018437
209,3,-0.03923039476043377,0.199147492618265
210,1,0.21155804159677782,0.20691008650689885
211,3,-0.34954598844252593,0.1920642785950194
212,3,-0.45262597999451815,0.18688689745913947
213,2,-0.36179462836146925,0.1844500595705262
214,3,0.41882319353068287,0.21145333630674942
215,1,-0.4907402181788766,0.19612117993188222
216,1,-0.3116780251886482,0.18331498574636174
217,1,-0.46871648709835545,0.1898706533922363
218,2,-0.38937053243779673,0.21446075228028613
219,3,0.12014928662829627,0.19926159452433223
220,1,-0.2583610912609142,0.21413369376546085
221,2,0.0692120504306768,0.21781340772330615
222,3,0.09019538276612615,0.18267829162835425
223,1,0.34943533308977903,0.21772891850415083
224,3,-0.4952586070881261,0.19484263166471302
225,1,0.35336945934236674,0.20793087608957017
226,3,0.119119086426974,0.19612511964444315
227,2,-0.3372565138950424,0.20458469686646272
228,2,0.272937388135284,0.20679063789586144
229,1,0.35549154179058573,0.18531940290441146
230,2,-0.2457365162458427,0.19724495141591425
231,3,0.4187936809026809,0.18826366024489313
232,1,-0.045542569701342184,0.18477224833194178
233,3,0.10342445433332148,0.20367774394320953
234,2,0.4846495336176436,0.2072105229574835
235,3,-0.13846392136080066,0.19030271379944125
236,2,0.31315934582011284,0.18029301407632117
237,2,-0.18160088217154036,0.21883038502304963
238,1,0.299213522241491,0.1989939742885558
239,2,0.10073391886264249,0.2060730128299071
240,1,-0.28364430477459857,0.18300891048917814
241,2,-0.08597390621076362,0.20480870369293885
242,1,-0.18236436563643832,0.21050401908893393
243,2,-0.4218916069196361,0.18189551600173037
244,2,-0.4701652299003025,0.20094288751047504
245,1,-0.15352134459281908,0.1856805209927992
246,3,-0.4809658521825134,0.18587678445413633
247,2,-0.33451224241822497,0.20459206873962854
248,3,0.22518332085086878,0.204770321869081
249,1,0.2080912356835879,0.20215080159742904
250,1,0.23858038645738266,0.20040675559834215
251,2,-0.18284682887002124,0.19879954325027804
252,1,0.3900194571176955,0.19924885089795785
253,1,0.09383054802844759,0.1933783909427034
254,2,-0.3739736582533735,0.19029319307257095
255,1,-0.35628133854446586,0.19062580791334394
256,3,0.1930954269297015,0.216323994668487
257,1,-0.32705606355792194,0.19066831491764658
258,1,0.007292701582043315,0.1949805684843664
259,2,0.4917744759287107,0.20016336306345234
260,3,-0.4959923952666605,0.20970773322426225
261,1,-0.4834201981024431,0.21108388979579348
262,1,0.4930845819305065,0.20886713706772408
263,3,0.08463883413416551,0.1921212460423666
264,3,-0.37309002448148687,0.18652369376706177
265,2,0.39730219975409364,0.2126810602900234
266,2,0.3803803001276922,0.21497946620013658
267,2,0.03620041311137523,0.21651702736167722
268,2,0.12179202986075655,0.21433370943840832
269,2,-0.22681280849912366,0.19445506833262097
270,1,-0.44948030362799485,0.1861402389643678
271,1,0.09456760889086435,0.20681712205370745
272,1,-0.205244806797237,0.2059766993260422
273,3,0.16362104666035193,0.18991595334093905
274,2,0.33624517684260125,0.2048088274021906
275,2,-0.48183945608563594,0.21992971327798022
276,2,0.09571377468572739,0.1867413580355877
277,3,-0.26871946031314775,0.195143126109541
278,1,0.3738884979038014,0.19564199173156946
279,1,-0.24633549343817152,0.18854127259728906
280,1,0.11077013323541829,0.2115227892437953
281,2,0.05354084008961146,0.20829211487913307
282,3,-0.10383349994075108,0.188678780554472
283,2,0.17762076359979406,0.21431182939058238
284,2,0.22576963471543388,0.19703200766571102
285,3,0.06693779531938682,0.20203633358855003
286,1,0.2584222371847541,0.20739571750215444
287,2,0.4834170759929376,0.21496632353805695
288,2,-0.08072761209919488,0.18907340107455672
289,2,0.014583051885530884,0.2036938184883125
290,3,-0.48753012205878676,0.20686302686155658
291,1,0.2960285563103784,0.2154552350833891
292,3,0.020230067045993838,0.21089173166795686
293,1,-0.0920385696394348,0.21657738668146598
294,2,-0.4059280369106042,0.18300930508184116
295,2,0.38965642167539727,0.19701826215341886
296,3,-0.10499275995944357,0.1922531456235391
297,2,0.18258159820922037,0.19988733280390014
298,1,-0.35062584363184923,0.21243242440888527
299,1,0.4615496295410325,0.19970242943839173
300,2,-0.3215582381781691,0.18140606365287398
301,3,-0.3004580071005096,0.20683277853746004
302,1,0.3589828605577138,0.18041172784382276
303,3,0.4125827441419312,0.18391009522238705
304,2,-0.2878525924766986,0.20910913182564844
305,1,-0.030199111825172098,0.21324001498066977
306,1,0.23349490456282984,0.19272457953875086
307,2,0.37836573381080163,0.20276025052019886
308,1,-0.12094730496269479,0.20188738258475705
309,1,0.017019486849429222,0.18222392500551282
310,2,0.24171641051973491,0.20179389903524836
311,3,0.2311359766527954,0.18043881314485677
312,1,0.2829601300260849,0.21279882995661725
313,1,0.06993381864152637,0.2099253746345235
314,1,-0.3953849031952248,0.19134846212689993
315,2,0.40397329087804,0.19049321709844835
316,3,0.3655725393210282,0.18760491219032635
317,3,0.29809743581833303,0.21811050767779533
318,3,-0.4001375228392705,0.21383151081303983
319,3,-0.2956026329185708,0.21350945955151496
320,1,0.24360036510765193,0.19864853560573364
321,1,-0.47685990541805356,0.2124608583450841
322,2,0.47922463370727963,0.2036625253216744
323,3,-0.12285531964431928,0.19197847769317689
324,3,0.2193125336908236,0.19721741770089685
325,1,0.38757108848804334,0.19636356929917148
326,1,-0.10537011184991774,0.19407298995346645
327,1,-0.18086751140033397,0.18969186720750625
328,1,0.10874112889824672,0.19592980851516906
329,2,0.08098937374805071,0.2039716797275869
330,2,-0.09086002237520285,0.1878474821766382
331,2,0.10177475586770846,0.1856738501241935
332,1,0.43538136956649476,0.20760911212006733
333,3,-0.03235974337340353,0.2010535358406061
334,2,-0.3032578192493687,0.1940867553524544
335,3,-0.12279401711699611,0.21631607917832127
336,3,-0.1058930174068814,0.19845281463337927
337,1,-0.36889130697378014,0.19326946129385741
338,1,-0.3371284994454451,0.18865023913224588
339,3,0.18456207339367725,0.1929268663781589
340,2,-0.1605222457910973,0.19094989151520417
341,1,0.4548983918558076,0.21467236921281468
342,2,-0.2564032546413926,0.21567952224894138
343,2,-0.4010754948951777,0.1965032148378276
344,3,0.2535045630002579,0.19043809315460425
345,1,0.38103605191787004,0.1852139165058475
346,3,-0.22188664312851214,0.20864524211366223
347,3,-0.29791189835452203,0.21516347859118362
348,1,-0.3142338651289128,0.19644468527497524
349,1,0.022012301366512332,0.2149959386283667
350,2,-0.03158335875322904,0.18990052682336184
351,1,-0.24056016014546577,0.20434853768356553
352,1,-0.4548268830105736,0.18324368481907416
353,2,-0.018508659673719285,0.2025249762440113
354,3,0.4593323476356084,0.20554724570483796
355,3,0.15251920075266323,0.20577518744306814
356,1,-0.004493443371381578,0.21115140228045184
357,3,-0.3893079259703839,0.1837898107643395
358,1,-0.24756370945041273,0.19114243254522145
359,3,-0.20522605042545727,0.20772256816262696
360,3,0.2648035526072343,0.2036830079354961
361,3,0.3767107972646193,0.21797809977651403
362,1,0.40164185356643844,0.21136717273768388
363,3,0.4845686082507541,0.1988391956119727
364,1,0.48236668310453246,0.20134989791332927
365,2,0.4529991327679814,0.20638795671626048
366,2,-0.4281778594971156,0.18040913053861318
367,1,-0.3622064640721948,0.19456850383386928
368,1,-0.1955334735239671,0.1848760829405014
369,3,0.05289825406446147,0.18957761156409067
370,2,-0.4030221112945207,0.21318028405056574
371,2,0.3457969578021425,0.20193887046596662
372,2,0.11675617907730906,0.21441841027383785
373,2,0.04236440230220495,0.21555272078053203
374,3,-0.33468867663270885,0.2122379603396826
375,1,-0.24674452559980264,0.21048301273719083
376,3,-0.33968797501774195,0.18664396557865806
377,3,0.3519331577947986,0.19077170645898398
378,2,0.08422786006121818,0.20816311189859638
379,1,0.2351294275196334,0.1920419432732312
380,1,-0.20396713708997427,0.19500598399154342
381,3,-0.12874736291172284,0.21745406893036565
382,3,-0.09514503557346621,0.208234741613015
383,1,0.2600149717440349,0.1842653995713786
384,1,0.27235298767456806,0.20884808254980175
385,1,-0.2931864724859683,0.21175149557572093
386,1,0.441538856738099,0.21653252178421112
387,3,-0.3793446625563136,0.2074049534751764
388,3,0.39612208242363034,0.18382831742376385
389,1,-0.3996043543501907,0.21061104874410355
390,3,-0.2354601888486889,0.20625197622166336
391,1,0.346478536067957,0.19824532862940347
392,2,-0.32050792765391256,0.21042152455212038
393,2,-0.08643206869003017,0.20100472711838868
394,3,-0.05014070005587379,0.21729163010038427
395,3,-0.25474102697679035,0.21726384097660154
396,1,0.21024520133598656,0.18901797293483413
397,1,0.3513346494022038,0.19762328763641807
398,1,0.3745751398555718,0.1879408054199803
399,1,-0.16067785426343906,0.19322871411354822
400,3,0.030850394287814442,0.1889237271468239
401,3,-0.2515935961343485,0.20047673996967882
402,1,-0.25520349844985457,0.1800257548698864
403,3,-0.3387459371480759,0.2116560653227948
404,2,0.4400190108075147,0.18635760829603681
405,2,0.3879888286055799,0.1909649065876571
406,2,0.27735871332769224,0.18699641778967732
407,1,0.01766152128772902,0.19415813072414478
408,3,-0.009392084488128116,0.18308129011450297
409,1,0.029745666182497965,0.21435629208174078
410,1,0.036568013577089276,0.19659794253415602
411,1,-0.06543691530230966,0.2169687978913261
412,1,-0.36824516710793254,0.18187846303451896
413,1,-0.374336147131464,0.18690383156708795
414,1,0.4522497158456833,0.21343306486877017
415,3,-0.017969240413649445,0.1985524325548674
416,3,0.45320552490518895,0.1823777252773074
417,1,-0.33642312228989,0.18186718342345382
418,1,0.05441655203993356,0.21579413019722618
419,2,-0.29228274664846077,0.19046828586797648
420,3,-0.24681539387339846,0.19643532935650476
421,3,-0.4699454212388212,0.2158803581819297
422,3,-0.3810466892597887,0.20670547102666995
423,2,0.4168484076291957,0.21081792597957472
424,2,-0.17846700851766828,0.1988600241956412
425,1,0.10812921191459157,0.2078099807453602
426,3,-0.034985868010727006,0.20337277391173245
427,3,-0.09954875475472169,0.18681155275001116
428,1,0.031886091346068124,0.2029074686783612
429,3,-0.3127610553846585,0.2170233362094996
430,1,0.48860389851957653,0.19380931480567412
431,3,0.31830786870386296,0.1997551454267641
432,3,0.2416146327315153,0.1966433876920723
433,1,-0.03124070298604753,0.2075451348853355
434,2,-0.347122877873664,0.20508070168324496
435,1,0.42066585827356784,0.19908227339745144
436,2,-0.15861293261827236,0.1818912052807799
437,3,-0.44989331030306623,0.19058145278740327
438,1,-0.15759632318937133,0.19258109557450984
439,2,0.29445703049588434,0.2092996475266184
440,3,0.12270874498820816,0.19585150178761113
441,1,0.25083858474485965,0.19513219834184242
442,1,0.2936353838623774,0.1978345432621852
443,2,-0.2880453889194574,0.19727935788951334
444,2,0.4237833160931802,0.20870683803702664
445,2,-0.06201039707962741,0.20681234131437534
446,1,0.1390136492641646,0.21051471636077504
447,3,-0.497691227413258,0.18829649885911298
448,2,0.493368498411178,0.2096579960425909
449,1,-0.21910361403584488,0.19184791856726474
450,3,-0.43793689345984477,0.18000248533370064
451,3,-0.04173795846348605,0.20558337103846003
452,2,-0.37096994281795825,0.18047187526202182
453,1,-0.3476732898424243,0.18391976619257783
454,2,0.13228281303021017,0.18164527155021942
455,2,-0.10707260842976674,0.20425453319924552
456,1,0.42185245015499506,0.1883154995507018
457,2,-0.18084350539192995,0.2123666259104943
458,3,0.2261801283839011,0.1942522880399204
459,1,-0.03890056984509238,0.19340713606410864
460,3,0.1599513011292788,0.2005917082103091
461,1,0.09969535671599039,0.2110016085045811
462,3,-0.027216027241001806,0.20785588397698374
463,2,0.4500610946244371,0.18826175341388499
464,1,-0.15728635724504414,0.2105403046769809
465,3,-0.32276449875072744,0.20027236518433783
466,1,0.17809406087982826,0.21949620979035037
467,2,0.3460075613079088,0.2006723773363983
468,1,-0.45974626006007624,0.1914472326149075
469,3,-0.05036731157731944,0.21044567537297632
470,3,0.3924876896873263,0.18117162805179957
471,3,0.24961861892286752,0.20898527840940745
472,2,0.4918077164976282,0.20172719012287882
473,2,0.03141381159724377,0.18702594680739168
474,2,0.15999571880115127,0.1809641359475302
475,3,-0.19751971886207187,0.1818632322376375
476,3,0.4475355996659923,0.18327148211136174
477,1,-0.1336645114434637,0.199508942841845
478,2,0.2385107126866286,0.2083034593202337
479,1,-0.09685979588091809,0.18535210143865488
480,1,0.06181893006299932,0.18635878179237578
481,3,0.2197825350215462,0.21256101363516466
482,1,0.008934151751354258,0.18911693477622127
483,3,0.4070863269095085,0.2131161292280817
484,2,-0.08069901207218977,0.18380179467343877
485,1,0.14707179814332516,0.21347710748723947
486,2,-0.15763756669994589,0.20930334292603828
487,2,-0.09184333176898696,0.18590669204841634
488,3,-0.059949891766447605,0.19351772935393008
489,2,-0.37419298168771475,0.19332449211775807
490,3,-0.4082763209409933,0.18535374212047115
491,3,0.16748992314675792,0.19508473568606588
492,3,0.15551773834305227,0.20711340788716362
493,2,0.16290971421009526,0.2092219621735947
494,1,-0.4802335546573083,0.18811615942055318
495,2,-0.1734531573282201,0.20887139313707528
496,1,-0.3021901527408031,0.19066642701123998
497,2,0.27815142254401237,0.18170014975804416
498,3,0.3606304013961301,0.18778536415549224
499,2,-0.25331962277385267,0.193689487844838
