name,n_observed,layout,observed
n23_L0,23,L0,"3,4,8,9,11,19,20,21,22,23,28,29,32,40,45,50,53,57,58,62,68,73,75"
n23_L1,23,L1,"9,10,16,20,21,22,31,35,36,38,42,50,51,52,53,54,56,61,62,66,70,73,74"
n23_L2,23,L2,"3,5,6,16,17,19,21,33,40,46,50,51,53,55,57,58,59,63,64,68,73,74,76"
n23_L3,23,L3,"7,10,11,12,14,16,22,23,25,29,33,36,40,47,48,50,51,52,60,62,70,72,75"
n23_L4,23,L4,"3,7,10,12,13,16,17,19,20,26,31,34,35,37,40,53,55,57,59,60,64,69,70"
n38_L0,38,L0,"5,6,14,15,17,18,20,22,30,32,33,35,36,39,40,41,42,44,45,46,47,48,49,50,51,52,54,56,59,62,64,66,69,70,71,73,74,76"
n38_L1,38,L1,"2,4,7,10,11,15,16,17,18,19,20,22,23,26,27,28,31,34,37,38,42,44,46,50,55,56,57,58,59,60,61,62,67,68,70,72,75,76"
n38_L2,38,L2,"2,3,4,7,8,9,16,18,19,22,24,26,28,29,31,32,33,34,36,39,40,43,44,48,49,51,53,56,58,59,60,62,65,68,70,71,72,74"
n38_L3,38,L3,"2,5,6,8,10,11,12,13,14,15,23,24,26,28,31,33,34,35,38,40,43,46,48,49,50,51,53,54,56,60,68,69,70,71,73,74,75,76"
n38_L4,38,L4,"2,3,6,11,13,16,17,18,19,20,21,22,24,26,27,31,32,38,39,41,42,44,47,48,52,53,57,58,59,61,62,63,64,65,66,67,69,73"
n53_L0,53,L0,"1,2,3,4,5,6,7,11,13,14,15,16,17,21,22,24,27,28,29,30,32,33,34,35,36,39,40,41,44,47,48,50,51,52,53,54,56,57,58,59,62,63,64,65,66,67,68,69,70,71,73,74,75"
n53_L1,53,L1,"1,2,4,5,7,8,9,10,11,13,15,16,17,18,20,21,23,24,25,32,34,35,37,38,39,40,41,42,43,44,45,46,47,49,50,52,54,56,57,58,59,60,62,63,64,65,67,68,69,70,73,74,75"
n53_L2,53,L2,"3,5,7,8,9,10,11,12,13,16,18,20,23,24,25,26,27,29,30,32,34,35,36,37,39,41,42,43,44,45,46,47,48,49,50,52,53,54,56,59,60,61,63,64,66,67,68,70,71,72,73,74,76"
n53_L3,53,L3,"1,2,3,4,5,6,7,8,9,10,11,12,13,14,15,16,17,19,20,21,22,24,26,27,28,33,34,37,38,41,43,44,45,46,50,51,52,55,57,58,59,60,62,63,65,66,68,69,71,72,73,74,75"
n53_L4,53,L4,"1,2,3,4,7,8,11,12,13,18,19,20,21,23,24,28,29,30,31,32,34,35,37,38,39,40,41,42,43,44,45,46,47,48,49,51,53,55,56,57,58,59,61,62,63,65,66,67,68,70,73,74,75"
n66_L0,66,L0,"1,2,3,4,5,6,7,8,9,10,11,12,13,14,15,16,17,19,20,21,22,23,26,27,28,29,31,32,33,34,35,36,37,38,39,41,42,44,45,46,48,49,50,51,52,53,54,55,56,57,59,60,61,62,63,64,65,67,68,69,70,71,72,73,74,75"
n66_L1,66,L1,"1,2,3,4,5,6,7,8,9,11,12,15,16,17,18,20,21,23,25,26,27,28,29,30,32,33,34,35,36,38,39,40,41,42,43,44,45,46,47,49,50,51,52,53,54,55,56,57,58,59,60,61,62,63,64,65,66,67,68,69,70,72,73,74,75,76"
n66_L2,66,L2,"1,2,3,4,5,6,7,8,9,10,11,12,14,15,16,17,18,20,21,22,23,25,26,27,28,30,31,33,34,35,36,37,38,40,41,43,44,45,46,47,48,49,50,51,52,54,55,56,57,58,59,60,61,62,63,64,65,67,68,70,71,72,73,74,75,76"
n66_L3,66,L3,"1,3,5,6,7,9,11,12,13,14,15,16,17,18,19,20,21,22,23,25,26,27,29,30,31,32,33,34,35,36,37,38,39,41,43,44,45,46,47,48,49,50,51,52,54,55,56,57,58,59,60,61,62,63,64,65,66,67,68,70,71,72,73,74,75,76"
n66_L4,66,L4,"1,2,3,4,5,6,8,9,10,12,13,14,15,16,17,18,19,21,22,23,24,26,28,29,30,31,33,34,35,36,37,38,39,41,42,43,44,45,47,48,49,50,51,52,53,54,55,56,58,59,60,61,62,63,64,65,67,68,69,70,71,72,73,74,75,76"
