node_id,zone_id,name,bin_index,node_type,control_type,x_coord,y_coord,geometry,production,attraction
1,1,,,,,315981.0612,5810552.063,,1,1
2,2,,,,,315810.0612,5810563.063,,1,1
3,3,,,,,315979.0612,5810574.063,,1,1
4,4,,,,,316127.0612,5810590.063,,1,1
5,5,,,,,317903.3002,5811199.09,,1,1
6,6,,,,,317820.0612,5811120.063,,1,1
7,7,,,,,318014.6266,5810884.412,,1,1
8,8,,,,,323015.0612,5815055.063,,1,1
9,9,,,,,323021.0258,5815093.171,,1,1
10,10,,,,,323287.0612,5814971.063,,1,1
11,11,,,,,314220.2715,5808702.8,,1,1
12,12,,,,,314568.0924,5808658.276,,1,1
13,13,,,,,314158.0612,5808813.063,,1,1
14,14,,,,,314769.0621,5808636.026,,1,1
15,15,,,,,314524.3152,5809076.603,,1,1
16,16,,,,,315054.9062,5808597.144,,1,1
17,17,,,,,312875.0612,5812102.063,,1,1
18,18,,,,,313426.8868,5812878.968,,1,1
19,19,,,,,313368.0612,5812510.063,,1,1
20,20,,,,,313060.0612,5812929.063,,1,1
21,21,,,,,313687.969,5812843.098,,1,1
22,22,,,,,313364.5002,5812466.426,,1,1
23,23,,,,,313645.7441,5812526.718,,1,1
24,24,,,,,313638.3737,5812576.153,,1,1
25,25,,,,,314049.0873,5812463.105,,1,1
26,26,,,,,313633.8917,5812433.217,,1,1
27,27,,,,,314848.6617,5813499.864,,1,1
28,28,,,,,314874.0328,5813660.05,,1,1
29,29,,,,,314403.2139,5813545.16,,1,1
30,30,,,,,313794.21,5813624.766,,1,1
31,31,,,,,313806.879,5813760.358,,1,1
32,32,,,,,314283.9894,5813555.997,,1,1
33,33,,,,,313740.0612,5813254.063,,1,1
34,34,,,,,314427.0532,5813716.049,,1,1
35,35,,,,,313939.0612,5813768.063,,1,1
36,36,,,,,314454.041,5813921.094,,1,1
37,37,,,,,313823.7648,5813862.667,,1,1
38,38,,,,,313833.3872,5813957.925,,1,1
39,39,,,,,327708.39454999997,5815562.911,,1,1
40,40,,,,,327404.773725,5815322.513,,1,1
41,41,,,,,327101.1529,5815082.115,,1,1
42,42,,,,,317149.1065,5817388.081,,1,1
43,43,,,,,316359.3405,5816484.293,,1,1
44,44,,,,,316401.0765,5816889.062,,1,1
45,45,,,,,316476.2731,5816336.864,,1,1
46,46,,,,,316258.2558,5816613.672,,1,1
47,47,,,,,316465.8109,5817463.839,,1,1
48,48,,,,,317025.8699,5816282.281,,1,1
49,49,,,,,316968.8248,5815733.789,,1,1
50,50,,,,,317062.2435,5816564.815,,1,1
51,51,,,,,316993.0612,5815975.063,,1,1
52,52,,,,,317906.895,5816482.284,,1,1
53,53,,,,,317244.1549,5816544.116,,1,1
54,54,,,,,317684.0612,5816834.063,,1,1
55,55,,,,,317934.0794,5816442.059,,1,1
56,56,,,,,317386.57555,5818011.2955,,1,1
57,57,,,,,313770.853,5816978.35,,1,1
58,58,,,,,314231.4135,5816899.421,,1,1
59,59,,,,,313388.8249,5817028.564,,1,1
60,60,,,,,313710.0612,5816465.063,,1,1
61,61,,,,,313792.6245,5817154.253,,1,1
62,62,,,,,312929.0612,5815855.063,,1,1
63,63,,,,,313497.1638,5814753.367,,1,1
64,64,,,,,313119.0612,5814966.063,,1,1
65,65,,,,,313773.0612,5814719.063,,1,1
66,66,,,,,313598.0533,5815529.099,,1,1
67,67,,,,,313465.2003,5814502.16,,1,1
68,68,,,,,314097.8676,5814685.291,,1,1
69,69,,,,,314119.0612,5814851.063,,1,1
70,70,,,,,314071.0674,5814437.074,,1,1
71,71,,,,,312708.7747,5815010.276000001,,1,1
72,72,,,,,317856.2777,5815653.662,,1,1
73,73,,,,,317927.0612,5815656.063,,1,1
74,74,,,,,317311.3362,5815712.675,,1,1
75,75,,,,,317895.17854999995,5816047.8605,,1,1
76,76,,,,,314693.0597,5812723.051,,1,1
77,77,,,,,314283.4363,5812769.348,,1,1
78,78,,,,,314900.0827,5812698.04,,1,1
79,79,,,,,323361.6398,5815050.63,,1,1
80,80,,,,,323343.0612,5815072.063,,1,1
81,81,,,,,323366.0612,5815081.063,,1,1
82,82,,,,,323196.0612,5815088.063,,1,1
83,83,,,,,323174.0612,5815079.063,,1,1
84,84,,,,,323167.0612,5815063.063,,1,1
85,85,,,,,323180.0612,5815042.063,,1,1
86,86,,,,,323215.2526,5815028.816,,1,1
87,87,,,,,325401.27,5809005.633,,1,1
88,88,,,,,325483.0612,5809625.063,,1,1
89,89,,,,,325487.3668,5808993.665,,1,1
90,90,,,,,325290.9549,5809019.376,,1,1
91,91,,,,,325477.0612,5809660.063,,1,1
92,92,,,,,324633.2298,5809120.548,,1,1
93,93,,,,,324683.98665,5809539.533,,1,1
94,94,,,,,324876.81715,5809084.085000001,,1,1
95,95,,,,,324315.6391,5809159.759,,1,1
96,96,,,,,324734.7435,5809958.518,,1,1
97,97,,,,,324425.637,5809995.747,,1,1
98,98,,,,,324960.2754,5809931.805,,1,1
99,99,,,,,323860.2139,5809233.502,,1,1
100,100,,,,,323905.0577,5809610.064,,1,1
101,101,,,,,324071.9437,5809195.323,,1,1
102,102,,,,,323568.9328,5809270.325,,1,1
103,103,,,,,323736.2174,5808687.533,,1,1
104,104,,,,,323609.13375000004,5808829.7585,,1,1
105,105,,,,,323457.9598,5808725.689,,1,1
106,106,,,,,323912.9457,5808656.322,,1,1
107,107,,,,,323482.0501,5808971.984,,1,1
108,108,,,,,322674.3212,5809097.709,,1,1
109,109,,,,,323076.0639,5809034.081,,1,1
110,110,,,,,322686.5924,5809203.885,,1,1
111,111,,,,,322646.968,5808839.719,,1,1
112,112,,,,,323279.05700000003,5809003.032500001,,1,1
113,113,,,,,323513.0702,5809282.603,,1,1
114,114,,,,,325009.8937,5810350.373,,1,1
115,115,,,,,324865.0612,5810371.063,,1,1
116,116,,,,,325034.0612,5810521.063,,1,1
117,117,,,,,325342.1136,5810861.336,,1,1
118,118,,,,,325298.0612,5810894.063,,1,1
119,119,,,,,325410.0612,5810844.063,,1,1
120,120,,,,,325235.2938,5809897.656,,1,1
121,121,,,,,325704.5026,5810550.857,,1,1
122,122,,,,,325716.0612,5810488.063,,1,1
123,123,,,,,325667.0612,5810615.063,,1,1
124,124,,,,,325647.2197,5809844.619,,1,1
125,125,,,,,325805.7497,5809824.397,,1,1
126,126,,,,,325375.963,5809879.32,,1,1
127,127,,,,,320724.6442,5808557.946,,1,1
128,128,,,,,320880.0612,5808794.063,,1,1
129,129,,,,,320475.0612,5808702.063,,1,1
130,130,,,,,320932.0612,5808425.063,,1,1
131,131,,,,,320293.0795,5809165.061,,1,1
132,132,,,,,319477.5324,5809109.261,,1,1
133,133,,,,,319324.0252,5809193.497,,1,1
134,134,,,,,319624.1523,5809335.709,,1,1
135,135,,,,,319756.8096,5808951.922,,1,1
136,136,,,,,319933.98795,5809711.621,,1,1
137,137,,,,,320117.9208,5809891.171,,1,1
138,138,,,,,319750.0551,5809532.071,,1,1
139,139,,,,,320332.9914,5809976.243,,1,1
140,140,,,,,320190.164,5810343.832,,1,1
141,141,,,,,320430.1843,5809732.121,,1,1
142,142,,,,,319309.0918,5809842.05,,1,1
143,143,,,,,319502.2192,5810386.573,,1,1
144,144,,,,,318935.9599,5810103.434,,1,1
145,145,,,,,319233.6044,5809613.259,,1,1
146,146,,,,,319070.1842,5810296.301,,1,1
147,147,,,,,318850.0612,5810441.063,,1,1
148,148,,,,,319002.4674,5810202.632,,1,1
149,149,,,,,319200.0612,5810473.063,,1,1
150,150,,,,,318587.3953,5810785.264,,1,1
151,151,,,,,318714.0776,5810617.076,,1,1
152,152,,,,,319100.6005,5810916.5,,1,1
153,153,,,,,318081.6396,5810650.358,,1,1
154,154,,,,,326577.7428,5809715.609,,1,1
155,155,,,,,326519.0612,5809264.063,,1,1
156,156,,,,,326322.6137,5809752.903,,1,1
157,157,,,,,326798.0025,5809691.649,,1,1
158,158,,,,,326468.2293,5808856.494,,1,1
159,159,,,,,326224.7703,5808882.623,,1,1
160,160,,,,,326684.0339,5808819.712,,1,1
161,161,,,,,326212.0612,5808772.063,,1,1
162,162,,,,,325925.0538,5808930.66,,1,1
163,163,,,,,325867.9497,5808370.123,,1,1
164,164,,,,,327107.794,5808755.551,,1,1
165,165,,,,,327080.0612,5808470.063,,1,1
166,166,,,,,327000.9541,5808772.321,,1,1
167,167,,,,,324487.1867,5810415.813,,1,1
168,168,,,,,324496.0612,5810500.063,,1,1
169,169,,,,,324454.6891,5810227.11,,1,1
170,170,,,,,326730.7483,5811401.514,,1,1
171,171,,,,,326667.0612,5810883.063,,1,1
172,172,,,,,326579.1956,5811419.938,,1,1
173,173,,,,,326997.0022,5811367.707,,1,1
174,174,,,,,327361.1995,5810806.185,,1,1
175,175,,,,,326935.039,5810856.035,,1,1
176,176,,,,,326908.0612,5810615.063,,1,1
177,177,,,,,326857.0612,5810177.063,,1,1
178,178,,,,,327423.7473,5811311.533,,1,1
179,179,,,,,324331.9055,5812676.987,,1,1
180,180,,,,,323927.0583,5812727.105,,1,1
181,181,,,,,324460.0612,5812664.063,,1,1
182,182,,,,,324290.0488,5812386.699,,1,1
183,183,,,,,323199.7579,5811710.535,,1,1
184,184,,,,,323169.0612,5811449.063,,1,1
185,185,,,,,322995.0469,5811737.946,,1,1
186,186,,,,,323397.2385,5811687.637,,1,1
187,187,,,,,323729.0227,5811111.306,,1,1
188,188,,,,,323487.0612,5811140.063,,1,1
189,189,,,,,323753.9624,5811266.076,,1,1
190,190,,,,,323702.524,5810776.232,,1,1
191,191,,,,,323134.0612,5811186.063,,1,1
192,192,,,,,326832.9454,5814827.894,,1,1
193,193,,,,,326796.0612,5814601.063,,1,1
194,194,,,,,326967.04915,5814955.0045,,1,1
195,195,,,,,326582.8059,5814630.428,,1,1
196,196,,,,,326700.5112,5813825.567,,1,1
197,197,,,,,327085.0735,5814007.586,,1,1
198,198,,,,,326711.0612,5813936.063,,1,1
199,199,,,,,326635.1731,5813788.25,,1,1
200,200,,,,,327055.9789,5813735.722,,1,1
201,201,,,,,327315.0093,5814115.607,,1,1
202,202,,,,,327023.2077,5813486.176,,1,1
203,203,,,,,326845.576,5813761.986,,1,1
204,204,,,,,327261.2703,5813713.571,,1,1
205,205,,,,,326887.0612,5813505.063,,1,1
206,206,,,,,327261.075,5813455.036,,1,1
207,207,,,,,327377.4122,5812908.783,,1,1
208,208,,,,,327083.0112,5812048.67,,1,1
209,209,,,,,324257.5881,5808605.717,,1,1
210,210,,,,,323113.9682,5809338.323,,1,1
211,211,,,,,323353.9542,5809308.321,,1,1
212,212,,,,,322891.9579,5809366.321,,1,1
213,213,,,,,325088.8077,5808759.992,,1,1
214,214,,,,,325120.4045,5809047.622,,1,1
215,215,,,,,325066.3221,5808486.714,,1,1
216,216,,,,,325467.1359,5808428.4185,,1,1
217,217,,,,,325867.9497,5808370.123,,1,1
218,218,,,,,325066.3221,5808486.714,,1,1
219,219,,,,,326737.0612,5809242.063,,1,1
220,220,,,,,326773.5612,5809489.743,,1,1
221,221,,,,,326654.0612,5808545.063,,1,1
222,222,,,,,325897.0612,5808650.063,,1,1
223,223,,,,,325182.8042,5809515.961,,1,1
224,224,,,,,325236.1824,5809878.13,,1,1
225,225,,,,,324379.2899,5809648.169,,1,1
226,226,,,,,324329.2856,5809295.279,,1,1
227,227,,,,,321198.0612,5808677.063,,1,1
228,228,,,,,320842.3925,5809057.336,,1,1
229,229,,,,,320628.5343333333,5808430.790333333,,1,1
230,230,,,,,320056.4654,5808773.308,,1,1
231,231,,,,,322249.0612,5809152.063,,1,1
232,232,,,,,322171.7799,5809404.09,,1,1
233,233,,,,,322332.9536,5808882.438,,1,1
234,234,,,,,323917.0612,5813172.063,,1,1
235,235,,,,,323984.0656,5813182.059,,1,1
236,236,,,,,323576.9135,5813216.946,,1,1
237,237,,,,,323452.0612,5812167.063,,1,1
238,238,,,,,323486.055,5812475.698,,1,1
239,239,,,,,324268.0612,5812215.063,,1,1
240,240,,,,,324193.2574,5811591.65,,1,1
241,241,,,,,323848.0612,5812081.063,,1,1
242,242,,,,,323887.0582,5812429.695,,1,1
243,243,,,,,323798.0071,5811639.685,,1,1
244,244,,,,,324652.0612,5811984.063,,1,1
245,245,,,,,324695.0218,5812346.659,,1,1
246,246,,,,,324603.985,5811543.711,,1,1
247,247,,,,,323048.0612,5812217.063,,1,1
248,248,,,,,323081.2243,5812526.546,,1,1
249,249,,,,,323009.6769,5811905.631,,1,1
250,250,,,,,327362.2658,5814138.36,,1,1
251,251,,,,,326670.0612,5812597.063,,1,1
252,252,,,,,326356.2562,5812634.799,,1,1
253,253,,,,,327144.9655,5812534.208,,1,1
254,254,,,,,319393.0589,5817409.073,,1,1
255,255,,,,,319831.0612,5817350.063,,1,1
256,256,,,,,319430.7806,5817704.863,,1,1
257,257,,,,,319086.9027,5817450.963,,1,1
258,258,,,,,319352.739,5817093.112,,1,1
259,259,,,,,320411.6792,5817274.267,,1,1
260,260,,,,,320409.8082,5817209.999,,1,1
261,261,,,,,320450.4114,5817575.023,,1,1
262,262,,,,,319312.3093,5817724.265,,1,1
263,263,,,,,318906.7326,5817773.783,,1,1
264,264,,,,,318495.1827,5817201.629,,1,1
265,265,,,,,318333.0279,5817252.851,,1,1
266,266,,,,,319041.1255,5817133.049,,1,1
267,267,,,,,320380.9971,5816957.131,,1,1
268,268,,,,,321012.9478,5817510.959,,1,1
269,269,,,,,320989.0612,5817278.063,,1,1
270,270,,,,,321343.0897,5817472.081,,1,1
271,271,,,,,320940.3402,5816890.282,,1,1
272,272,,,,,321402.0612,5817972.063,,1,1
273,273,,,,,321378.0612,5817743.063,,1,1
274,274,,,,,322086.965,5817941.745,,1,1
275,275,,,,,322058.8069,5817691.983,,1,1
276,276,,,,,320483.8069,5817879.983,,1,1
277,277,,,,,322024.5419,5817394.243,,1,1
278,278,,,,,327121.7778,5817033.304,,1,1
279,279,,,,,326918.77215,5816874.6215,,1,1
280,280,,,,,323027.98955,5817545.252,,1,1
281,281,,,,,322966.9973,5817110.538,,1,1
282,282,,,,,323088.9818,5817979.966,,1,1
283,283,,,,,324738.0612,5816353.063,,1,1
284,284,,,,,324749.9008,5816432.981,,1,1
285,285,,,,,324731.2314,5816280.454,,1,1
286,286,,,,,325441.0612,5816631.063,,1,1
287,287,,,,,325459.9781,5816785.071,,1,1
288,288,,,,,325412.4905,5816374.818,,1,1
289,289,,,,,325849.0612,5816862.063,,1,1
290,290,,,,,326083.029,5816871.036,,1,1
291,291,,,,,325466.1022,5816868.079,,1,1
292,292,,,,,325815.2541,5816478.339,,1,1
293,293,,,,,326081.1355,5816549.565,,1,1
294,294,,,,,326715.7665,5816715.939,,1,1
295,295,,,,,326679.3426,5816859.179500001,,1,1
296,296,,,,,326715.7665,5816715.939,,1,1
297,297,,,,,324161.0669,5817015.857,,1,1
298,298,,,,,323645.0993,5817087.05,,1,1
299,299,,,,,324782.0668,5816941.051,,1,1
300,300,,,,,323610.0612,5816803.063,,1,1
301,301,,,,,323582.8285,5816592.964,,1,1
302,302,,,,,325512.0612,5817245.063,,1,1
303,303,,,,,325557.0715,5817672.095,,1,1
304,304,,,,,325752.0612,5817654.063,,1,1
305,305,,,,,326169.0656,5817598.084,,1,1
306,306,,,,,324863.0738,5817750.077,,1,1
307,307,,,,,317454.0612,5817395.063,,1,1
308,308,,,,,317416.181,5817380.107,,1,1
309,309,,,,,317841.19015000004,5817343.3185,,1,1
310,310,,,,,317282.64375,5817384.0940000005,,1,1
311,311,,,,,317500.0612,5817174.063,,1,1
312,312,,,,,322227.0612,5808851.063,,1,1
313,313,,,,,322136.3507,5808822.415,,1,1
314,314,,,,,322329.0612,5808525.063,,1,1
315,315,,,,,322438.9002,5808546.852,,1,1
316,316,,,,,322230.7236,5808511.797,,1,1
317,317,,,,,322383.346,5808716.838,,1,1
318,318,,,,,325106.0096,5813213.692,,1,1
319,319,,,,,324808.7423,5813238.55,,1,1
320,320,,,,,325563.10505,5813146.648,,1,1
321,321,,,,,313515.0612,5811237.063,,1,1
322,322,,,,,313501.5195,5811376.141,,1,1
323,323,,,,,313543.4566,5811015.848,,1,1
324,324,,,,,323023.0612,5815122.063,,1,1
325,325,,,,,323198.2954,5815110.753,,1,1
326,326,,,,,323077.4139,5815079.651,,1,1
327,327,,,,,323166.2021,5815038.957,,1,1
328,328,,,,,323467.0612,5814971.063,,1,1
329,329,,,,,323200.0612,5815012.063,,1,1
330,330,,,,,323674.0612,5814934.063,,1,1
331,331,,,,,323411.9662,5814938.571,,1,1
332,332,,,,,323672.0612,5814954.063,,1,1
333,333,,,,,323720.8976,5815001.821,,1,1
334,334,,,,,323873.8769,5815011.33,,1,1
335,335,,,,,323418.0612,5815055.063,,1,1
336,336,,,,,323984.0612,5814984.063,,1,1
337,337,,,,,323825.2107,5814958.28,,1,1
338,338,,,,,324130.8921,5815073.584,,1,1
339,339,,,,,324341.0612,5815157.063,,1,1
340,340,,,,,325165.0612,5815506.063,,1,1
341,341,,,,,325366.0612,5815536.063,,1,1
342,342,,,,,325172.0612,5815469.063,,1,1
343,343,,,,,324961.0612,5815402.063,,1,1
344,344,,,,,326131.0612,5815510.063,,1,1
345,345,,,,,326336.0612,5815530.063,,1,1
346,346,,,,,325968.0612,5815525.063,,1,1
347,347,,,,,326107.0612,5815574.063,,1,1
348,348,,,,,326177.0612,5815624.063,,1,1
349,349,,,,,326199.0612,5815672.063,,1,1
350,350,,,,,326263.2009,5815639.0055,,1,1
351,351,,,,,326194.5625,5815706.681,,1,1
352,352,,,,,326331.8393,5815571.33,,1,1
353,353,,,,,325997.0612,5815453.063,,1,1
354,354,,,,,325781.9774,5815477.207,,1,1
355,355,,,,,326139.0612,5815473.063,,1,1
356,356,,,,,326127.0612,5815891.063,,1,1
357,357,,,,,326091.0612,5816154.063,,1,1
358,358,,,,,326160.81185,5815798.8719999995,,1,1
359,359,,,,,326086.09835,5816351.814,,1,1
360,360,,,,,326054.0612,5816641.063,,1,1
361,361,,,,,326068.5451,5816756.0495,,1,1
362,362,,,,,326619.0612,5815508.063,,1,1
363,363,,,,,326537.0612,5815461.063,,1,1
364,364,,,,,313420.0612,5814077.063,,1,1
365,365,,,,,313025.0565,5814123.02,,1,1
366,366,,,,,313471.8941,5814028.569,,1,1
367,367,,,,,315138.0612,5813869.063,,1,1
368,368,,,,,315020.1862,5813839.094,,1,1
369,369,,,,,315250.443,5813822.047,,1,1
370,370,,,,,314074.0612,5814009.063,,1,1
371,371,,,,,313926.3305,5814026.914,,1,1
372,372,,,,,314152.0612,5813974.063,,1,1
373,373,,,,,313811.0612,5813999.063,,1,1
374,374,,,,,313872.5479,5814034.237,,1,1
375,375,,,,,313905.1315,5814030.791,,1,1
376,376,,,,,313732.9186,5809552.477,,1,1
377,377,,,,,323647.0612,5810730.063,,1,1
378,378,,,,,323510.0612,5810781.063,,1,1
379,379,,,,,323647.0612,5810742.063,,1,1
380,380,,,,,323712.0612,5810731.063,,1,1
381,381,,,,,323314.0612,5810839.063,,1,1
382,382,,,,,322958.0612,5811196.063,,1,1
383,383,,,,,322883.0612,5811308.063,,1,1
384,384,,,,,322806.2296,5811400.009,,1,1
385,385,,,,,322949.0612,5811224.063,,1,1
386,386,,,,,322995.0612,5811170.063,,1,1
387,387,,,,,323109.0612,5811030.063,,1,1
388,388,,,,,323185.126,5810950.125,,1,1
389,389,,,,,322932.0612,5811002.063,,1,1
390,390,,,,,322887.8424,5810680.116,,1,1
391,391,,,,,322921.1575,5811070.025,,1,1
392,392,,,,,323120.0612,5810830.063,,1,1
393,393,,,,,323219.0612,5810757.063,,1,1
394,394,,,,,324153.0612,5810695.063,,1,1
395,395,,,,,324226.0612,5810660.063,,1,1
396,396,,,,,324080.0612,5810730.063,,1,1
397,397,,,,,324279.0612,5810628.063,,1,1
398,398,,,,,324343.0612,5810630.063,,1,1
399,399,,,,,323842.0612,5810649.063,,1,1
400,400,,,,,323754.0612,5810616.063,,1,1
401,401,,,,,323972.0612,5810677.063,,1,1
402,402,,,,,323697.9545,5810619.458,,1,1
403,403,,,,,324641.0612,5810926.063,,1,1
404,404,,,,,324557.7745,5810947.839,,1,1
405,405,,,,,324691.0612,5810889.063,,1,1
406,406,,,,,324727.0612,5810842.063,,1,1
407,407,,,,,324766.0612,5810763.063,,1,1
408,408,,,,,324820.0612,5810728.063,,1,1
409,409,,,,,324820.0612,5810728.063,,1,1
410,410,,,,,324891.0612,5810796.063,,1,1
411,411,,,,,324962.0612,5810864.063,,1,1
412,412,,,,,324974.0612,5810938.063,,1,1
413,413,,,,,324998.0612,5810971.063,,1,1
414,414,,,,,325058.0612,5811010.063,,1,1
415,415,,,,,325089.8902,5811021.849,,1,1
416,416,,,,,325145.0612,5811034.063,,1,1
417,417,,,,,325184.0612,5811034.063,,1,1
418,418,,,,,325219.0612,5811005.063,,1,1
419,419,,,,,325456.0612,5810813.063,,1,1
420,420,,,,,325494.0612,5810784.063,,1,1
421,421,,,,,325607.0612,5810670.063,,1,1
422,422,,,,,325552.0612,5810699.063,,1,1
423,423,,,,,325142.5122,5811481.6715,,1,1
424,424,,,,,325284.0612,5811467.063,,1,1
425,425,,,,,325000.9632,5811496.28,,1,1
426,426,,,,,325356.0612,5811460.063,,1,1
427,427,,,,,325498.2732,5811501.154,,1,1
428,428,,,,,325581.0612,5811535.063,,1,1
429,429,,,,,325710.0612,5811579.063,,1,1
430,430,,,,,325792.0612,5811593.063,,1,1
431,431,,,,,325929.0612,5811580.563,,1,1
432,432,,,,,326066.0612,5811568.063,,1,1
433,433,,,,,325356.0612,5811429.063,,1,1
434,434,,,,,325424.0612,5811412.063,,1,1
435,435,,,,,325256.0612,5811429.063,,1,1
436,436,,,,,325474.0612,5811432.063,,1,1
437,437,,,,,326268.0177,5811456.691,,1,1
438,438,,,,,326212.8334,5811514.445,,1,1
439,439,,,,,324141.974,5814422.825999999,,1,1
440,440,,,,,324369.9643,5814412.335,,1,1
441,441,,,,,323913.9837,5814433.317,,1,1
442,442,,,,,324503.656,5814341.433,,1,1
443,443,,,,,324435.7215,5814389.403,,1,1
444,444,,,,,324731.7015,5814208.406,,1,1
445,445,,,,,325523.8405,5813803.358,,1,1
446,446,,,,,325694.8206,5813778.951,,1,1
447,447,,,,,318621.0612,5815655.063,,1,1
448,448,,,,,318651.9537,5815726.655,,1,1
449,449,,,,,318611.0487,5815578.08,,1,1
450,450,,,,,318548.0612,5815827.063,,1,1
451,451,,,,,318519.7692,5815753.196,,1,1
452,452,,,,,318406.0612,5815540.063,,1,1
453,453,,,,,318524.0612,5815813.063,,1,1
454,454,,,,,318541.0612,5815869.063,,1,1
455,455,,,,,318356.0612,5815415.063,,1,1
456,456,,,,,318391.0612,5815551.063,,1,1
457,457,,,,,318473.0612,5815702.063,,1,1
458,458,,,,,318319.0293,5817694.951,,1,1
459,459,,,,,318290.0612,5817340.063,,1,1
460,460,,,,,318302.0413,5817714.179,,1,1
461,461,,,,,318303.0612,5817373.063,,1,1
462,462,,,,,318307.0612,5817126.063,,1,1
463,463,,,,,318355.0612,5816856.063,,1,1
464,464,,,,,318315.0612,5817004.063,,1,1
465,465,,,,,318371.0612,5816846.063,,1,1
466,466,,,,,318526.9586,5816501.128,,1,1
467,467,,,,,320823.5516,5809999.615,,1,1
468,468,,,,,320811.8064,5809882.839,,1,1
469,469,,,,,321016.7593,5810136.937,,1,1
470,470,,,,,320788.2218,5810083.913,,1,1
471,471,,,,,320800.0612,5809766.063,,1,1
472,472,,,,,320701.0612,5809752.063,,1,1
473,473,,,,,320685.0612,5809724.063,,1,1
474,474,,,,,320796.0612,5809540.063,,1,1
475,475,,,,,321056.0612,5809249.063,,1,1
476,476,,,,,321057.0612,5809195.063,,1,1
477,477,,,,,321039.0612,5809289.063,,1,1
478,478,,,,,321039.0612,5809143.063,,1,1
479,479,,,,,321610.0612,5808597.063,,1,1
480,480,,,,,321661.0612,5808575.063,,1,1
481,481,,,,,321748.0612,5808659.063,,1,1
482,482,,,,,321881.0612,5808483.063,,1,1
483,483,,,,,321774.0612,5808657.063,,1,1
484,484,,,,,322209.7455,5808546.059,,1,1
485,485,,,,,322182.0931,5808465.785,,1,1
486,486,,,,,322189.0612,5808631.063,,1,1
487,487,,,,,322158.0612,5808571.063,,1,1
488,488,,,,,321915.0332,5809035.492,,1,1
489,489,,,,,322050.8695,5809098.162,,1,1
490,490,,,,,321994.54720000003,5808942.2775,,1,1
491,491,,,,,321808.0612,5809121.063,,1,1
492,492,,,,,321973.0612,5809351.063,,1,1
493,493,,,,,322074.0612,5808849.063,,1,1
494,494,,,,,321379.0612,5810139.063,,1,1
495,495,,,,,321465.0612,5810086.063,,1,1
496,496,,,,,321269.0612,5810157.063,,1,1
497,497,,,,,321537.0612,5809864.063,,1,1
498,498,,,,,321512.0612,5809768.063,,1,1
499,499,,,,,321458.0612,5809696.063,,1,1
500,500,,,,,321426.0612,5809468.063,,1,1
501,501,,,,,321462.0612,5809321.063,,1,1
502,502,,,,,321697.0612,5809100.063,,1,1
503,503,,,,,321551.0612,5809203.063,,1,1
504,504,,,,,320628.0612,5809355.063,,1,1
505,505,,,,,320524.017,5809535.26,,1,1
506,506,,,,,315797.83655,5814839.249,,1,1
507,507,,,,,316116.0612,5814807.063,,1,1
508,508,,,,,315479.6119,5814871.435,,1,1
509,509,,,,,316311.7475,5814901.522,,1,1
510,510,,,,,316178.0612,5814825.063,,1,1
511,511,,,,,316649.0612,5815176.063,,1,1
512,512,,,,,316428.8103,5814161.345,,1,1
513,513,,,,,316116.0612,5814807.063,,1,1
514,514,,,,,314665.0612,5815327.063,,1,1
515,515,,,,,314796.0612,5815359.063,,1,1
516,516,,,,,314628.0612,5815259.063,,1,1
517,517,,,,,314927.0612,5815391.063,,1,1
518,518,,,,,315053.0612,5815388.063,,1,1
519,519,,,,,315160.9026,5815379.918,,1,1
520,520,,,,,315397.0612,5815493.063,,1,1
521,521,,,,,315471.0612,5815576.063,,1,1
522,522,,,,,315531.0612,5815785.063,,1,1
523,523,,,,,315564.0612,5816077.063,,1,1
524,524,,,,,316199.0612,5811834.063,,1,1
525,525,,,,,316589.36785000004,5811932.319,,1,1
526,526,,,,,316199.0612,5811834.063,,1,1
527,527,,,,,316155.0612,5811771.063,,1,1
528,528,,,,,316134.0612,5811693.063,,1,1
529,529,,,,,316200.0612,5811435.063,,1,1
530,530,,,,,316979.6745,5812030.575,,1,1
531,531,,,,,315352.0612,5810773.063,,1,1
532,532,,,,,315151.0612,5810921.063,,1,1
533,533,,,,,315534.0612,5810656.063,,1,1
534,534,,,,,315651.0612,5810602.063,,1,1
535,535,,,,,315359.0612,5810796.063,,1,1
536,536,,,,,315540.0612,5810677.063,,1,1
537,537,,,,,315655.0612,5810625.063,,1,1
538,538,,,,,320478.8815,5811323.634,,1,1
539,539,,,,,320711.0612,5811446.063,,1,1
540,540,,,,,323673.0612,5810779.063,,1,1
541,541,,,,,317809.0612,5811145.063,,1,1
542,542,,,,,317871.7559,5811213.705,,1,1
543,543,,,,,320889.0612,5811380.063,,1,1
544,544,,,,,320921.0612,5811328.063,,1,1
545,545,,,,,320468.9819,5811546.235,,1,1
546,546,,,,,320491.0612,5811570.063,,1,1
547,547,,,,,320467.8664,5811598.129,,1,1
548,548,,,,,320497.0612,5811491.063,,1,1
549,549,,,,,320296.035,5811344.089,,1,1
550,550,,,,,320869.0612,5811488.063,,1,1
551,551,,,,,320886.0612,5811523.063,,1,1
552,552,,,,,317889.0612,5811313.063,,1,1
553,553,,,,,320972.0612,5811333.063,,1,1
554,554,,,,,320996.4946,5811381.289,,1,1
555,555,,,,,317901.0612,5811604.063,,1,1
556,556,,,,,318001.0612,5811498.063,,1,1
557,557,,,,,320224.2603,5811276.915,,1,1
558,558,,,,,320327.0297,5811278.411,,1,1
559,559,,,,,320792.0612,5811444.063,,1,1
560,560,,,,,320851.0612,5811394.063,,1,1
561,561,,,,,320745.0612,5811457.063,,1,1
562,562,,,,,320802.0612,5811488.063,,1,1
563,563,,,,,321033.0725,5811553.021,,1,1
564,564,,,,,321198.1446,5811597.39,,1,1
565,565,,,,,321323.0612,5810383.063,,1,1
566,566,,,,,321197.0612,5810299.063,,1,1
567,567,,,,,321453.1871,5810536.657,,1,1
568,568,,,,,317851.0612,5811494.063,,1,1
569,569,,,,,317866.1586,5811702.063,,1,1
570,570,,,,,315811.0612,5810584.063,,1,1
571,571,,,,,320090.5911,5816129.76,,1,1
572,572,,,,,320034.1761,5816129.399,,1,1
573,573,,,,,320128.0612,5816458.063,,1,1
574,574,,,,,319838.3541,5816052.071,,1,1
575,575,,,,,316402.5465,5810697.771,,1,1
576,576,,,,,316533.1974,5810795.74,,1,1
577,577,,,,,316228.0612,5810811.063,,1,1
578,578,,,,,316252.7859,5810721.408,,1,1
579,579,,,,,316202.3379,5811344.725,,1,1
580,580,,,,,316380.0612,5810786.063,,1,1
581,581,,,,,316476.0612,5810861.063,,1,1
582,582,,,,,316715.0612,5811103.063,,1,1
583,583,,,,,316663.0612,5811075.063,,1,1
584,584,,,,,316815.4673,5811136.784,,1,1
585,585,,,,,321556.0612,5812605.063,,1,1
586,586,,,,,321615.0612,5812541.063,,1,1
587,587,,,,,321525.356,5812663.179,,1,1
588,588,,,,,321664.0612,5812499.063,,1,1
589,589,,,,,321756.0612,5812449.063,,1,1
590,590,,,,,321808.64055,5812392.0225,,1,1
591,591,,,,,321861.2199,5812334.982,,1,1
592,592,,,,,321874.0612,5812249.063,,1,1
593,593,,,,,321874.0612,5812135.063,,1,1
594,594,,,,,321882.0612,5812079.063,,1,1
595,595,,,,,321930.0612,5812016.063,,1,1
596,596,,,,,322014.0612,5811934.063,,1,1
597,597,,,,,324024.0612,5813535.063,,1,1
598,598,,,,,323886.0612,5813546.063,,1,1
599,599,,,,,324016.2096,5813471.969,,1,1
600,600,,,,,323895.0612,5813624.063,,1,1
601,601,,,,,323847.2086,5813662.382,,1,1
602,602,,,,,323622.1611,5813681.966,,1,1
603,603,,,,,323642.0688,5813883.064,,1,1
604,604,,,,,323589.2164,5813365.632,,1,1
605,605,,,,,323781.0612,5813762.063,,1,1
606,606,,,,,323749.0612,5813873.063,,1,1
607,607,,,,,322315.7450666667,5808318.389000001,,1,1
608,608,,,,,318047.0612,5812395.063,,1,1
609,609,,,,,318123.1901,5812718.146,,1,1
610,610,,,,,318059.0612,5812394.063,,1,1
611,611,,,,,318006.9081,5812203.843,,1,1
612,612,,,,,317995.0612,5812204.063,,1,1
613,613,,,,,317922.9442,5811872.299,,1,1
614,614,,,,,322211.0612,5811801.063,,1,1
615,615,,,,,322936.0612,5811687.063,,1,1
616,616,,,,,322106.0612,5811625.063,,1,1
617,617,,,,,321861.0612,5811658.063,,1,1
618,618,,,,,321586.0612,5811683.063,,1,1
619,619,,,,,321481.361,5811678.241,,1,1
620,620,,,,,323076.0612,5813393.063,,1,1
621,621,,,,,322675.4369,5813441.356,,1,1
622,622,,,,,323180.0581,5813397.754,,1,1
623,623,,,,,323270.0245,5813398.316,,1,1
624,624,,,,,322607.5973,5808524.68,,1,1
625,625,,,,,322600.9965,5808431.193,,1,1
626,626,,,,,322628.0612,5808686.063,,1,1
627,627,,,,,322593.1055,5815143.029,,1,1
628,628,,,,,316718.392,5814127.84,,1,1
629,629,,,,,313089.0612,5810453.063,,1,1
630,630,,,,,313660.643,5810140.373,,1,1
631,631,,,,,313013.3957,5811523.889,,1,1
632,632,,,,,314233.0612,5811449.063,,1,1
633,633,,,,,314423.0612,5811396.063,,1,1
634,634,,,,,314597.0612,5811319.063,,1,1
635,635,,,,,314422.0612,5811379.063,,1,1
636,636,,,,,314234.0612,5811430.063,,1,1
637,637,,,,,314036.1747,5811455.085,,1,1
638,638,,,,,320182.0612,5815244.063,,1,1
639,639,,,,,320046.0612,5815204.063,,1,1
640,640,,,,,320244.0058,5815241.18,,1,1
641,641,,,,,319997.5612,5815165.063,,1,1
642,642,,,,,319949.0612,5815126.063,,1,1
643,643,,,,,320302.0612,5815208.063,,1,1
644,644,,,,,320342.9232,5815242.94,,1,1
645,645,,,,,320233.3277,5815107.875,,1,1
646,646,,,,,320426.0612,5815303.063,,1,1
647,647,,,,,320512.0222,5815319.274,,1,1
648,648,,,,,320592.0612,5815314.063,,1,1
649,649,,,,,320674.0612,5815285.063,,1,1
650,650,,,,,320736.0612,5815234.063,,1,1
651,651,,,,,320837.0087,5815183.659,,1,1
652,652,,,,,320996.3062,5815187.374,,1,1
653,653,,,,,321056.5739,5815225.539,,1,1
654,654,,,,,320912.0658,5815177.318,,1,1
655,655,,,,,321092.3732,5815279.855,,1,1
656,656,,,,,321117.1525,5815287.066,,1,1
657,657,,,,,320302.0612,5815526.063,,1,1
658,658,,,,,320351.0612,5815441.063,,1,1
659,659,,,,,320260.054,5815536.743,,1,1
660,660,,,,,320403.0612,5815378.063,,1,1
661,661,,,,,320464.0612,5815337.063,,1,1
662,662,,,,,320026.0612,5815685.063,,1,1
663,663,,,,,320088.0612,5815631.063,,1,1
664,664,,,,,319934.0612,5815723.063,,1,1
665,665,,,,,320145.0612,5815544.063,,1,1
666,666,,,,,319840.0612,5815732.063,,1,1
667,667,,,,,319675.01095,5815726.5235,,1,1
668,668,,,,,319840.0612,5815732.063,,1,1
669,669,,,,,319509.9607,5815720.984,,1,1
670,670,,,,,319416.7452,5815651.716,,1,1
671,671,,,,,319315.2249,5815606.494,,1,1
672,672,,,,,319145.9935,5815562.442,,1,1
673,673,,,,,319313.4799,5815611.706,,1,1
674,674,,,,,319017.2225,5815549.721,,1,1
675,675,,,,,318800.0604,5815557.286,,1,1
676,676,,,,,319147.0375,5815570.898,,1,1
677,677,,,,,325236.1824,5809878.13,,1,1
678,678,,,,,325445.0612,5809710.063,,1,1
679,679,,,,,325445.0612,5809710.063,,1,1
680,680,,,,,325236.1824,5809878.13,,1,1
681,681,,,,,325340.62179999996,5809794.0965,,1,1
682,682,,,,,326001.0612,5809504.063,,1,1
683,683,,,,,326040.7153,5809790.563,,1,1
684,684,,,,,318104.0612,5813263.063,,1,1
685,685,,,,,318109.0612,5813311.063,,1,1
686,686,,,,,318087.0612,5813234.063,,1,1
687,687,,,,,318053.0612,5813224.063,,1,1
688,688,,,,,317997.0612,5813285.063,,1,1
689,689,,,,,317998.0612,5813263.063,,1,1
690,690,,,,,318015.0612,5813235.063,,1,1
691,691,,,,,318064.0612,5813153.063,,1,1
692,692,,,,,318009.0612,5813211.063,,1,1
693,693,,,,,318122.0612,5812990.063,,1,1
694,694,,,,,318099.0612,5813086.063,,1,1
695,695,,,,,318870.8168,5817780.977,,1,1
696,696,,,,,318870.8168,5817780.977,,1,1
697,697,,,,,318870.8168,5817780.977,,1,1
698,698,,,,,318128.696175,5817896.13625,,1,1
699,699,,,,,323492.0612,5815991.063,,1,1
700,700,,,,,323460.2785,5816041.2815000005,,1,1
701,701,,,,,323476.3317,5815940.175,,1,1
702,702,,,,,324819.0023,5816259.321,,1,1
703,703,,,,,324934.1618,5816264.323,,1,1
704,704,,,,,325064.2332,5816294.333,,1,1
705,705,,,,,324731.2314,5816280.454,,1,1
706,706,,,,,324731.2314,5816280.454,,1,1
707,707,,,,,324731.2314,5816280.454,,1,1
708,708,,,,,324384.20684999996,5816219.581,,1,1
709,709,,,,,324037.1823,5816158.708,,1,1
710,710,,,,,318383.0612,5815440.063,,1,1
711,711,,,,,318310.6575,5815129.738,,1,1
712,712,,,,,318292.1984,5815358.044,,1,1
713,713,,,,,318339.0612,5815566.063,,1,1
714,714,,,,,318309.0612,5815308.063,,1,1
715,715,,,,,318333.0612,5815417.063,,1,1
716,716,,,,,318331.0612,5815303.063,,1,1
717,717,,,,,320004.0612,5814464.063,,1,1
718,718,,,,,319960.8622,5814443.887,,1,1
719,719,,,,,320180.9992,5814442.118,,1,1
720,720,,,,,324184.0634,5813172.561000001,,1,1
721,721,,,,,324384.0612,5813163.063,,1,1
722,722,,,,,321665.0612,5812039.063,,1,1
723,723,,,,,321272.0612,5812141.063,,1,1
724,724,,,,,321757.2078,5811986.484,,1,1
725,725,,,,,325373.0612,5812303.063,,1,1
726,726,,,,,325423.2822,5812298.465,,1,1
727,727,,,,,325242.0007,5812274.693,,1,1
728,728,,,,,325595.9697,5812237.319,,1,1
729,729,,,,,325545.3458,5812247.3585,,1,1
730,730,,,,,325799.9629,5812212.291,,1,1
731,731,,,,,325494.7219,5812257.398,,1,1
732,732,,,,,325444.8591,5812289.747,,1,1
733,733,,,,,319121.3318,5813050.964,,1,1
734,734,,,,,319333.0612,5812846.063,,1,1
735,735,,,,,318616.0614,5813704.615,,1,1
736,736,,,,,319233.1549,5813117.385,,1,1
737,737,,,,,318932.5026,5812964.256,,1,1
738,738,,,,,319730.7656,5811958.981,,1,1
739,739,,,,,320014.092,5812065.108,,1,1
740,740,,,,,319577.7421,5811898.947,,1,1
741,741,,,,,319730.7656,5811958.981,,1,1
742,742,,,,,319592.1679,5812405.036,,1,1
743,743,,,,,319386.0612,5812329.063,,1,1
744,744,,,,,319470.0612,5812649.063,,1,1
745,745,,,,,319634.9987,5812340.293,,1,1
746,746,,,,,319276.7134,5812286.625,,1,1
747,747,,,,,321471.0612,5811019.063,,1,1
748,748,,,,,321487.0612,5810923.063,,1,1
749,749,,,,,321464.0612,5811121.063,,1,1
750,750,,,,,321511.8105,5810854.042,,1,1
751,751,,,,,320991.0912,5810203.968,,1,1
752,752,,,,,319185.0241,5814560.067,,1,1
753,753,,,,,319230.16044999997,5814828.732,,1,1
754,754,,,,,319185.0241,5814560.067,,1,1
755,755,,,,,318587.0612,5815405.063,,1,1
756,756,,,,,318526.8011,5814884.428,,1,1
757,757,,,,,319101.5271,5815255.998,,1,1
758,758,,,,,319275.2968,5815097.397,,1,1
759,759,,,,,322947.3007,5817073.918,,1,1
760,760,,,,,322982.6282,5817069.863,,1,1
761,761,,,,,327397.0612,5815600.063,,1,1
762,762,,,,,327108.1429,5815593.192,,1,1
763,763,,,,,327387.0612,5815641.063,,1,1
764,764,,,,,322423.9848,5814588.317,,1,1
765,765,,,,,322019.9994,5814633.707,,1,1
766,766,,,,,322531.0306,5814578.668,,1,1
767,767,,,,,322562.06805,5814860.8485,,1,1
768,768,,,,,322180.0612,5813785.063,,1,1
769,769,,,,,321924.0828,5813812.07,,1,1
770,770,,,,,322437.0536,5813753.166,,1,1
771,771,,,,,314302.0612,5816543.063,,1,1
772,772,,,,,314225.0612,5816638.063,,1,1
773,773,,,,,314302.0612,5816543.063,,1,1
774,774,,,,,314228.23735,5816768.742000001,,1,1
775,775,,,,,314283.0612,5816921.063,,1,1
776,776,,,,,314384.0612,5816903.063,,1,1
777,777,,,,,320068.0612,5812841.063,,1,1
778,778,,,,,320196.061,5812889.115,,1,1
779,779,,,,,319977.0878,5812805.129,,1,1
780,780,,,,,320391.0612,5812719.063,,1,1
781,781,,,,,320491.7565,5812756.005,,1,1
782,782,,,,,320278.0073,5812673.098,,1,1
783,783,,,,,320307.0612,5812591.063,,1,1
784,784,,,,,320360.0758,5812457.028,,1,1
785,785,,,,,320469.0612,5812497.063,,1,1
786,786,,,,,320579.6376,5812538.947,,1,1
787,787,,,,,320535.69705,5812647.476,,1,1
788,788,,,,,314036.3494,5814145.46,,1,1
789,789,,,,,314037.0612,5814114.063,,1,1
790,790,,,,,314034.9025,5814121.288,,1,1
791,791,,,,,314014.6414,5814110.506,,1,1
792,792,,,,,314077.4742,5814128.888,,1,1
793,793,,,,,314057.1712,5814134.296,,1,1
794,794,,,,,314098.4267,5814120.38,,1,1
795,795,,,,,314107.3787,5814109.238,,1,1
796,796,,,,,314109.3787,5814088.698,,1,1
797,797,,,,,314102.3787,5814077.508,,1,1
798,798,,,,,314090.5692,5814069.317,,1,1
799,799,,,,,314070.8867,5814068.0,,1,1
800,800,,,,,314055.4422,5814076.936,,1,1
801,801,,,,,314043.3787,5814091.682,,1,1
802,802,,,,,313708.72405,5813790.99,,1,1
803,803,,,,,313610.5691,5813821.622,,1,1
804,804,,,,,318278.9706,5817508.08,,1,1
805,805,,,,,317286.0612,5815325.063,,1,1
806,806,,,,,317104.1337,5815548.09,,1,1
807,807,,,,,317537.6112,5815003.104,,1,1
808,808,,,,,317069.0612,5815740.063,,1,1
809,809,,,,,318110.0614,5815635.065,,1,1
810,810,,,,,319522.84975,5813667.861500001,,1,1
811,811,,,,,319410.7008,5813781.039,,1,1
812,812,,,,,319634.9987,5813554.684,,1,1
813,813,,,,,319352.0612,5813533.063,,1,1
814,814,,,,,319444.9037,5813402.4690000005,,1,1
815,815,,,,,319267.7457,5813608.965,,1,1
816,816,,,,,319537.7462,5813271.875,,1,1
817,817,,,,,320074.8436,5811281.216,,1,1
818,818,,,,,319852.222,5811335.794,,1,1
819,819,,,,,320209.0612,5811256.063,,1,1
820,820,,,,,320337.0612,5811258.063,,1,1
821,821,,,,,320558.0612,5811415.063,,1,1
822,822,,,,,320524.921,5811409.232,,1,1
823,823,,,,,320817.0612,5811384.063,,1,1
824,824,,,,,320724.0612,5811364.063,,1,1
825,825,,,,,320837.0612,5811462.063,,1,1
826,826,,,,,320887.0612,5811562.063,,1,1
827,827,,,,,320752.0612,5811452.063,,1,1
828,828,,,,,319342.033,5811580.555,,1,1
829,829,,,,,319245.2404,5811586.947,,1,1
830,830,,,,,319408.3253,5811588.517,,1,1
831,831,,,,,314173.0953,5815255.225,,1,1
832,832,,,,,314637.52675,5814542.021500001,,1,1
833,833,,,,,314836.9685,5814681.109,,1,1
834,834,,,,,314438.085,5814402.934,,1,1
835,835,,,,,323337.8904,5814837.49,,1,1
836,836,,,,,322738.7518,5811776.471,,1,1
837,837,,,,,319440.7885,5811848.991,,1,1
838,838,,,,,319109.9616,5812730.745,,1,1
839,839,,,,,320227.0524,5812151.066,,1,1
840,840,,,,,320185.5476,5812261.5625,,1,1
841,841,,,,,320446.6456,5812240.421,,1,1
842,842,,,,,320279.8664,5811935.2905,,1,1
843,843,,,,,320202.9936,5811575.955,,1,1
844,844,,,,,319949.8066,5810953.061,,1,1
845,845,,,,,319998.0685,5810829.092,,1,1
846,846,,,,,319542.0729,5811063.073,,1,1
847,847,,,,,319211.0172,5810783.028,,1,1
848,848,,,,,318414.1542,5810246.147,,1,1
849,849,,,,,318333.8308,5810205.068,,1,1
850,850,,,,,319448.0884,5811181.07,,1,1
851,851,,,,,319779.2,5810767.063,,1,1
852,852,,,,,319299.5912,5810671.486,,1,1
853,853,,,,,318227.0612,5810461.063,,1,1
854,854,,,,,318598.0612,5810050.063,,1,1
855,855,,,,,322292.2925,5815297.622,,1,1
856,856,,,,,316556.0804,5814142.233,,1,1
857,857,,,,,313385.168,5813668.911,,1,1
858,858,,,,,316544.0667,5813491.119,,1,1
859,859,,,,,313270.0556,5811432.045,,1,1
860,860,,,,,314747.2805,5811446.838,,1,1
861,861,,,,,313531.0498,5811586.9,,1,1
862,862,,,,,314800.0477,5811872.031,,1,1
863,863,,,,,314775.2901,5811260.5365,,1,1
864,864,,,,,313126.6661,5811471.962,,1,1
865,865,,,,,318504.0612,5816522.063,,1,1
866,866,,,,,318613.0612,5816068.063,,1,1
867,867,,,,,318669.0612,5815900.063,,1,1
868,868,,,,,318590.0612,5816063.063,,1,1
869,869,,,,,318574.0612,5815934.063,,1,1
870,870,,,,,318533.0612,5816289.063,,1,1
871,871,,,,,318536.0303,5816372.808,,1,1
872,872,,,,,318549.0612,5816145.063,,1,1
873,873,,,,,318564.0612,5815974.063,,1,1
874,874,,,,,318571.0612,5816088.063,,1,1
875,875,,,,,318730.0612,5816340.063,,1,1
876,876,,,,,318769.0612,5816415.063,,1,1
877,877,,,,,318721.0612,5816277.063,,1,1
878,878,,,,,318800.7642,5816657.415,,1,1
879,879,,,,,318758.0612,5816019.063,,1,1
880,880,,,,,318673.0612,5815768.063,,1,1
881,881,,,,,318280.0612,5814695.063,,1,1
882,882,,,,,318261.1882,5814850.122,,1,1
883,883,,,,,318298.0612,5814701.063,,1,1
884,884,,,,,318344.9362,5814510.059,,1,1
885,885,,,,,318319.0612,5814057.063,,1,1
886,886,,,,,318329.0612,5813944.063,,1,1
887,887,,,,,318345.0612,5814253.063,,1,1
888,888,,,,,318385.0612,5813834.063,,1,1
889,889,,,,,318427.0612,5813808.063,,1,1
890,890,,,,,318334.0612,5814232.063,,1,1
891,891,,,,,318292.0612,5814102.063,,1,1
892,892,,,,,318276.0612,5814106.063,,1,1
893,893,,,,,318321.0612,5814245.063,,1,1
894,894,,,,,318824.0612,5817848.063,,1,1
895,895,,,,,323759.9595,5817895.055,,1,1
896,896,,,,,323416.0669,5817935.108,,1,1
897,897,,,,,315498.2976,5817578.402,,1,1
898,898,,,,,323246.0612,5810879.063,,1,1
899,899,,,,,323718.0718,5817597.062,,1,1
900,900,,,,,324115.657,5817849.342,,1,1
901,901,,,,,324296.0612,5817824.063,,1,1
902,902,,,,,318864.0612,5817481.063,,1,1
903,903,,,,,314270.8492,5817694.3995,,1,1
904,904,,,,,313864.7661,5817704.967,,1,1
905,905,,,,,314676.9323,5817683.832,,1,1
906,906,,,,,324849.0612,5817456.063,,1,1
907,907,,,,,320227.0612,5817600.063,,1,1
908,908,,,,,313467.7756,5817647.485,,1,1
909,909,,,,,313810.4519,5817283.075,,1,1
910,910,,,,,318331.9674,5817282.113,,1,1
911,911,,,,,314645.0612,5817122.063,,1,1
912,912,,,,,326646.0612,5817540.063,,1,1
913,913,,,,,326126.0612,5817248.063,,1,1
914,914,,,,,323686.4667,5817367.742,,1,1
915,915,,,,,315843.0612,5817140.063,,1,1
916,916,,,,,315997.5924,5817511.282,,1,1
917,917,,,,,315406.7826,5814286.324,,1,1
918,918,,,,,314197.2008,5812779.211,,1,1
919,919,,,,,314950.9723,5813112.072,,1,1
920,920,,,,,320157.0602,5816987.056,,1,1
921,921,,,,,326677.349,5815329.926,,1,1
922,922,,,,,324552.7521,5811146.6,,1,1
923,923,,,,,326259.9952,5811865.071,,1,1
924,924,,,,,327115.0485,5812288.065,,1,1
925,925,,,,,321848.7501,5810426.655,,1,1
926,926,,,,,321716.27,5810386.641,,1,1
927,927,,,,,321882.3026,5810345.341,,1,1
928,928,,,,,326828.0819,5809945.061,,1,1
929,929,,,,,323277.9752,5810147.423,,1,1
930,930,,,,,323956.7551,5810052.516,,1,1
931,931,,,,,322917.9503,5808802.285,,1,1
932,932,,,,,320162.2418,5814240.459,,1,1
933,933,,,,,319894.04,5813022.053,,1,1
934,934,,,,,319845.1392,5812506.887,,1,1
935,935,,,,,319932.1004,5812288.864,,1,1
936,936,,,,,323466.4613,5815908.868,,1,1
937,937,,,,,318205.416,5814446.764,,1,1
938,938,,,,,315387.1973,5814235.804,,1,1
939,939,,,,,313951.0527,5810969.0,,1,1
940,940,,,,,313878.1949,5810364.044,,1,1
941,941,,,,,313795.2705,5809519.429,,1,1
942,942,,,,,313855.2883,5809339.298,,1,1
943,943,,,,,317835.0601,5814965.054,,1,1
944,944,,,,,317112.0454,5817025.065,,1,1
945,945,,,,,318334.0659,5814904.104,,1,1
946,946,,,,,318632.9277,5815759.981,,1,1
947,947,,,,,318528.0646,5815588.091,,1,1
948,948,,,,,322426.0591,5812673.08,,1,1
949,949,,,,,322850.8217,5812623.172,,1,1
950,950,,,,,323111.3012,5812772.612,,1,1
951,951,,,,,323387.0585,5813239.037,,1,1
952,952,,,,,323238.9025,5813921.703,,1,1
953,953,,,,,323301.9253,5814494.729,,1,1
954,954,,,,,323512.9839,5814474.288,,1,1
955,955,,,,,323280.0177,5816624.088,,1,1
956,956,,,,,323094.1919,5816339.097,,1,1
957,957,,,,,323292.623,5817132.593,,1,1
958,958,,,,,323669.0715,5816578.131,,1,1
959,959,,,,,324766.0499,5816804.065,,1,1
960,960,,,,,324419.0605,5816479.058,,1,1
961,961,,,,,325264.0747,5816876.219,,1,1
962,962,,,,,326642.9187,5817002.42,,1,1
963,963,,,,,320183.1488,5814481.058,,1,1
964,964,,,,,320210.0577,5814439.031,,1,1
965,965,,,,,320120.6909,5814286.498,,1,1
966,966,,,,,321748.3346,5810616.732,,1,1
967,967,,,,,322155.3431,5809473.369,,1,1
968,968,,,,,320924.0294,5811010.024,,1,1
969,969,,,,,318411.0706,5814416.134,,1,1
970,970,,,,,318805.8197,5814369.89,,1,1
971,971,,,,,318783.2564,5814146.804,,1,1
972,972,,,,,319824.1445,5814573.15,,1,1
973,973,,,,,320448.955,5811830.164,,1,1
974,974,,,,,320684.6183,5811778.716,,1,1
975,975,,,,,320525.0309,5811840.392,,1,1
976,976,,,,,322350.0612,5816137.724,,1,1
977,977,,,,,322457.9596,5816317.112,,1,1
978,978,,,,,322184.0612,5815894.063,,1,1
979,979,,,,,321875.3737,5816105.929,,1,1
980,980,,,,,321912.0121,5816377.085,,1,1
981,981,,,,,321834.0612,5815772.063,,1,1
982,982,,,,,321738.0924,5814972.945,,1,1
983,983,,,,,321763.1287,5815215.918,,1,1
984,984,,,,,321703.0316,5814671.862,,1,1
985,985,,,,,326646.0612,5817540.063,,1,1
986,986,,,,,321537.0612,5817451.063,,1,1
987,987,,,,,321309.0612,5817171.063,,1,1
988,988,,,,,324820.226,5817244.929,,1,1
989,989,,,,,318209.0612,5813822.063,,1,1
990,990,,,,,318166.0612,5813822.063,,1,1
991,991,,,,,321991.8061,5817086.976,,1,1
992,992,,,,,321285.996,5816844.114,,1,1
993,993,,,,,318228.3191,5817291.574,,1,1
994,994,,,,,318235.0612,5817326.063,,1,1
995,995,,,,,318081.2001,5813634.908,,1,1
996,996,,,,,318090.0612,5813731.063,,1,1
997,997,,,,,318156.0612,5813532.063,,1,1
998,998,,,,,318231.0612,5813436.063,,1,1
999,999,,,,,326644.48994999996,5817271.2415,,1,1
1000,1000,,,,,316037.0877,5816893.084,,1,1
1001,1001,,,,,323214.0612,5817043.063,,1,1
1002,1002,,,,,319030.0612,5817027.063,,1,1
1003,1003,,,,,318296.0612,5817127.063,,1,1
1004,1004,,,,,318328.4252,5816998.144,,1,1
1005,1005,,,,,321953.2752,5816772.036,,1,1
1006,1006,,,,,322825.7472,5816878.268,,1,1
1007,1007,,,,,318338.0612,5813374.063,,1,1
1008,1008,,,,,323042.0612,5816860.063,,1,1
1009,1009,,,,,318852.0612,5817048.063,,1,1
1010,1010,,,,,318810.5507,5816744.82,,1,1
1011,1011,,,,,313095.0612,5816787.063,,1,1
1012,1012,,,,,317101.0612,5816922.063,,1,1
1013,1013,,,,,318156.0612,5813252.063,,1,1
1014,1014,,,,,318154.5921,5812903.023,,1,1
1015,1015,,,,,318144.0612,5813247.063,,1,1
1016,1016,,,,,318099.4638,5813523.644,,1,1
1017,1017,,,,,326345.0612,5816876.063,,1,1
1018,1018,,,,,320365.6898,5816850.115,,1,1
1019,1019,,,,,320737.6862,5816917.144,,1,1
1020,1020,,,,,317093.1628,5816861.549,,1,1
1021,1021,,,,,322701.7396,5816688.24,,1,1
1022,1022,,,,,320327.8903,5816445.203,,1,1
1023,1023,,,,,321619.6356,5816808.075,,1,1
1024,1024,,,,,321244.2216,5816455.814,,1,1
1025,1025,,,,,324753.0612,5816699.063,,1,1
1026,1026,,,,,313095.0612,5816787.063,,1,1
1027,1027,,,,,322627.0612,5816695.063,,1,1
1028,1028,,,,,326339.2521,5816611.338,,1,1
1029,1029,,,,,324722.1898,5816439.148,,1,1
1030,1030,,,,,322838.5491,5816669.146,,1,1
1031,1031,,,,,322832.0612,5816531.063,,1,1
1032,1032,,,,,315771.2289,5816238.259,,1,1
1033,1033,,,,,326145.2239,5816561.332,,1,1
1034,1034,,,,,323529.6902,5816231.118,,1,1
1035,1035,,,,,323069.0612,5816456.063,,1,1
1036,1036,,,,,318585.0612,5816176.063,,1,1
1037,1037,,,,,318588.0612,5816356.063,,1,1
1038,1038,,,,,314286.49820000003,5816311.1675,,1,1
1039,1039,,,,,313670.9914,5816159.155,,1,1
1040,1040,,,,,321509.9354,5816423.966,,1,1
1041,1041,,,,,321230.0612,5816360.063,,1,1
1042,1042,,,,,320304.0166,5816109.259,,1,1
1043,1043,,,,,324946.52115000004,5816374.8005,,1,1
1044,1044,,,,,321460.0612,5815989.063,,1,1
1045,1045,,,,,325143.1415,5816316.62,,1,1
1046,1046,,,,,323196.2604,5816137.7495,,1,1
1047,1047,,,,,322764.0612,5816280.063,,1,1
1048,1048,,,,,314270.9352,5816079.272,,1,1
1049,1049,,,,,322839.0612,5816205.063,,1,1
1050,1050,,,,,312902.6549,5816225.712,,1,1
1051,1051,,,,,318063.0612,5816297.063,,1,1
1052,1052,,,,,318344.0612,5816135.063,,1,1
1053,1053,,,,,323428.4958,5816091.5,,1,1
1054,1054,,,,,323805.8737,5816060.489,,1,1
1055,1055,,,,,323325.0612,5810847.063,,1,1
1056,1056,,,,,323517.0665,5810791.117,,1,1
1057,1057,,,,,323091.7482,5815741.495,,1,1
1058,1058,,,,,313671.1334,5816138.957,,1,1
1059,1059,,,,,313635.9987,5815856.966,,1,1
1060,1060,,,,,318397.0612,5816108.063,,1,1
1061,1061,,,,,318795.0612,5815761.063,,1,1
1062,1062,,,,,323298.3289,5815936.402,,1,1
1063,1063,,,,,314261.3025,5815985.406,,1,1
1064,1064,,,,,319746.0612,5815955.063,,1,1
1065,1065,,,,,321426.0612,5815678.063,,1,1
1066,1066,,,,,323193.445,5815799.616,,1,1
1067,1067,,,,,322141.0612,5815729.063,,1,1
1068,1068,,,,,324343.9308,5815116.378,,1,1
1069,1069,,,,,324982.0612,5815449.063,,1,1
1070,1070,,,,,320280.0612,5815785.063,,1,1
1071,1071,,,,,321816.0612,5815634.063,,1,1
1072,1072,,,,,318698.9464,5815663.828,,1,1
1073,1073,,,,,318524.2968,5815932.615,,1,1
1074,1074,,,,,322924.9854,5815641.47,,1,1
1075,1075,,,,,322081.0722,5815197.08,,1,1
1076,1076,,,,,321379.0392,5815261.999,,1,1
1077,1077,,,,,314217.19889999996,5815620.3155000005,,1,1
1078,1078,,,,,322895.50995,5815376.2765,,1,1
1079,1079,,,,,322781.1722,5815559.12,,1,1
1080,1080,,,,,321196.0612,5816002.063,,1,1
1081,1081,,,,,327093.9702,5815632.934,,1,1
1082,1082,,,,,318258.7303,5815615.889,,1,1
1083,1083,,,,,321783.0612,5815372.063,,1,1
1084,1084,,,,,318346.7511,5815606.474,,1,1
1085,1085,,,,,318210.0612,5815296.063,,1,1
1086,1086,,,,,318465.305,5815594.52,,1,1
1087,1087,,,,,318449.0612,5815562.063,,1,1
1088,1088,,,,,326873.6786,5815611.9,,1,1
1089,1089,,,,,326916.4746,5815572.916,,1,1
1090,1090,,,,,326366.0612,5815574.063,,1,1
1091,1091,,,,,326395.0612,5815499.063,,1,1
1092,1092,,,,,326521.0705,5815438.529,,1,1
1093,1093,,,,,313852.0612,5815412.063,,1,1
1094,1094,,,,,325685.1352,5815530.935,,1,1
1095,1095,,,,,325897.1712,5815515.749,,1,1
1096,1096,,,,,325376.0139,5815501.19,,1,1
1097,1097,,,,,322634.0613,5815482.254,,1,1
1098,1098,,,,,322463.17689999996,5815389.938,,1,1
1099,1099,,,,,318345.3562,5814313.89,,1,1
1100,1100,,,,,318272.6651,5815044.323,,1,1
1101,1101,,,,,318278.9309,5814858.967,,1,1
1102,1102,,,,,326376.0612,5815453.063,,1,1
1103,1103,,,,,326545.3858,5815420.314,,1,1
1104,1104,,,,,322866.0345,5815111.083,,1,1
1105,1105,,,,,318324.1863,5814503.05,,1,1
1106,1106,,,,,326648.9674,5815123.144,,1,1
1107,1107,,,,,322111.3636,5815197.26,,1,1
1108,1108,,,,,321070.0612,5814877.063,,1,1
1109,1109,,,,,321162.0612,5815703.063,,1,1
1110,1110,,,,,321553.0612,5815240.063,,1,1
1111,1111,,,,,321347.0612,5814993.063,,1,1
1112,1112,,,,,314605.3729,5815101.237,,1,1
1113,1113,,,,,314526.3394,5815124.313,,1,1
1114,1114,,,,,321832.0612,5815225.063,,1,1
1115,1115,,,,,322049.0612,5814906.063,,1,1
1116,1116,,,,,320798.1816,5814774.842,,1,1
1117,1117,,,,,314681.65395,5814902.711,,1,1
1118,1118,,,,,319614.0234,5814778.021,,1,1
1119,1119,,,,,322835.01,5814830.3725,,1,1
1120,1120,,,,,320211.0612,5814840.063,,1,1
1121,1121,,,,,314820.0612,5815026.063,,1,1
1122,1122,,,,,319403.0612,5814977.063,,1,1
1123,1123,,,,,323368.5285,5815107.625,,1,1
1124,1124,,,,,327300.0612,5814992.063,,1,1
1125,1125,,,,,323385.0612,5815065.063,,1,1
1126,1126,,,,,321324.0612,5814806.063,,1,1
1127,1127,,,,,315143.5831,5814913.742,,1,1
1128,1128,,,,,317782.0612,5814971.063,,1,1
1129,1129,,,,,317451.4362,5814934.54,,1,1
1130,1130,,,,,318171.1761,5814926.147,,1,1
1131,1131,,,,,323362.1291,5814928.828,,1,1
1132,1132,,,,,323341.4926,5814905.186,,1,1
1133,1133,,,,,323348.1474,5814931.73,,1,1
1134,1134,,,,,318193.0924,5815132.507,,1,1
1135,1135,,,,,315479.6119,5814871.435,,1,1
1136,1136,,,,,318588.9987,5814810.442,,1,1
1137,1137,,,,,321057.0275,5814748.031,,1,1
1138,1138,,,,,315467.33655,5814726.249,,1,1
1139,1139,,,,,321314.0545,5814715.101,,1,1
1140,1140,,,,,322803.9855,5814549.662,,1,1
1141,1141,,,,,319614.0234,5814778.021,,1,1
1142,1142,,,,,320772.0612,5814592.063,,1,1
1143,1143,,,,,320938.0299,5814760.211,,1,1
1144,1144,,,,,315455.0612,5814581.063,,1,1
1145,1145,,,,,318103.9332,5813726.991,,1,1
1146,1146,,,,,321186.0612,5814732.063,,1,1
1147,1147,,,,,321009.058,5814345.088,,1,1
1148,1148,,,,,318325.1816,5814304.266,,1,1
1149,1149,,,,,321295.5299,5814556.336,,1,1
1150,1150,,,,,318213.3856,5813314.9,,1,1
1151,1151,,,,,318047.317,5813334.253,,1,1
1152,1152,,,,,318380.4657,5813289.146,,1,1
1153,1153,,,,,318175.0612,5813243.063,,1,1
1154,1154,,,,,318547.0612,5816034.063,,1,1
1155,1155,,,,,314943.0612,5814524.063,,1,1
1156,1156,,,,,321666.0612,5814363.063,,1,1
1157,1157,,,,,321977.0612,5814273.063,,1,1
1158,1158,,,,,326475.0612,5813797.063,,1,1
1159,1159,,,,,313269.8424,5814523.887,,1,1
1160,1160,,,,,322495.0612,5814267.063,,1,1
1161,1161,,,,,319500.06244999997,5814540.0435,,1,1
1162,1162,,,,,319386.1015,5814302.066,,1,1
1163,1163,,,,,322952.9753,5814530.318,,1,1
1164,1164,,,,,322762.0612,5814205.063,,1,1
1165,1165,,,,,315075.443,5814327.949,,1,1
1166,1166,,,,,313750.0612,5814469.063,,1,1
1167,1167,,,,,321658.8498,5814309.314,,1,1
1168,1168,,,,,323263.6878,5814202.098,,1,1
1169,1169,,,,,323326.6237,5814744.897,,1,1
1170,1170,,,,,317878.0612,5811683.063,,1,1
1171,1171,,,,,317908.7463,5811327.056,,1,1
1172,1172,,,,,323590.7341,5814466.189,,1,1
1173,1173,,,,,323706.783,5814452.563,,1,1
1174,1174,,,,,317677.7475,5814015.357,,1,1
1175,1175,,,,,319882.0612,5814358.063,,1,1
1176,1176,,,,,314508.9302,5814392.965,,1,1
1177,1177,,,,,314321.0612,5814318.063,,1,1
1178,1178,,,,,320493.4347,5814406.943,,1,1
1179,1179,,,,,326478.1771,5813715.329,,1,1
1180,1180,,,,,314792.1866,5814360.457,,1,1
1181,1181,,,,,314494.2993,5814270.039,,1,1
1182,1182,,,,,320747.5498,5814377.12,,1,1
1183,1183,,,,,320712.0612,5814067.063,,1,1
1184,1184,,,,,320657.3112,5814387.916,,1,1
1185,1185,,,,,321275.2459,5814352.816,,1,1
1186,1186,,,,,321266.9159,5814317.295,,1,1
1187,1187,,,,,318984.7921,5814349.712,,1,1
1188,1188,,,,,319158.0515,5814329.071,,1,1
1189,1189,,,,,318959.002,5814126.035,,1,1
1190,1190,,,,,318905.1549,5814444.056,,1,1
1191,1191,,,,,318908.1237,5814361.324,,1,1
1192,1192,,,,,320981.0612,5814117.063,,1,1
1193,1193,,,,,319130.0588,5814102.065,,1,1
1194,1194,,,,,315213.7358,5814311.187,,1,1
1195,1195,,,,,321248.0612,5814088.063,,1,1
1196,1196,,,,,321632.0612,5814031.063,,1,1
1197,1197,,,,,319517.8168,5814284.892,,1,1
1198,1198,,,,,319373.08635,5814187.0649999995,,1,1
1199,1199,,,,,320116.6135,5814225.23,,1,1
1200,1200,,,,,319492.0594,5814056.084,,1,1
1201,1201,,,,,319652.7174,5814272.682,,1,1
1202,1202,,,,,315676.3479,5814247.188,,1,1
1203,1203,,,,,315235.2799,5814308.958,,1,1
1204,1204,,,,,319099.9956,5813865.115,,1,1
1205,1205,,,,,319241.9987,5814086.535,,1,1
1206,1206,,,,,321939.0612,5813943.063,,1,1
1207,1207,,,,,322453.0612,5813909.063,,1,1
1208,1208,,,,,319777.2221,5814260.569,,1,1
1209,1209,,,,,319829.64165,5814309.316,,1,1
1210,1210,,,,,319749.0837,5814027.088,,1,1
1211,1211,,,,,315499.0816,5813737.058,,1,1
1212,1212,,,,,318940.6237,5814006.757,,1,1
1213,1213,,,,,314491.0612,5814239.063,,1,1
1214,1214,,,,,320178.0001,5814209.037,,1,1
1215,1215,,,,,315192.9377,5814125.892,,1,1
1216,1216,,,,,319723.0541,5813795.081,,1,1
1217,1217,,,,,319634.9987,5814042.214,,1,1
1218,1218,,,,,319847.7174,5814015.621,,1,1
1219,1219,,,,,320085.074,5813987.089,,1,1
1220,1220,,,,,320267.9395,5813968.035,,1,1
1221,1221,,,,,320072.2799,5813873.794,,1,1
1222,1222,,,,,320251.0612,5814005.063,,1,1
1223,1223,,,,,320216.7961,5814115.029,,1,1
1224,1224,,,,,322735.55695,5813970.5375,,1,1
1225,1225,,,,,323245.3158,5814009.145,,1,1
1226,1226,,,,,320694.0974,5813923.069,,1,1
1227,1227,,,,,320954.1036,5813895.058,,1,1
1228,1228,,,,,320668.9195,5813680.827,,1,1
1229,1229,,,,,320629.67000000004,5813929.909,,1,1
1230,1230,,,,,312844.6549,5814141.676,,1,1
1231,1231,,,,,319360.0712,5814072.064,,1,1
1232,1232,,,,,319333.7829,5813840.719,,1,1
1233,1233,,,,,321219.8887,5813866.298,,1,1
1234,1234,,,,,320930.8668,5813653.687,,1,1
1235,1235,,,,,319465.1917,5813827.173,,1,1
1236,1236,,,,,319444.5004,5813825.872,,1,1
1237,1237,,,,,315039.3641,5814040.212,,1,1
1238,1238,,,,,317904.0612,5813976.063,,1,1
1239,1239,,,,,318234.923,5813847.948,,1,1
1240,1240,,,,,318260.0612,5814132.063,,1,1
1241,1241,,,,,318127.0612,5813884.063,,1,1
1242,1242,,,,,322709.0527,5813736.012,,1,1
1243,1243,,,,,320428.0612,5813953.063,,1,1
1244,1244,,,,,320320.4674,5813835.383,,1,1
1245,1245,,,,,313799.5491,5813955.301,,1,1
1246,1246,,,,,318429.8553,5813781.569,,1,1
1247,1247,,,,,323205.3584,5813681.532,,1,1
1248,1248,,,,,314669.0612,5813887.063,,1,1
1249,1249,,,,,318130.0612,5813846.063,,1,1
1250,1250,,,,,314895.8229,5813847.985,,1,1
1251,1251,,,,,318933.2562,5813886.648,,1,1
1252,1252,,,,,318918.1112,5813782.08,,1,1
1253,1253,,,,,319091.0911,5813807.147,,1,1
1254,1254,,,,,319206.5612,5813853.111,,1,1
1255,1255,,,,,321207.48884999997,5813744.9895,,1,1
1256,1256,,,,,321610.2928,5813846.816,,1,1
1257,1257,,,,,321577.0793,5813564.25,,1,1
1258,1258,,,,,315182.0612,5813601.063,,1,1
1259,1259,,,,,321895.3935,5813530.331,,1,1
1260,1260,,,,,319705.434,5813642.023,,1,1
1261,1261,,,,,319896.0612,5813776.063,,1,1
1262,1262,,,,,325845.0402,5813789.317,,1,1
1263,1263,,,,,325661.0612,5813493.063,,1,1
1264,1264,,,,,318812.6255,5813785.613,,1,1
1265,1265,,,,,318987.9049,5813746.741,,1,1
1266,1266,,,,,320057.2732,5813758.998,,1,1
1267,1267,,,,,320365.0009,5813718.889,,1,1
1268,1268,,,,,320040.5257,5813607.79,,1,1
1269,1269,,,,,318749.0612,5813846.063,,1,1
1270,1270,,,,,322405.4261,5813473.291,,1,1
1271,1271,,,,,318101.1525,5813667.24,,1,1
1272,1272,,,,,316021.57415,5813614.088500001,,1,1
1273,1273,,,,,315425.0612,5813515.063,,1,1
1274,1274,,,,,322957.20555,5813708.772,,1,1
1275,1275,,,,,320401.4574,5813619.402,,1,1
1276,1276,,,,,320538.7936,5813697.686,,1,1
1277,1277,,,,,326474.0522,5813563.77,,1,1
1278,1278,,,,,326260.4443,5813413.808,,1,1
1279,1279,,,,,327295.697,5813705.358,,1,1
1280,1280,,,,,319077.4487,5813708.211,,1,1
1281,1281,,,,,320796.9843,5813667.317,,1,1
1282,1282,,,,,320668.9195,5813680.827,,1,1
1283,1283,,,,,320606.9927,5813689.859,,1,1
1284,1284,,,,,313072.0612,5813440.063,,1,1
1285,1285,,,,,314983.0612,5813644.063,,1,1
1286,1286,,,,,321195.089,5813623.681,,1,1
1287,1287,,,,,320919.0612,5813578.063,,1,1
1288,1288,,,,,314982.9484,5813579.067,,1,1
1289,1289,,,,,321374.8363,5813601.318,,1,1
1290,1290,,,,,321188.2118,5813528.2,,1,1
1291,1291,,,,,320712.0865,5813520.9495,,1,1
1292,1292,,,,,321410.2876,5813593.991,,1,1
1293,1293,,,,,315154.0126,5813526.4,,1,1
1294,1294,,,,,321490.0304,5813395.025,,1,1
1295,1295,,,,,320973.0169,5813440.131,,1,1
1296,1296,,,,,326446.9121,5813390.336,,1,1
1297,1297,,,,,321812.7738,5813532.805,,1,1
1298,1298,,,,,321560.1763,5813414.113,,1,1
1299,1299,,,,,314274.0612,5813412.063,,1,1
1300,1300,,,,,321799.9831,5813389.084,,1,1
1301,1301,,,,,322051.6892,5813505.781,,1,1
1302,1302,,,,,321230.0612,5813422.063,,1,1
1303,1303,,,,,315236.0612,5812972.063,,1,1
1304,1304,,,,,322035.0739,5813359.125,,1,1
1305,1305,,,,,322225.0612,5813489.063,,1,1
1306,1306,,,,,320448.9983,5813508.037,,1,1
1307,1307,,,,,320543.0373,5813276.027,,1,1
1308,1308,,,,,319688.8846,5813496.87,,1,1
1309,1309,,,,,319747.1013,5813372.913,,1,1
1310,1310,,,,,325960.75275,5813453.4355,,1,1
1311,1311,,,,,317097.6041,5813437.712,,1,1
1312,1312,,,,,320026.1311,5813487.177,,1,1
1313,1313,,,,,320019.2865,5813398.722,,1,1
1314,1314,,,,,320755.2535,5813361.072,,1,1
1315,1315,,,,,322511.6212,5813453.809,,1,1
1316,1316,,,,,322492.1032,5813309.039,,1,1
1317,1317,,,,,327194.03,5812929.714,,1,1
1318,1318,,,,,318012.0612,5813316.063,,1,1
1319,1319,,,,,320864.1352,5813400.6015,,1,1
1320,1320,,,,,321018.4674,5813321.688,,1,1
1321,1321,,,,,317816.0548,5813362.006,,1,1
1322,1322,,,,,321271.0494,5813312.216,,1,1
1323,1323,,,,,321544.2818,5813257.253,,1,1
1324,1324,,,,,326164.4536,5813263.679,,1,1
1325,1325,,,,,320014.5298,5813359.25,,1,1
1326,1326,,,,,320113.4374,5813384.21,,1,1
1327,1327,,,,,323168.5731,5813259.731,,1,1
1328,1328,,,,,326406.965,5813029.701,,1,1
1329,1329,,,,,317977.898,5813340.275,,1,1
1330,1330,,,,,321879.0612,5813381.063,,1,1
1331,1331,,,,,321728.57615,5813177.115,,1,1
1332,1332,,,,,315130.308,5812667.255,,1,1
1333,1333,,,,,319797.4987,5813265.122,,1,1
1334,1334,,,,,323695.9874,5813352.317,,1,1
1335,1335,,,,,320256.1395,5813359.547,,1,1
1336,1336,,,,,320281.5553,5813308.865,,1,1
1337,1337,,,,,320065.2943,5813217.517,,1,1
1338,1338,,,,,320841.0976,5813143.969,,1,1
1339,1339,,,,,320649.14540000004,5813318.5495,,1,1
1340,1340,,,,,322259.0612,5813336.063,,1,1
1341,1341,,,,,321998.0612,5813023.063,,1,1
1342,1342,,,,,324000.9802,5813323.673,,1,1
1343,1343,,,,,317973.0612,5813265.063,,1,1
1344,1344,,,,,318481.0612,5813250.063,,1,1
1345,1345,,,,,324306.2572,5813292.539,,1,1
1346,1346,,,,,321313.0612,5813205.063,,1,1
1347,1347,,,,,321238.7487,5813299.205,,1,1
1348,1348,,,,,318176.0612,5813121.063,,1,1
1349,1349,,,,,318660.0612,5813152.063,,1,1
1350,1350,,,,,322727.0612,5813279.063,,1,1
1351,1351,,,,,323156.8392,5813225.465,,1,1
1352,1352,,,,,322464.0612,5813049.063,,1,1
1353,1353,,,,,321962.3206,5812730.181,,1,1
1354,1354,,,,,324395.8076,5813277.615,,1,1
1355,1355,,,,,320328.9993,5813189.072,,1,1
1356,1356,,,,,320585.0355,5813167.0515,,1,1
1357,1357,,,,,319350.3728,5813176.241,,1,1
1358,1358,,,,,319604.9279,5813104.9585,,1,1
1359,1359,,,,,321657.1692,5812965.146,,1,1
1360,1360,,,,,321571.0262,5813179.262,,1,1
1361,1361,,,,,318150.9359,5812820.042,,1,1
1362,1362,,,,,318133.0612,5812685.063,,1,1
1363,1363,,,,,314917.7751,5812838.144,,1,1
1364,1364,,,,,324766.0612,5812911.063,,1,1
1365,1365,,,,,323128.0612,5812972.063,,1,1
1366,1366,,,,,321057.0746,5813226.096,,1,1
1367,1367,,,,,320947.1862,5813183.144,,1,1
1368,1368,,,,,321099.08385,5813118.0995000005,,1,1
1369,1369,,,,,318131.3291,5812824.196,,1,1
1370,1370,,,,,321357.046,5813095.046,,1,1
1371,1371,,,,,318813.1768,5813044.906,,1,1
1372,1372,,,,,320114.9712,5813105.055,,1,1
1373,1373,,,,,320366.8737,5813086.898,,1,1
1374,1374,,,,,323962.8513,5813020.338,,1,1
1375,1375,,,,,319399.4315,5813108.757,,1,1
1376,1376,,,,,320727.0612,5813098.063,,1,1
1377,1377,,,,,320160.0924,5812987.125,,1,1
1378,1378,,,,,320004.50560000003,5813063.554,,1,1
1379,1379,,,,,320627.0337,5813058.076,,1,1
1380,1380,,,,,321301.0299,5813072.744,,1,1
1381,1381,,,,,321399.5385,5812988.0305,,1,1
1382,1382,,,,,323812.0612,5813039.063,,1,1
1383,1383,,,,,326020.2005,5813079.604,,1,1
1384,1384,,,,,325810.7799,5812796.818,,1,1
1385,1385,,,,,324728.9771,5812635.18,,1,1
1386,1386,,,,,320664.1237,5812959.514,,1,1
1387,1387,,,,,320525.4049,5813018.96,,1,1
1388,1388,,,,,321097.1688,5812493.017,,1,1
1389,1389,,,,,320878.2513,5812411.129,,1,1
1390,1390,,,,,321143.0707,5812367.067,,1,1
1391,1391,,,,,321012.042,5812709.111,,1,1
1392,1392,,,,,320565.2426,5813936.749,,1,1
1393,1393,,,,,321738.34750000003,5810113.6445,,1,1
1394,1394,,,,,321637.6338,5810422.226,,1,1
1395,1395,,,,,321839.0612,5809805.063,,1,1
1396,1396,,,,,321970.5612,5810051.063,,1,1
1397,1397,,,,,321909.0612,5810242.063,,1,1
1398,1398,,,,,322032.0612,5809860.063,,1,1
1399,1399,,,,,323581.0612,5809771.063,,1,1
1400,1400,,,,,323550.0612,5809547.063,,1,1
1401,1401,,,,,323610.5924,5809994.453,,1,1
1402,1402,,,,,323405.9598,5810132.32,,1,1
1403,1403,,,,,323624.0322,5810098.729,,1,1
1404,1404,,,,,320135.9953,5808899.52,,1,1
1405,1405,,,,,320158.4362,5809251.973,,1,1
1406,1406,,,,,319919.8956,5808850.943,,1,1
1407,1407,,,,,320889.9449,5810615.104,,1,1
1408,1408,,,,,320955.0612,5810761.063,,1,1
1409,1409,,,,,321158.8452,5810720.908,,1,1
1410,1410,,,,,320839.054,5810594.058,,1,1
1411,1411,,,,,320900.2531,5810900.375,,1,1
1412,1412,,,,,322451.9257,5810671.974,,1,1
1413,1413,,,,,322427.0612,5810472.063,,1,1
1414,1414,,,,,321921.0612,5810745.063,,1,1
1415,1415,,,,,322564.2073,5810659.161,,1,1
1416,1416,,,,,322399.3632,5810274.221,,1,1
1417,1417,,,,,322002.7021,5810327.053,,1,1
1418,1418,,,,,322665.0612,5810233.063,,1,1
1419,1419,,,,,324452.9489,5808573.322,,1,1
1420,1420,,,,,324759.6355,5808530.017999999,,1,1
1421,1421,,,,,324191.19605,5810024.1315,,1,1
1422,1422,,,,,323531.56570000004,5809414.833000001,,1,1
1423,1423,,,,,322708.1053,5809394.848,,1,1
1424,1424,,,,,322372.0612,5809442.063,,1,1
1425,1425,,,,,322209.0612,5809465.063,,1,1
1426,1426,,,,,320407.0612,5810423.063,,1,1
1427,1427,,,,,320620.1375,5810510.055,,1,1
1428,1428,,,,,320310.0612,5810667.063,,1,1
1429,1429,,,,,320527.0434,5810755.035,,1,1
1430,1430,,,,,320095.0412,5810587.037,,1,1
1431,1431,,,,,319762.1417,5811320.788,,1,1
1432,1432,,,,,321175.0612,5812280.063,,1,1
1433,1433,,,,,321343.8291,5811847.268,,1,1
1434,1434,,,,,321740.5743,5810772.056,,1,1
1435,1435,,,,,321560.0874,5810799.049,,1,1
1436,1436,,,,,323560.977,5811668.318,,1,1
1437,1437,,,,,321332.0612,5812837.063,,1,1
1438,1438,,,,,321442.031,5812881.015,,1,1
1439,1439,,,,,321224.0554,5812796.018,,1,1
1440,1440,,,,,325706.21030000004,5808962.1625,,1,1
1441,1441,,,,,325700.0612,5812661.063,,1,1
1442,1442,,,,,324353.3251,5811575.613,,1,1
1443,1443,,,,,326949.4362,5810999.168,,1,1
1444,1444,,,,,317092.385,5811130.267,,1,1
1445,1445,,,,,316800.5703,5810943.9,,1,1
1446,1446,,,,,316908.2552,5810932.929,,1,1
1447,1447,,,,,317291.1862,5811231.115,,1,1
1448,1448,,,,,316449.5966,5810703.842,,1,1
1449,1449,,,,,316820.5894,5811109.613,,1,1
1450,1450,,,,,316867.2799,5811083.173,,1,1
1451,1451,,,,,317036.1629,5811175.841,,1,1
1452,1452,,,,,318496.9052,5811494.265,,1,1
1453,1453,,,,,318192.5299,5811460.731,,1,1
1454,1454,,,,,318759.9603,5811480.137,,1,1
1455,1455,,,,,317979.1131,5811413.865,,1,1
1456,1456,,,,,319150.5354,5811419.199,,1,1
1457,1457,,,,,319264.6237,5811370.638,,1,1
1458,1458,,,,,319342.3424,5811389.783,,1,1
1459,1459,,,,,319572.0129,5811410.603,,1,1
1460,1460,,,,,319366.0612,5811462.063,,1,1
1461,1461,,,,,318713.7908,5811497.891,,1,1
1462,1462,,,,,318459.2816,5811509.135,,1,1
1463,1463,,,,,319214.95,5811435.088,,1,1
1464,1464,,,,,319817.5612,5811333.475,,1,1
1465,1465,,,,,320349.1237,5811243.382,,1,1
1466,1466,,,,,320189.1862,5811243.382,,1,1
1467,1467,,,,,319311.9362,5811526.048,,1,1
1468,1468,,,,,319381.7281,5811524.63,,1,1
1469,1469,,,,,319378.5388,5811548.1,,1,1
1470,1470,,,,,319435.9957,5811534.788,,1,1
1471,1471,,,,,319798.4362,5811395.414,,1,1
1472,1472,,,,,320226.3737,5811291.807,,1,1
1473,1473,,,,,318631.7174,5811563.212,,1,1
1474,1474,,,,,319182.3484,5811562.317,,1,1
1475,1475,,,,,318382.8424,5811544.067,,1,1
1476,1476,,,,,318183.4987,5811518.165,,1,1
1477,1477,,,,,318008.9674,5811515.913,,1,1
1478,1478,,,,,317915.4674,5811611.637,,1,1
1479,1479,,,,,317907.5924,5811780.561,,1,1
1480,1480,,,,,320515.4404,5811592.29,,1,1
1481,1481,,,,,320641.042,5811385.316,,1,1
1482,1482,,,,,313622.7589,5810608.9555,,1,1
1483,1483,,,,,313702.0612,5810202.063,,1,1
1484,1484,,,,,313889.94005,5812817.9955,,1,1
1485,1485,,,,,314091.9111,5812792.893,,1,1
1486,1486,,,,,323395.8424,5815331.105,,1,1
1487,1487,,,,,326381.6106,5812832.25,,1,1
1488,1488,,,,,326761.1561,5812087.164,,1,1
1489,1489,,,,,326292.0414,5812147.694,,1,1
1490,1490,,,,,327047.6862,5811784.624,,1,1
1491,1491,,,,,322495.0819,5808862.134,,1,1
1492,1492,,,,,322077.1862,5809709.898,,1,1
1493,1493,,,,,323831.4003,5810071.033,,1,1
1494,1494,,,,,323508.9674,5810674.89,,1,1
1495,1495,,,,,321992.1862,5812641.496,,1,1
1496,1496,,,,,321619.2296,5812697.754,,1,1
1497,1497,,,,,322107.0923,5812626.093,,1,1
1498,1498,,,,,322877.843,5810613.388,,1,1
1499,1499,,,,,322634.4674,5810649.088,,1,1
1500,1500,,,,,321910.4674,5810390.52,,1,1
1501,1501,,,,,321551.0612,5810481.019,,1,1
1502,1502,,,,,321305.4049,5810630.988,,1,1
1503,1503,,,,,321382.9987,5810806.815,,1,1
1504,1504,,,,,319054.4045,5809358.671,,1,1
1505,1505,,,,,320067.0811,5809311.121,,1,1
1506,1506,,,,,320164.5924,5809759.128,,1,1
1507,1507,,,,,320254.8684,5809537.078,,1,1
1508,1508,,,,,316992.1647,5810357.342,,1,1
1509,1509,,,,,317238.8112,5810424.71,,1,1
1510,1510,,,,,316511.979,5810228.038,,1,1
1511,1511,,,,,316926.6911,5810603.004,,1,1
1512,1512,,,,,317400.403,5810467.221,,1,1
1513,1513,,,,,320574.9987,5810629.85,,1,1
1514,1514,,,,,320954.6862,5810971.389,,1,1
1515,1515,,,,,321073.0612,5810827.063,,1,1
1516,1516,,,,,320616.935,5814392.551,,1,1
1517,1517,,,,,319672.1096,5812938.042,,1,1
1518,1518,,,,,319241.9987,5812358.022,,1,1
1519,1519,,,,,319800.4362,5812618.037,,1,1
1520,1520,,,,,319761.0947,5812724.818,,1,1
1521,1521,,,,,319973.0962,5812176.986,,1,1
1522,1522,,,,,319682.88214999996,5812149.637,,1,1
1523,1523,,,,,320252.5299,5811459.786,,1,1
1524,1524,,,,,320745.9674,5811722.756,,1,1
1525,1525,,,,,320868.8784,5811608.735,,1,1
1526,1526,,,,,320751.3229,5811850.318,,1,1
1527,1527,,,,,320812.3742,5811910.701,,1,1
1528,1528,,,,,321201.0243,5812537.115499999,,1,1
1529,1529,,,,,321304.8798,5812581.214,,1,1
1530,1530,,,,,320627.4286,5812411.076,,1,1
1531,1531,,,,,320660.8512,5812327.139,,1,1
1532,1532,,,,,320843.4674,5812499.848,,1,1
1533,1533,,,,,320794.1057,5812625.052,,1,1
1534,1534,,,,,320709.1229,5812841.087,,1,1
1535,1535,,,,,320598.9987,5812798.16,,1,1
1536,1536,,,,,320409.8729,5812974.959,,1,1
1537,1537,,,,,320751.6143,5812733.0695,,1,1
1538,1538,,,,,321258.5612,5812704.745,,1,1
1539,1539,,,,,321122.6862,5812755.699,,1,1
1540,1540,,,,,321037.7799,5812970.837,,1,1
1541,1541,,,,,321141.0931,5813010.103,,1,1
1542,1542,,,,,320302.96695000003,5812932.0370000005,,1,1
1543,1543,,,,,319935.56389999995,5812913.591,,1,1
1544,1544,,,,,320018.5862,5812698.572,,1,1
1545,1545,,,,,320060.0846,5812592.015,,1,1
1546,1546,,,,,320786.4987,5812372.86,,1,1
1547,1547,,,,,314018.2176,5812217.665,,1,1
1548,1548,,,,,313987.3479,5811972.225,,1,1
1549,1549,,,,,313556.0612,5811768.063,,1,1
1550,1550,,,,,313518.0838,5811495.268,,1,1
1551,1551,,,,,321744.5992,5812749.216,,1,1
1552,1552,,,,,319021.2321,5812847.5005,,1,1
1553,1553,,,,,319574.6189,5812901.795,,1,1
1554,1554,,,,,319497.7048,5812871.381,,1,1
1555,1555,,,,,321481.0612,5812779.063,,1,1
1556,1556,,,,,323216.0612,5812758.063,,1,1
1557,1557,,,,,323216.0612,5812758.063,,1,1
1558,1558,,,,,324326.0612,5813447.063,,1,1
1559,1559,,,,,323770.2146,5812751.115,,1,1
1560,1560,,,,,323520.1289,5812777.707,,1,1
1561,1561,,,,,314056.6856,5812520.267,,1,1
1562,1562,,,,,323368.09505,5812767.885,,1,1
1563,1563,,,,,323505.0612,5812617.063,,1,1
1564,1564,,,,,322116.7996,5812706.892,,1,1
1565,1565,,,,,323910.0612,5812601.063,,1,1
1566,1566,,,,,320903.0612,5812667.063,,1,1
1567,1567,,,,,314864.9345,5812384.171,,1,1
1568,1568,,,,,322623.0612,5812652.063,,1,1
1569,1569,,,,,322420.0612,5812615.063,,1,1
1570,1570,,,,,315025.0612,5811841.063,,1,1
1571,1571,,,,,325600.0612,5812540.063,,1,1
1572,1572,,,,,323548.8047,5812998.965,,1,1
1573,1573,,,,,326324.14879999997,5812391.2465,,1,1
1574,1574,,,,,322387.0612,5812594.063,,1,1
1575,1575,,,,,322082.0612,5812385.063,,1,1
1576,1576,,,,,320690.0612,5812583.063,,1,1
1577,1577,,,,,320100.0612,5812487.063,,1,1
1578,1578,,,,,323690.9758,5812451.318,,1,1
1579,1579,,,,,323284.9693,5812500.319,,1,1
1580,1580,,,,,320144.0428,5812372.059,,1,1
1581,1581,,,,,314207.7068,5812446.665,,1,1
1582,1582,,,,,322542.0612,5812061.063,,1,1
1583,1583,,,,,313600.0612,5812122.063,,1,1
1584,1584,,,,,313592.9245,5812016.06,,1,1
1585,1585,,,,,322775.86905,5811983.347,,1,1
1586,1586,,,,,314828.0612,5812108.063,,1,1
1587,1587,,,,,325088.9563,5812299.321,,1,1
1588,1588,,,,,320540.0409,5812274.08,,1,1
1589,1589,,,,,320563.3365,5812201.071,,1,1
1590,1590,,,,,320484.0612,5812203.063,,1,1
1591,1591,,,,,320571.0612,5812089.063,,1,1
1592,1592,,,,,321181.7984,5812121.1,,1,1
1593,1593,,,,,321151.0612,5812078.063,,1,1
1594,1594,,,,,321083.0612,5812077.063,,1,1
1595,1595,,,,,312932.1254,5812093.945,,1,1
1596,1596,,,,,320573.0612,5812032.063,,1,1
1597,1597,,,,,321098.9696,5811817.879,,1,1
1598,1598,,,,,320131.0612,5811768.063,,1,1
1599,1599,,,,,313310.3493,5812048.289,,1,1
1600,1600,,,,,322084.8292,5811861.784,,1,1
1601,1601,,,,,317463.0612,5812038.063,,1,1
1602,1602,,,,,317078.0612,5811670.063,,1,1
1603,1603,,,,,320563.0612,5811996.063,,1,1
1604,1604,,,,,320332.6804,5811719.515,,1,1
1605,1605,,,,,317756.34515,5811976.29,,1,1
1606,1606,,,,,320556.0612,5811965.063,,1,1
1607,1607,,,,,321876.0375,5811874.734,,1,1
1608,1608,,,,,321608.0612,5811995.063,,1,1
1609,1609,,,,,314321.0612,5811928.063,,1,1
1610,1610,,,,,318049.6291,5811914.517,,1,1
1611,1611,,,,,318505.0612,5811806.063,,1,1
1612,1612,,,,,318343.0612,5811626.063,,1,1
1613,1613,,,,,320892.0612,5811862.063,,1,1
1614,1614,,,,,321467.0612,5811907.063,,1,1
1615,1615,,,,,319407.3642,5811787.41,,1,1
1616,1616,,,,,317691.0612,5811111.063,,1,1
1617,1617,,,,,317588.0612,5811189.063,,1,1
1618,1618,,,,,317895.291,5811771.597,,1,1
1619,1619,,,,,322116.0612,5811561.063,,1,1
1620,1620,,,,,322411.7905,5811819.1274999995,,1,1
1621,1621,,,,,322228.4141,5811656.385,,1,1
1622,1622,,,,,320946.0612,5811465.063,,1,1
1623,1623,,,,,320902.4455,5811453.956,,1,1
1624,1624,,,,,321213.0612,5811796.063,,1,1
1625,1625,,,,,321378.3707,5811747.084,,1,1
1626,1626,,,,,321048.0612,5811575.063,,1,1
1627,1627,,,,,318881.0612,5811717.063,,1,1
1628,1628,,,,,320930.6776,5811545.487,,1,1
1629,1629,,,,,320969.6276,5811474.566,,1,1
1630,1630,,,,,320898.1639,5811585.164,,1,1
1631,1631,,,,,320014.0612,5811246.063,,1,1
1632,1632,,,,,320108.5274,5811411.009,,1,1
1633,1633,,,,,320008.1177,5811023.264,,1,1
1634,1634,,,,,320632.0612,5811809.063,,1,1
1635,1635,,,,,324512.0612,5811147.063,,1,1
1636,1636,,,,,320196.9175,5811595.567,,1,1
1637,1637,,,,,320506.0612,5811759.063,,1,1
1638,1638,,,,,324243.8996,5811206.625,,1,1
1639,1639,,,,,324652.1834,5811079.199,,1,1
1640,1640,,,,,323411.3693,5811517.882,,1,1
1641,1641,,,,,322957.8,5811429.843,,1,1
1642,1642,,,,,321992.0612,5811810.063,,1,1
1643,1643,,,,,320503.8143,5811528.792,,1,1
1644,1644,,,,,321582.754,5811739.883,,1,1
1645,1645,,,,,321002.0158,5811369.066,,1,1
1646,1646,,,,,322698.0612,5811492.063,,1,1
1647,1647,,,,,322716.0612,5811520.063,,1,1
1648,1648,,,,,317795.0612,5811430.063,,1,1
1649,1649,,,,,321464.0612,5811473.063,,1,1
1650,1650,,,,,317179.0043,5811260.636,,1,1
1651,1651,,,,,318999.0612,5811621.063,,1,1
1652,1652,,,,,320865.0612,5811340.063,,1,1
1653,1653,,,,,320849.0612,5811254.063,,1,1
1654,1654,,,,,321216.0213,5811579.593,,1,1
1655,1655,,,,,318646.0612,5811328.063,,1,1
1656,1656,,,,,317725.0571,5811335.351,,1,1
1657,1657,,,,,319183.0612,5811549.019,,1,1
1658,1658,,,,,320125.0612,5811562.063,,1,1
1659,1659,,,,,322342.0612,5811593.063,,1,1
1660,1660,,,,,320626.963,5811375.284,,1,1
1661,1661,,,,,319459.0612,5811502.063,,1,1
1662,1662,,,,,319325.214,5811433.476,,1,1
1663,1663,,,,,318962.0612,5811535.063,,1,1
1664,1664,,,,,319013.2667,5811534.404,,1,1
1665,1665,,,,,321056.0612,5811499.063,,1,1
1666,1666,,,,,319354.0612,5811485.063,,1,1
1667,1667,,,,,318630.044,5811543.84,,1,1
1668,1668,,,,,318381.0016,5811525.936,,1,1
1669,1669,,,,,321048.0612,5811575.063,,1,1
1670,1670,,,,,313452.0308,5811507.793,,1,1
1671,1671,,,,,313514.0612,5811455.063,,1,1
1672,1672,,,,,318743.7953,5811518.402,,1,1
1673,1673,,,,,321025.0385,5811472.0645,,1,1
1674,1674,,,,,320983.0612,5811284.063,,1,1
1675,1675,,,,,318183.6773,5811497.927,,1,1
1676,1676,,,,,318169.1118,5811472.776,,1,1
1677,1677,,,,,319050.0612,5811511.063,,1,1
1678,1678,,,,,319796.6714,5811378.583,,1,1
1679,1679,,,,,313600.0612,5811491.063,,1,1
1680,1680,,,,,314034.9411,5811477.463,,1,1
1681,1681,,,,,319682.0612,5811338.063,,1,1
1682,1682,,,,,319641.0612,5811327.063,,1,1
1683,1683,,,,,320903.284,5811420.885,,1,1
1684,1684,,,,,322597.0612,5811477.063,,1,1
1685,1685,,,,,322480.0612,5811494.063,,1,1
1686,1686,,,,,317465.0003,5811264.797,,1,1
1687,1687,,,,,322273.0612,5811430.063,,1,1
1688,1688,,,,,322462.29524999997,5811373.1565000005,,1,1
1689,1689,,,,,317917.0612,5811417.063,,1,1
1690,1690,,,,,314702.0612,5811238.063,,1,1
1691,1691,,,,,322605.0612,5811521.063,,1,1
1692,1692,,,,,313508.0612,5811422.063,,1,1
1693,1693,,,,,313600.0612,5811376.063,,1,1
1694,1694,,,,,316141.0612,5810571.063,,1,1
1695,1695,,,,,319249.0612,5811448.063,,1,1
1696,1696,,,,,322772.0612,5811462.063,,1,1
1697,1697,,,,,322843.0612,5811385.063,,1,1
1698,1698,,,,,322941.1953,5811288.659,,1,1
1699,1699,,,,,317888.0612,5811436.063,,1,1
1700,1700,,,,,320600.0391,5811204.664,,1,1
1701,1701,,,,,319379.0612,5811426.063,,1,1
1702,1702,,,,,319824.0612,5811320.063,,1,1
1703,1703,,,,,319309.1271,5811403.057,,1,1
1704,1704,,,,,325180.95535,5811325.494,,1,1
1705,1705,,,,,325105.8495,5811221.925,,1,1
1706,1706,,,,,322754.0612,5811430.063,,1,1
1707,1707,,,,,322738.4261,5811457.273,,1,1
1708,1708,,,,,317285.2964,5811239.459,,1,1
1709,1709,,,,,322705.0612,5811456.063,,1,1
1710,1710,,,,,319318.5054,5811348.535,,1,1
1711,1711,,,,,320720.0997,5811404.506,,1,1
1712,1712,,,,,324394.0612,5810647.063,,1,1
1713,1713,,,,,324503.2058,5810586.128,,1,1
1714,1714,,,,,313436.0612,5811380.063,,1,1
1715,1715,,,,,320661.6036,5811331.902,,1,1
1716,1716,,,,,320746.8654,5811225.691,,1,1
1717,1717,,,,,320592.0612,5811330.063,,1,1
1718,1718,,,,,320382.1026,5811119.47,,1,1
1719,1719,,,,,317326.0837,5810710.247,,1,1
1720,1720,,,,,315151.0612,5810939.063,,1,1
1721,1721,,,,,322651.5293,5811316.25,,1,1
1722,1722,,,,,322736.0612,5811271.063,,1,1
1723,1723,,,,,317688.3227,5811377.407,,1,1
1724,1724,,,,,320523.0612,5811303.063,,1,1
1725,1725,,,,,314588.0612,5811304.063,,1,1
1726,1726,,,,,320437.7543,5811296.883,,1,1
1727,1727,,,,,322963.0612,5811230.063,,1,1
1728,1728,,,,,322918.0612,5811118.063,,1,1
1729,1729,,,,,317677.0612,5811259.063,,1,1
1730,1730,,,,,320653.0612,5811291.063,,1,1
1731,1731,,,,,320608.0316,5811304.191,,1,1
1732,1732,,,,,320448.939,5811278.539,,1,1
1733,1733,,,,,316426.239,5810472.634,,1,1
1734,1734,,,,,316345.0044,5810591.103,,1,1
1735,1735,,,,,316474.0173,5810340.43,,1,1
1736,1736,,,,,317286.4106,5811270.208,,1,1
1737,1737,,,,,316977.9384,5811193.43,,1,1
1738,1738,,,,,319402.0612,5811240.063,,1,1
1739,1739,,,,,316269.0612,5810632.063,,1,1
1740,1740,,,,,317090.2602,5811140.723,,1,1
1741,1741,,,,,317714.0612,5811167.063,,1,1
1742,1742,,,,,314709.0612,5811252.063,,1,1
1743,1743,,,,,325160.6204,5811238.101,,1,1
1744,1744,,,,,325249.0612,5811214.063,,1,1
1745,1745,,,,,320811.3325,5811144.876,,1,1
1746,1746,,,,,325540.7114,5811129.941,,1,1
1747,1747,,,,,324910.777,5811127.715,,1,1
1748,1748,,,,,320647.4582,5811084.098,,1,1
1749,1749,,,,,325163.0612,5811191.063,,1,1
1750,1750,,,,,325269.0612,5811187.063,,1,1
1751,1751,,,,,314803.2997,5811074.235,,1,1
1752,1752,,,,,325126.0612,5811174.063,,1,1
1753,1753,,,,,325052.0612,5811151.063,,1,1
1754,1754,,,,,317083.0612,5811169.063,,1,1
1755,1755,,,,,324771.0612,5811116.063,,1,1
1756,1756,,,,,323103.0612,5811023.063,,1,1
1757,1757,,,,,324898.0612,5811030.063,,1,1
1758,1758,,,,,324846.0612,5811107.063,,1,1
1759,1759,,,,,325835.2632,5811057.915,,1,1
1760,1760,,,,,320428.4879,5810997.753,,1,1
1761,1761,,,,,314582.0612,5811117.063,,1,1
1762,1762,,,,,314692.68045,5811095.649,,1,1
1763,1763,,,,,314558.0612,5810897.063,,1,1
1764,1764,,,,,324530.0612,5811104.063,,1,1
1765,1765,,,,,324439.0612,5811104.063,,1,1
1766,1766,,,,,325313.0612,5811098.063,,1,1
1767,1767,,,,,325253.0612,5811143.063,,1,1
1768,1768,,,,,324754.0612,5811062.063,,1,1
1769,1769,,,,,320695.0612,5810961.063,,1,1
1770,1770,,,,,325692.3765,5811076.105,,1,1
1771,1771,,,,,325370.0612,5811136.063,,1,1
1772,1772,,,,,325250.0612,5811180.063,,1,1
1773,1773,,,,,324398.0612,5811067.063,,1,1
1774,1774,,,,,324324.0612,5811034.063,,1,1
1775,1775,,,,,314690.68045,5810337.649,,1,1
1776,1776,,,,,324599.8011,5811067.139,,1,1
1777,1777,,,,,324492.9717,5811080.193,,1,1
1778,1778,,,,,324811.0612,5811065.063,,1,1
1779,1779,,,,,324343.466,5811066.225,,1,1
1780,1780,,,,,324433.0612,5811088.063,,1,1
1781,1781,,,,,324792.0612,5811054.063,,1,1
1782,1782,,,,,325922.0612,5811022.063,,1,1
1783,1783,,,,,324090.0612,5810849.063,,1,1
1784,1784,,,,,325838.8572,5811043.212,,1,1
1785,1785,,,,,316760.5429,5810990.461,,1,1
1786,1786,,,,,324852.0612,5811011.063,,1,1
1787,1787,,,,,320477.76565,5810876.393999999,,1,1
1788,1788,,,,,326005.0612,5810957.063,,1,1
1789,1789,,,,,313989.8561,5810962.024,,1,1
1790,1790,,,,,313951.0612,5810763.063,,1,1
1791,1791,,,,,320742.0689,5810840.055,,1,1
1792,1792,,,,,319908.0612,5810912.063,,1,1
1793,1793,,,,,323253.0612,5810887.063,,1,1
1794,1794,,,,,325919.0612,5811008.063,,1,1
1795,1795,,,,,316852.7593,5810821.949,,1,1
1796,1796,,,,,323189.0612,5810929.063,,1,1
1797,1797,,,,,322342.0612,5811558.063,,1,1
1798,1798,,,,,324085.5152,5810859.747,,1,1
1799,1799,,,,,326357.0612,5810477.063,,1,1
1800,1800,,,,,323919.0612,5810765.063,,1,1
1801,1801,,,,,323786.0612,5810726.063,,1,1
1802,1802,,,,,323920.0612,5810779.063,,1,1
1803,1803,,,,,320634.55615,5810797.545,,1,1
1804,1804,,,,,319785.0612,5810749.063,,1,1
1805,1805,,,,,326001.0612,5810946.063,,1,1
1806,1806,,,,,316712.4324,5810753.149,,1,1
1807,1807,,,,,316735.0612,5810811.063,,1,1
1808,1808,,,,,316377.0299,5810608.221,,1,1
1809,1809,,,,,316292.0612,5810615.063,,1,1
1810,1810,,,,,319569.2041,5810621.469,,1,1
1811,1811,,,,,316661.0612,5810821.063,,1,1
1812,1812,,,,,323784.0612,5810736.063,,1,1
1813,1813,,,,,323715.0612,5810720.063,,1,1
1814,1814,,,,,322761.0612,5811523.063,,1,1
1815,1815,,,,,322817.0612,5811446.063,,1,1
1816,1816,,,,,322866.0612,5811416.063,,1,1
1817,1817,,,,,322914.0612,5811405.063,,1,1
1818,1818,,,,,314578.0612,5809601.063,,1,1
1819,1819,,,,,317796.0612,5810574.063,,1,1
1820,1820,,,,,319388.1652,5810559.944,,1,1
1821,1821,,,,,319546.5612,5810539.04,,1,1
1822,1822,,,,,323656.0612,5810327.063,,1,1
1823,1823,,,,,322862.0612,5810480.063,,1,1
1824,1824,,,,,319508.5262,5810416.785,,1,1
1825,1825,,,,,320740.0612,5810556.063,,1,1
1826,1826,,,,,320886.0612,5810471.063,,1,1
1827,1827,,,,,319880.1907,5810500.951,,1,1
1828,1828,,,,,312923.363,5810470.058,,1,1
1829,1829,,,,,320673.0612,5810385.063,,1,1
1830,1830,,,,,319763.0612,5810459.063,,1,1
1831,1831,,,,,319924.0612,5810380.063,,1,1
1832,1832,,,,,326412.0612,5810424.063,,1,1
1833,1833,,,,,322823.0529,5810214.829,,1,1
1834,1834,,,,,326347.0612,5810472.063,,1,1
1835,1835,,,,,319553.0612,5810375.063,,1,1
1836,1836,,,,,322668.0612,5811522.063,,1,1
1837,1837,,,,,313089.0612,5810453.063,,1,1
1838,1838,,,,,322605.0612,5811542.063,,1,1
1839,1839,,,,,324522.0612,5811090.063,,1,1
1840,1840,,,,,327411.0612,5810184.063,,1,1
1841,1841,,,,,326404.0612,5810418.063,,1,1
1842,1842,,,,,326514.0612,5810371.063,,1,1
1843,1843,,,,,326555.0612,5810359.063,,1,1
1844,1844,,,,,327273.0612,5810337.063,,1,1
1845,1845,,,,,327357.0612,5810265.063,,1,1
1846,1846,,,,,327268.0612,5810327.063,,1,1
1847,1847,,,,,327148.0612,5810383.063,,1,1
1848,1848,,,,,316589.0612,5809954.063,,1,1
1849,1849,,,,,327015.0612,5810419.063,,1,1
1850,1850,,,,,327149.0612,5810396.063,,1,1
1851,1851,,,,,323006.9526,5810188.321,,1,1
1852,1852,,,,,322791.0612,5809974.063,,1,1
1853,1853,,,,,318163.0612,5810191.063,,1,1
1854,1854,,,,,318490.0612,5810112.063,,1,1
1855,1855,,,,,320896.0612,5810153.063,,1,1
1856,1856,,,,,317937.0612,5809865.063,,1,1
1857,1857,,,,,327019.0612,5810410.063,,1,1
1858,1858,,,,,326942.0612,5810408.063,,1,1
1859,1859,,,,,326605.0612,5810343.063,,1,1
1860,1860,,,,,326554.0612,5810348.063,,1,1
1861,1861,,,,,326666.0612,5810355.063,,1,1
1862,1862,,,,,326788.0612,5810383.063,,1,1
1863,1863,,,,,321190.0612,5810220.063,,1,1
1864,1864,,,,,318246.0612,5809758.063,,1,1
1865,1865,,,,,318803.0191,5809912.019,,1,1
1866,1866,,,,,320599.0612,5809927.063,,1,1
1867,1867,,,,,326668.0612,5810344.063,,1,1
1868,1868,,,,,324917.0612,5811086.063,,1,1
1869,1869,,,,,317395.0612,5809982.063,,1,1
1870,1870,,,,,317607.0612,5809930.063,,1,1
1871,1871,,,,,324913.0612,5811095.063,,1,1
1872,1872,,,,,325053.0612,5811164.063,,1,1
1873,1873,,,,,322743.0612,5809615.063,,1,1
1874,1874,,,,,317823.0612,5809874.063,,1,1
1875,1875,,,,,325327.0612,5811120.063,,1,1
1876,1876,,,,,318906.0612,5809837.063,,1,1
1877,1877,,,,,318578.2491,5809588.747,,1,1
1878,1878,,,,,325180.0612,5811183.063,,1,1
1879,1879,,,,,326447.0612,5810390.063,,1,1
1880,1880,,,,,320342.52635,5809634.5995000005,,1,1
1881,1881,,,,,327142.9593,5809641.32,,1,1
1882,1882,,,,,312993.0612,5809634.063,,1,1
1883,1883,,,,,326508.0612,5810363.063,,1,1
1884,1884,,,,,326452.0612,5810401.063,,1,1
1885,1885,,,,,327366.981,5809612.318,,1,1
1886,1886,,,,,313188.0952,5809612.253,,1,1
1887,1887,,,,,326606.0612,5810353.063,,1,1
1888,1888,,,,,314548.7178,5809278.714,,1,1
1889,1889,,,,,318816.32680000004,5809473.709000001,,1,1
1890,1890,,,,,313933.6573,5809348.258,,1,1
1891,1891,,,,,326859.0612,5810405.063,,1,1
1892,1892,,,,,314188.0612,5809313.063,,1,1
1893,1893,,,,,314785.0612,5809249.063,,1,1
1894,1894,,,,,314730.0612,5809019.063,,1,1
1895,1895,,,,,324284.3153,5808863.141,,1,1
1896,1896,,,,,314826.0612,5808800.063,,1,1
1897,1897,,,,,326936.0612,5810418.063,,1,1
1898,1898,,,,,323187.95505,5808763.987,,1,1
1899,1899,,,,,326789.0612,5810374.063,,1,1
1900,1900,,,,,326862.0612,5810395.063,,1,1
1901,1901,,,,,327418.0612,5810193.063,,1,1
1902,1902,,,,,327346.0612,5810263.063,,1,1
1903,1903,,,,,323334.839,5814863.893,,1,1
1904,1904,,,,,323339.3018,5814886.034,,1,1
1905,1905,,,,,323373.8509,5815081.487,,1,1
1906,1906,,,,,323372.1991,5815051.152,,1,1
1907,1907,,,,,323353.9625,5814888.708,,1,1
1908,1908,,,,,323347.6092,5814866.833,,1,1
1909,1909,,,,,319525.0612,5815268.063,,1,1
1910,1910,,,,,322124.0612,5812277.063,,1,1
1911,1911,,,,,322007.0612,5812310.063,,1,1
1912,1912,,,,,322443.0612,5812043.063,,1,1
1913,1913,,,,,322741.0612,5811888.063,,1,1
1914,1914,,,,,319411.7036,5815681.11,,1,1
1915,1915,,,,,319449.0612,5815987.063,,1,1
1916,1916,,,,,319484.0612,5816289.063,,1,1
1917,1917,,,,,319513.4244,5816495.032,,1,1
1918,1918,,,,,319436.3112,5816807.002,,1,1
1919,1919,,,,,320925.0521,5812925.086,,1,1
1920,1920,,,,,312356.4766,5812172.386,,1,1
1921,1921,,,,,312622.9521,5816016.626,,1,1
1922,1922,,,,,312507.0628,5815039.713,,1,1
1923,1923,,,,,326154.4957,5808289.662,,1,1
1924,1924,,,,,327054.1472,5808216.229,,1,1
1925,1925,,,,,327769.6374,5810765.873,,1,1
1926,1926,,,,,327607.6961,5812878.808,,1,1
1927,1927,,,,,327587.2086,5811972.566,,1,1
1928,1928,,,,,323403.6615,5808317.931,,1,1
1929,1929,,,,,324213.0865,5808285.453,,1,1
1930,1930,,,,,327710.8621,5814090.577,,1,1
1931,1931,,,,,319347.5518,5818023.896,,1,1
1932,1932,,,,,324886.3583,5818108.678,,1,1
1933,1933,,,,,325612.0433,5818145.736,,1,1
1934,1934,,,,,326231.0384,5818073.694,,1,1
1935,1935,,,,,318348.8159,5818317.527,,1,1
1936,1936,,,,,322352.3264,5808217.254,,1,1
1937,1937,,,,,322485.43,5808324.064,,1,1
1938,1938,,,,,322592.6838,5808315.18,,1,1
1939,1939,,,,,312607.2223,5811560.303,,1,1
1940,1940,,,,,327765.0612,5815590.063,,1,1
1941,1941,,,,,312660.68,5817626.453,,1,1
1942,1942,,,,,318886.1503,5818285.121,,1,1
1943,1943,,,,,321430.0758,5818143.099,,1,1
1944,1944,,,,,323781.0517,5818120.825,,1,1
1945,1945,,,,,320547.861,5818105.195,,1,1
1946,1946,,,,,322103.278,5818066.358,,1,1
1947,1947,,,,,317151.6904,5818048.448,,1,1
1948,1948,,,,,317259.7517,5818039.883,,1,1
1949,1949,,,,,322840.1367,5818029.874,,1,1
1950,1950,,,,,315516.0797,5817742.079,,1,1
1951,1951,,,,,327480.5671,5817466.825,,1,1
1952,1952,,,,,312446.8121,5816292.285,,1,1
1953,1953,,,,,312447.2717,5816234.111,,1,1
1954,1954,,,,,327702.3382,5815559.699,,1,1
1955,1955,,,,,327560.604,5814818.676,,1,1
1956,1956,,,,,312684.2321,5814592.554,,1,1
1957,1957,,,,,327679.2697,5814288.033,,1,1
1958,1958,,,,,312593.1126,5814180.773,,1,1
1959,1959,,,,,327677.6948,5813658.086,,1,1
1960,1960,,,,,327690.8505,5813392.578,,1,1
1961,1961,,,,,321182.2338,5808257.812,,1,1
1962,1962,,,,,312419.5696,5813073.316,,1,1
1963,1963,,,,,312418.5686,5812966.315,,1,1
1964,1964,,,,,327825.1297,5811258.939,,1,1
1965,1965,,,,,312576.0957,5810512.825,,1,1
1966,1966,,,,,327575.1731,5810015.091,,1,1
1967,1967,,,,,312519.919,5809694.51,,1,1
1968,1968,,,,,327557.3174,5809592.724,,1,1
1969,1969,,,,,327748.5064,5808661.984,,1,1
1970,1970,,,,,320906.2599,5808255.698,,1,1
1971,1971,,,,,325023.5731,5808163.252,,1,1
1972,1972,,,,,325833.9527,5808124.433,,1,1
1973,1973,,,,,321619.5562,5808290.816,,1,1
1974,1974,,,,,326627.6358,5808270.919,,1,1
1975,1975,,,,,315379.3321,5808250.577,,1,1
1976,1976,,,,,321944.9416,5808087.428,,1,1
1977,1977,,,,,322204.5558,5808186.413,,1,1
1978,1978,,,,,315044.2962,5808150.799,,1,1
1979,1979,,,,,314664.2551,5807906.495,,1,1
1980,1980,,,,,317390.4092,5818019.029,,1,1
1981,1981,,,,,321356.0612,5813418.063,,1,1
1982,1982,,,,,324901.9362,5815851.53,,1,1
1983,1983,,,,,320077.3112,5812963.463,,1,1
1984,1984,,,,,323874.0612,5815679.063,,1,1
1985,1985,,,,,324317.0612,5815831.063,,1,1
1986,1986,,,,,322745.0612,5815323.063,,1,1
1987,1987,,,,,321326.0612,5815618.063,,1,1
1988,1988,,,,,321887.0612,5815013.063,,1,1
1989,1989,,,,,322466.0612,5814984.063,,1,1
1990,1990,,,,,322700.0612,5814855.063,,1,1
1991,1991,,,,,323922.0612,5814186.063,,1,1
1992,1992,,,,,321798.0612,5814099.063,,1,1
1993,1993,,,,,321076.0612,5812861.063,,1,1
1994,1994,,,,,322628.0612,5814154.063,,1,1
1995,1995,,,,,323644.0612,5812994.063,,1,1
1996,1996,,,,,324367.0612,5812921.063,,1,1
1997,1997,,,,,325089.0612,5812919.063,,1,1
1998,1998,,,,,323584.0612,5811200.063,,1,1
1999,1999,,,,,324829.0612,5811337.063,,1,1
2000,2000,,,,,321570.0612,5812817.063,,1,1
2001,2001,,,,,318042.0612,5815097.063,,1,1
2002,2002,,,,,317318.0612,5815581.063,,1,1
2003,2003,,,,,318244.0612,5816014.063,,1,1
2004,2004,,,,,317736.0612,5816154.063,,1,1
2005,2005,,,,,317314.0612,5816214.063,,1,1
2006,2006,,,,,316106.0612,5817159.063,,1,1
2007,2007,,,,,316730.0612,5816874.063,,1,1
2008,2008,,,,,316051.1355,5817651.299,,1,1
2009,2009,,,,,318022.0612,5816866.063,,1,1
2010,2010,,,,,317819.0612,5817634.063,,1,1
2011,2011,,,,,314673.0612,5815730.063,,1,1
2012,2012,,,,,315173.0612,5813268.063,,1,1
2013,2013,,,,,314312.0612,5813244.063,,1,1
2014,2014,,,,,314156.0612,5813827.063,,1,1
2015,2015,,,,,313490.4049,5812503.31,,1,1
2016,2016,,,,,313831.7799,5812628.368,,1,1
2017,2017,,,,,314182.0612,5809534.063,,1,1
2018,2018,,,,,320951.0612,5812534.063,,1,1
2019,2019,,,,,313750.0612,5814292.063,,1,1
2020,2020,,,,,313784.0612,5814586.063,,1,1
2021,2021,,,,,313833.0612,5815105.063,,1,1
2022,2022,,,,,314379.0612,5814799.063,,1,1
2023,2023,,,,,314561.2715,5808894.532,,1,1
2024,2024,,,,,320736.0612,5812461.063,,1,1
2025,2025,,,,,322510.0612,5808712.063,,1,1
2026,2026,,,,,322918.0612,5809163.063,,1,1
2027,2027,,,,,323867.0612,5808954.063,,1,1
2028,2028,,,,,324689.0612,5808823.063,,1,1
2029,2029,,,,,324591.0612,5809275.063,,1,1
2030,2030,,,,,324100.0612,5809365.063,,1,1
2031,2031,,,,,323083.0612,5810773.063,,1,1
2032,2032,,,,,324247.8427,5810219.225,,1,1
2033,2033,,,,,322608.0612,5809861.063,,1,1
2034,2034,,,,,325558.0612,5810461.063,,1,1
2035,2035,,,,,325704.0612,5809397.063,,1,1
2036,2036,,,,,325525.0612,5808708.063,,1,1
2037,2037,,,,,321160.0612,5812646.063,,1,1
2038,2038,,,,,326362.0612,5809305.063,,1,1
2039,2039,,,,,327168.3897,5809904.704,,1,1
2040,2040,,,,,320633.0612,5808852.063,,1,1
2041,2041,,,,,320115.3112,5809048.7,,1,1
2042,2042,,,,,319979.8112,5809574.335,,1,1
2043,2043,,,,,320459.2487,5810612.313,,1,1
2044,2044,,,,,318819.0612,5810218.063,,1,1
2045,2045,,,,,318004.0612,5810142.063,,1,1
2046,2046,,,,,317359.0612,5810254.063,,1,1
2047,2047,,,,,318940.0612,5814983.063,,1,1
2048,2048,,,,,319717.7174,5814154.493,,1,1
2049,2049,,,,,321717.0612,5816198.063,,1,1
2050,2050,,,,,320157.0612,5813867.063,,1,1
2051,2051,,,,,320456.0612,5813821.063,,1,1
2052,2052,,,,,321460.8424,5815001.89,,1,1
2053,2053,,,,,322952.0612,5816280.063,,1,1
2054,2054,,,,,323308.0612,5816102.063,,1,1
2055,2055,,,,,322201.0612,5815620.063,,1,1
2056,2056,,,,,322227.0612,5814246.063,,1,1
2057,2057,,,,,322397.0612,5814258.063,,1,1
2058,2058,,,,,323178.0612,5815547.063,,1,1
2059,2059,,,,,323062.0612,5814656.063,,1,1
2060,2060,,,,,322836.0612,5813816.063,,1,1
2061,2061,,,,,323730.9362,5813458.46,,1,1
2062,2062,,,,,323521.0612,5812078.063,,1,1
2063,2063,,,,,324332.0612,5811979.063,,1,1
2064,2064,,,,,325046.0612,5811880.063,,1,1
2065,2065,,,,,323852.2159,5811218.189,,1,1
2066,2066,,,,,325056.0612,5813537.063,,1,1
2067,2067,,,,,325914.0612,5812614.063,,1,1
2068,2068,,,,,325715.0612,5811934.063,,1,1
2069,2069,,,,,326648.0612,5811758.063,,1,1
2070,2070,,,,,326744.0612,5812539.063,,1,1
2071,2071,,,,,326713.0612,5813630.063,,1,1
2072,2072,,,,,326619.0612,5814036.063,,1,1
2073,2073,,,,,320428.0612,5812608.063,,1,1
2074,2074,,,,,318945.0612,5813680.063,,1,1
2075,2075,,,,,323648.0612,5814727.063,,1,1
2076,2076,,,,,321100.0612,5817110.063,,1,1
2077,2077,,,,,314259.0612,5810161.063,,1,1
2078,2078,,,,,323570.9534,5818139.234,,1,1
2079,2079,,,,,323457.0612,5817230.063,,1,1
2080,2080,,,,,324678.0612,5816573.063,,1,1
2081,2081,,,,,324294.4588,5817381.986,,1,1
2082,2082,,,,,324534.265,5817623.384,,1,1
2083,2083,,,,,325720.0612,5816621.063,,1,1
2084,2084,,,,,326331.4788,5816722.136,,1,1
2085,2085,,,,,326371.0903,5817347.024,,1,1
2086,2086,,,,,320181.0612,5812538.063,,1,1
2087,2087,,,,,314074.2279,5817904.969,,1,1
2088,2088,,,,,320511.0612,5812391.063,,1,1
2089,2089,,,,,314563.0612,5816519.063,,1,1
2090,2090,,,,,313899.0612,5815746.063,,1,1
2091,2091,,,,,320883.0612,5812357.063,,1,1
2092,2092,,,,,315864.0612,5814557.063,,1,1
2093,2093,,,,,314401.0612,5814677.063,,1,1
2094,2094,,,,,314880.5299,5814886.418,,1,1
2095,2095,,,,,315309.0612,5814722.063,,1,1
2096,2096,,,,,314766.0612,5814487.063,,1,1
2097,2097,,,,,315566.0612,5814506.063,,1,1
2098,2098,,,,,315285.0612,5814450.063,,1,1
2099,2099,,,,,315880.0612,5813924.063,,1,1
2100,2100,,,,,320907.0612,5813294.063,,1,1
2101,2101,,,,,320257.0612,5812302.063,,1,1
2102,2102,,,,,314280.0612,5814136.063,,1,1
2103,2103,,,,,314763.0612,5814167.063,,1,1
2104,2104,,,,,314823.5612,5813775.52,,1,1
2105,2105,,,,,314762.0612,5812980.063,,1,1
2106,2106,,,,,313397.0612,5813357.063,,1,1
2107,2107,,,,,314212.0612,5812193.063,,1,1
2108,2108,,,,,319105.0612,5816694.063,,1,1
2109,2109,,,,,316843.0612,5816120.063,,1,1
2110,2110,,,,,317388.0612,5816951.063,,1,1
2111,2111,,,,,319529.0612,5816130.063,,1,1
2112,2112,,,,,315687.4385,5816601.626,,1,1
2113,2113,,,,,318272.0612,5816339.063,,1,1
2114,2114,,,,,317311.0612,5815911.063,,1,1
2115,2115,,,,,318739.5924,5815183.842,,1,1
2116,2116,,,,,320720.0612,5815744.063,,1,1
2117,2117,,,,,316432.0612,5815546.063,,1,1
2118,2118,,,,,318538.0612,5814604.063,,1,1
2119,2119,,,,,320533.0612,5815054.063,,1,1
2120,2120,,,,,319271.0612,5814338.063,,1,1
2121,2121,,,,,317565.0612,5815324.063,,1,1
2122,2122,,,,,317990.0612,5815428.063,,1,1
2123,2123,,,,,318443.0612,5815251.063,,1,1
2124,2124,,,,,317540.5619,5814731.869,,1,1
2125,2125,,,,,318016.5562,5814686.122,,1,1
2126,2126,,,,,318871.0612,5814704.063,,1,1
2127,2127,,,,,318683.0612,5814192.063,,1,1
2128,2128,,,,,319226.0612,5813966.063,,1,1
2129,2129,,,,,319310.0612,5814690.063,,1,1
2130,2130,,,,,319759.0612,5813921.063,,1,1
2131,2131,,,,,319926.0612,5814276.063,,1,1
2132,2132,,,,,320037.0612,5814536.063,,1,1
2133,2133,,,,,319714.0612,5814488.063,,1,1
2134,2134,,,,,319597.0612,5814928.063,,1,1
2135,2135,,,,,319657.0612,5815463.063,,1,1
2136,2136,,,,,320168.0612,5816023.063,,1,1
2137,2137,,,,,320590.0612,5814600.063,,1,1
2138,2138,,,,,320363.0612,5814618.063,,1,1
2139,2139,,,,,320597.0612,5813820.063,,1,1
2140,2140,,,,,320610.0612,5814033.063,,1,1
2141,2141,,,,,320420.0612,5814044.063,,1,1
2142,2142,,,,,320634.0612,5814264.063,,1,1
2143,2143,,,,,320388.0612,5814285.063,,1,1
2144,2144,,,,,320130.0612,5814074.063,,1,1
2145,2145,,,,,321090.0612,5813991.063,,1,1
2146,2146,,,,,322219.0612,5813065.063,,1,1
2147,2147,,,,,319244.77,5813360.296,,1,1
2148,2148,,,,,319587.0612,5813417.063,,1,1
2149,2149,,,,,319917.0612,5813248.063,,1,1
2150,2150,,,,,320890.7487,5814559.29,,1,1
2151,2151,,,,,320390.0612,5813353.063,,1,1
2152,2152,,,,,320177.0612,5813273.063,,1,1
2153,2153,,,,,319970.0612,5813662.063,,1,1
2154,2154,,,,,321099.0612,5813573.063,,1,1
2155,2155,,,,,320581.0612,5813627.063,,1,1
2156,2156,,,,,320152.1237,5812737.075,,1,1
2157,2157,,,,,320291.2174,5813073.639,,1,1
2158,2158,,,,,320472.0612,5813126.063,,1,1
2159,2159,,,,,320645.0612,5812688.063,,1,1
2160,2160,,,,,320863.0612,5812775.063,,1,1
2161,2161,,,,,320764.0612,5812988.063,,1,1
2162,2162,,,,,321242.0612,5812407.063,,1,1
2163,2163,,,,,321971.0924,5812553.558,,1,1
2164,2164,,,,,321099.0612,5811951.063,,1,1
2165,2165,,,,,320330.0612,5811868.063,,1,1
2166,2166,,,,,320642.0612,5811924.063,,1,1
2167,2167,,,,,320627.0612,5811623.063,,1,1
2168,2168,,,,,320407.0612,5811517.063,,1,1
2169,2169,,,,,320896.0612,5811207.063,,1,1
2170,2170,,,,,321027.0612,5811115.063,,1,1
2171,2171,,,,,320977.0612,5810766.063,,1,1
2172,2172,,,,,321265.0612,5810915.063,,1,1
2173,2173,,,,,321397.0612,5810713.063,,1,1
2174,2174,,,,,321615.0612,5810591.063,,1,1
2175,2175,,,,,321937.0612,5810560.063,,1,1
2176,2176,,,,,322741.0612,5810931.063,,1,1
2177,2177,,,,,323291.0612,5811288.063,,1,1
2178,2178,,,,,323076.0612,5811459.063,,1,1
2179,2179,,,,,323080.0612,5810398.063,,1,1
2180,2180,,,,,323867.0612,5810401.063,,1,1
2181,2181,,,,,323554.0612,5810607.063,,1,1
2182,2182,,,,,323341.0612,5810612.063,,1,1
2183,2183,,,,,323781.0612,5809949.063,,1,1
2184,2184,,,,,323716.0612,5809504.063,,1,1
2185,2185,,,,,323404.0612,5809767.063,,1,1
2186,2186,,,,,322986.0612,5809580.063,,1,1
2187,2187,,,,,323334.0612,5809142.063,,1,1
2188,2188,,,,,323298.0612,5808893.063,,1,1
2189,2189,,,,,322501.0612,5809311.063,,1,1
2190,2190,,,,,322374.1862,5809199.485,,1,1
2191,2191,,,,,321959.0612,5809726.063,,1,1
2192,2192,,,,,322083.0612,5809367.063,,1,1
2193,2193,,,,,322024.0612,5810115.063,,1,1
2194,2194,,,,,322154.1862,5809657.097,,1,1
2195,2195,,,,,322287.0612,5808670.063,,1,1
2196,2196,,,,,323467.0612,5810290.063,,1,1
2197,2197,,,,,321487.5924,5814500.196,,1,1
2198,2198,,,,,322188.0612,5809001.063,,1,1
2199,2199,,,,,319987.0612,5814872.063,,1,1
2200,2200,,,,,321204.0612,5813369.063,,1,1
2201,2201,,,,,317759.8865,5814719.365,,1,1
2202,2202,,,,,318192.0612,5814300.063,,1,1
2203,2203,,,,,318668.0612,5817722.063,,1,1
2204,2204,,,,,317042.0612,5813917.063,,1,1
2205,2205,,,,,320837.0612,5814007.063,,1,1
2206,2206,,,,,321422.0612,5813996.063,,1,1
2207,2207,,,,,318782.76,5813188.84,,1,1
2208,2208,,,,,319517.0612,5813629.063,,1,1
2209,2209,,,,,324319.0649,5818074.976,,1,1
2210,2210,,,,,324223.0612,5816893.063,,1,1
2211,2211,,,,,325780.0612,5817374.063,,1,1
2212,2212,,,,,326799.0612,5816854.063,,1,1
2213,2213,,,,,319768.0612,5813652.063,,1,1
2214,2214,,,,,325330.4688,5816694.277,,1,1
2215,2215,,,,,324364.0612,5816376.063,,1,1
2216,2216,,,,,320248.0612,5813568.063,,1,1
2217,2217,,,,,321438.0612,5813287.063,,1,1
2218,2218,,,,,320738.0612,5813489.063,,1,1
2219,2219,,,,,319705.9049,5813135.114,,1,1
2220,2220,,,,,321835.0612,5813245.063,,1,1
2221,2221,,,,,322687.0612,5813026.063,,1,1
2222,2222,,,,,318693.7368,5813055.581,,1,1
2223,2223,,,,,319766.0612,5812412.063,,1,1
2224,2224,,,,,318563.0612,5812231.063,,1,1
2225,2225,,,,,322270.0612,5812010.063,,1,1
2226,2226,,,,,322618.0612,5812340.063,,1,1
2227,2227,,,,,320669.0612,5813180.063,,1,1
2228,2228,,,,,320365.0612,5812089.063,,1,1
2229,2229,,,,,322050.0612,5811464.063,,1,1
2230,2230,,,,,316591.0612,5811571.063,,1,1
2231,2231,,,,,325621.0612,5812731.063,,1,1
2232,2232,,,,,326179.0612,5811840.063,,1,1
2233,2233,,,,,317542.0612,5811701.063,,1,1
2234,2234,,,,,326481.0612,5810954.063,,1,1
2235,2235,,,,,326236.0612,5815012.063,,1,1
2236,2236,,,,,320933.0612,5812136.063,,1,1
2237,2237,,,,,325616.0612,5814026.063,,1,1
2238,2238,,,,,326234.0612,5813185.063,,1,1
2239,2239,,,,,319103.0612,5811832.063,,1,1
2240,2240,,,,,320090.0612,5811564.063,,1,1
2241,2241,,,,,320952.0612,5811654.063,,1,1
2242,2242,,,,,321288.0612,5811711.063,,1,1
2243,2243,,,,,321298.0612,5811423.063,,1,1
2244,2244,,,,,320551.0612,5812910.063,,1,1
2245,2245,,,,,320883.0612,5811349.063,,1,1
2246,2246,,,,,321267.0612,5811122.063,,1,1
2247,2247,,,,,316342.5244,5810191.854,,1,1
2248,2248,,,,,322496.0612,5810481.063,,1,1
2249,2249,,,,,322469.0612,5808990.063,,1,1
2250,2250,,,,,320992.0612,5813077.063,,1,1
2251,2251,,,,,318168.0612,5811165.063,,1,1
2252,2252,,,,,319729.0612,5810980.063,,1,1
2253,2253,,,,,320347.0299,5810913.954,,1,1
2254,2254,,,,,316713.4744,5810443.103,,1,1
2255,2255,,,,,320847.0612,5810357.063,,1,1
2256,2256,,,,,321294.0612,5813138.063,,1,1
2257,2257,,,,,318640.0612,5810587.063,,1,1
2258,2258,,,,,319160.0612,5810056.063,,1,1
2259,2259,,,,,326541.0612,5810083.063,,1,1
2260,2260,,,,,321041.9982,5809915.565,,1,1
2261,2261,,,,,319832.0612,5810230.063,,1,1
2262,2262,,,,,321831.0612,5810129.063,,1,1
2263,2263,,,,,319398.0612,5809442.063,,1,1
2264,2264,,,,,323033.0612,5809971.063,,1,1
2265,2265,,,,,324611.0612,5810764.063,,1,1
2266,2266,,,,,324118.0612,5809807.063,,1,1
2267,2267,,,,,321267.0612,5812973.063,,1,1
2268,2268,,,,,323370.0612,5809488.063,,1,1
2269,2269,,,,,324796.0612,5809521.063,,1,1
2270,2270,,,,,322511.0612,5816888.063,,1,1
2271,2271,,,,,321065.8828,5816673.84,,1,1
2272,2272,,,,,326460.8319,5816552.098,,1,1
2273,2273,,,,,322117.0612,5816290.435,,1,1
2274,2274,,,,,322740.0612,5815788.063,,1,1
2275,2275,,,,,314667.7315,5807918.687,,1,1
2276,2276,,,,,315063.4185,5808152.757,,1,1
2277,2277,,,,,327714.4509,5815566.123,,1,1
2278,2278,,,,,317134.6734,5818066.837,,1,1
2279,2279,,,,,317382.7419,5818003.562,,1,1
2280,2280,,,,,327749.1534,5808666.437,,1,1
2281,2281,,,,,327769.9129,5810768.86,,1,1
2282,2282,,,,,327825.9026,5811264.889,,1,1
2283,2283,,,,,327057.1334,5808215.942,,1,1
2284,2284,,,,,326633.6141,5808270.409,,1,1
2285,2285,,,,,326166.469,5808291.454,,1,1
2286,2286,,,,,325859.2931,5808137.008,,1,1
2287,2287,,,,,321639.9016,5808304.501,,1,1
2288,2288,,,,,320922.8777,5808263.365,,1,1
2289,2289,,,,,319344.5706,5818024.231,,1,1
2290,2290,,,,,321424.1388,5818143.966,,1,1
2291,2291,,,,,322098.8101,5818066.894,,1,1
2292,2292,,,,,320497.9289,5818141.142,,1,1
2293,2293,,,,,321975.6093,5808088.384,,1,1
2294,2294,,,,,322217.545,5808189.382,,1,1
2295,2295,,,,,327475.2577,5817479.808,,1,1
2296,2296,,,,,327767.0612,5815631.063,,1,1
2297,2297,,,,,322832.4667,5818015.915,,1,1
2298,2298,,,,,323775.0707,5818121.302,,1,1
2299,2299,,,,,318880.2044,5818285.925,,1,1
2300,2300,,,,,324883.3638,5818108.86,,1,1
2301,2301,,,,,318329.3205,5818321.532,,1,1
2302,2302,,,,,312667.7511,5817614.67,,1,1
2303,2303,,,,,325606.0791,5818146.39,,1,1
2304,2304,,,,,326225.084,5818074.432,,1,1
2305,2305,,,,,315504.6129,5817735.974,,1,1
2306,2306,,,,,317246.0153,5818025.122,,1,1
2307,2307,,,,,312441.9649,5816280.712,,1,1
2308,2308,,,,,312629.8337,5815994.738,,1,1
2309,2309,,,,,327572.3377,5814827.271,,1,1
2310,2310,,,,,327711.2603,5814093.55,,1,1
2311,2311,,,,,327662.4399,5814296.065,,1,1
2312,2312,,,,,327678.2444,5813662.552,,1,1
2313,2313,,,,,327691.2719,5813395.548,,1,1
2314,2314,,,,,312420.9304,5813059.277,,1,1
2315,2315,,,,,321183.8886,5808260.314,,1,1
2316,2316,,,,,312683.8903,5814589.573,,1,1
2317,2317,,,,,312500.2001,5815025.052,,1,1
2318,2318,,,,,312580.4302,5814172.399,,1,1
2319,2319,,,,,312462.2143,5816229.108,,1,1
2320,2320,,,,,327608.2337,5812883.275,,1,1
2321,2321,,,,,322603.1161,5808313.989,,1,1
2322,2322,,,,,312429.0171,5812958.098,,1,1
2323,2323,,,,,312353.2745,5812160.308,,1,1
2324,2324,,,,,327587.3108,5812000.355,,1,1
2325,2325,,,,,312612.9007,5811531.814,,1,1
2326,2326,,,,,312510.9977,5809678.473,,1,1
2327,2327,,,,,327567.6289,5809612.098,,1,1
2328,2328,,,,,323420.0373,5808296.824,,1,1
2329,2329,,,,,324217.5485,5808284.869,,1,1
2330,2330,,,,,315400.8015,5808252.111,,1,1
2331,2331,,,,,322498.8642,5808319.208,,1,1
2332,2332,,,,,327581.9395,5810035.982,,1,1
2333,2333,,,,,325028.0375,5808162.687,,1,1
2334,2334,,,,,322364.1852,5808226.116,,1,1
2335,2335,,,,,312575.4033,5810506.865,,1,1
2336,2336,,,,,312932.0689,5817629.536000001,,1,1
2337,2337,,,,,312661.2794,5816453.353333334,,1,1
2338,2338,,,,,323432.2769,5815552.674,,1,1
2339,2339,,,,,323426.2648,5815553.747,,1,1
2340,2340,,,,,313374.8521,5810296.718,,1,1
2341,2341,Melbourne Cricket Ground,,,,322479.25011901103,5812391.582774615,,1,1
2342,2342,AAMI Park,,,,322625.96169486595,5811897.965339901,,1,1
2343,2343,Rod Laver Arena,,,,322089.4628589929,5812240.139649849,,1,1
2344,2344,Margaret Court Arena,,,,322028.53204200504,5812261.402295203,,1,1
2345,2345,John Cain Arena,,,,322417.2649517286,5812111.739862753,,1,1
2346,2346,Marvel Stadium,,,,319336.3953620228,5812578.019917993,,1,1
2347,2347,Queen Victoria Market,,,,320140.1976058347,5813743.12293561,,1,1
2348,2348,St Kilda Beach,,,,321785.24825832795,5806940.190962315,,1,1
