node_id,x_coord,y_coord,name
1,315981.0612,5810552.063,
2,315810.0612,5810563.063,
3,315979.0612,5810574.063,
4,316127.0612,5810590.063,
5,317903.3002,5811199.09,
6,317820.0612,5811120.063,
7,318014.6266,5810884.412,
8,323015.0612,5815055.063,
9,323021.0258,5815093.171,
10,323287.0612,5814971.063,
11,314220.2715,5808702.8,
12,314568.0924,5808658.276,
13,314158.0612,5808813.063,
14,314769.0621,5808636.026,
15,314524.3152,5809076.603,
16,315054.9062,5808597.144,
17,312875.0612,5812102.063,
18,313426.8868,5812878.968,
19,313368.0612,5812510.063,
20,313060.0612,5812929.063,
21,313687.969,5812843.098,
22,313364.5002,5812466.426,
23,313645.7441,5812526.718,
24,313638.3737,5812576.153,
25,314049.0873,5812463.105,
26,313633.8917,5812433.217,
27,314848.6617,5813499.864,
28,314874.0328,5813660.05,
29,314403.2139,5813545.16,
30,313794.21,5813624.766,
31,313806.879,5813760.358,
32,314283.9894,5813555.997,
33,313740.0612,5813254.063,
34,314427.0532,5813716.049,
35,313939.0612,5813768.063,
36,314454.041,5813921.094,
37,313823.7648,5813862.667,
38,313833.3872,5813957.925,
39,327708.39454999997,5815562.911,
40,327404.773725,5815322.513,
41,327101.1529,5815082.115,
42,317149.1065,5817388.081,
43,316359.3405,5816484.293,
44,316401.0765,5816889.062,
45,316476.2731,5816336.864,
46,316258.2558,5816613.672,
47,316465.8109,5817463.839,
48,317025.8699,5816282.281,
49,316968.8248,5815733.789,
50,317062.2435,5816564.815,
51,316993.0612,5815975.063,
52,317906.895,5816482.284,
53,317244.1549,5816544.116,
54,317684.0612,5816834.063,
55,317934.0794,5816442.059,
56,317386.57555,5818011.2955,
57,313770.853,5816978.35,
58,314231.4135,5816899.421,
59,313388.8249,5817028.564,
60,313710.0612,5816465.063,
61,313792.6245,5817154.253,
62,312929.0612,5815855.063,
63,313497.1638,5814753.367,
64,313119.0612,5814966.063,
65,313773.0612,5814719.063,
66,313598.0533,5815529.099,
67,313465.2003,5814502.16,
68,314097.8676,5814685.291,
69,314119.0612,5814851.063,
70,314071.0674,5814437.074,
71,312708.7747,5815010.276000001,
72,317856.2777,5815653.662,
73,317927.0612,5815656.063,
74,317311.3362,5815712.675,
75,317895.17854999995,5816047.8605,
76,314693.0597,5812723.051,
77,314283.4363,5812769.348,
78,314900.0827,5812698.04,
79,323361.6398,5815050.63,
80,323343.0612,5815072.063,
81,323366.0612,5815081.063,
82,323196.0612,5815088.063,
83,323174.0612,5815079.063,
84,323167.0612,5815063.063,
85,323180.0612,5815042.063,
86,323215.2526,5815028.816,
87,325401.27,5809005.633,
88,325483.0612,5809625.063,
89,325487.3668,5808993.665,
90,325290.9549,5809019.376,
91,325477.0612,5809660.063,
92,324633.2298,5809120.548,
93,324683.98665,5809539.533,
94,324876.81715,5809084.085000001,
95,324315.6391,5809159.759,
96,324734.7435,5809958.518,
97,324425.637,5809995.747,
98,324960.2754,5809931.805,
99,323860.2139,5809233.502,
100,323905.0577,5809610.064,
101,324071.9437,5809195.323,
102,323568.9328,5809270.325,
103,323736.2174,5808687.533,
104,323609.13375000004,5808829.7585,
105,323457.9598,5808725.689,
106,323912.9457,5808656.322,
107,323482.0501,5808971.984,
108,322674.3212,5809097.709,
109,323076.0639,5809034.081,
110,322686.5924,5809203.885,
111,322646.968,5808839.719,
112,323279.05700000003,5809003.032500001,
113,323513.0702,5809282.603,
114,325009.8937,5810350.373,
115,324865.0612,5810371.063,
116,325034.0612,5810521.063,
117,325342.1136,5810861.336,
118,325298.0612,5810894.063,
119,325410.0612,5810844.063,
120,325235.2938,5809897.656,
121,325704.5026,5810550.857,
122,325716.0612,5810488.063,
123,325667.0612,5810615.063,
124,325647.2197,5809844.619,
125,325805.7497,5809824.397,
126,325375.963,5809879.32,
127,320724.6442,5808557.946,
128,320880.0612,5808794.063,
129,320475.0612,5808702.063,
130,320932.0612,5808425.063,
131,320293.0795,5809165.061,
132,319477.5324,5809109.261,
133,319324.0252,5809193.497,
134,319624.1523,5809335.709,
135,319756.8096,5808951.922,
136,319933.98795,5809711.621,
137,320117.9208,5809891.171,
138,319750.0551,5809532.071,
139,320332.9914,5809976.243,
140,320190.164,5810343.832,
141,320430.1843,5809732.121,
142,319309.0918,5809842.05,
143,319502.2192,5810386.573,
144,318935.9599,5810103.434,
145,319233.6044,5809613.259,
146,319070.1842,5810296.301,
147,318850.0612,5810441.063,
148,319002.4674,5810202.632,
149,319200.0612,5810473.063,
150,318587.3953,5810785.264,
151,318714.0776,5810617.076,
152,319100.6005,5810916.5,
153,318081.6396,5810650.358,
154,326577.7428,5809715.609,
155,326519.0612,5809264.063,
156,326322.6137,5809752.903,
157,326798.0025,5809691.649,
158,326468.2293,5808856.494,
159,326224.7703,5808882.623,
160,326684.0339,5808819.712,
161,326212.0612,5808772.063,
162,325925.0538,5808930.66,
163,325867.9497,5808370.123,
164,327107.794,5808755.551,
165,327080.0612,5808470.063,
166,327000.9541,5808772.321,
167,324487.1867,5810415.813,
168,324496.0612,5810500.063,
169,324454.6891,5810227.11,
170,326730.7483,5811401.514,
171,326667.0612,5810883.063,
172,326579.1956,5811419.938,
173,326997.0022,5811367.707,
174,327361.1995,5810806.185,
175,326935.039,5810856.035,
176,326908.0612,5810615.063,
177,326857.0612,5810177.063,
178,327423.7473,5811311.533,
179,324331.9055,5812676.987,
180,323927.0583,5812727.105,
181,324460.0612,5812664.063,
182,324290.0488,5812386.699,
183,323199.7579,5811710.535,
184,323169.0612,5811449.063,
185,322995.0469,5811737.946,
186,323397.2385,5811687.637,
187,323729.0227,5811111.306,
188,323487.0612,5811140.063,
189,323753.9624,5811266.076,
190,323702.524,5810776.232,
191,323134.0612,5811186.063,
192,326832.9454,5814827.894,
193,326796.0612,5814601.063,
194,326967.04915,5814955.0045,
195,326582.8059,5814630.428,
196,326700.5112,5813825.567,
197,327085.0735,5814007.586,
198,326711.0612,5813936.063,
199,326635.1731,5813788.25,
200,327055.9789,5813735.722,
201,327315.0093,5814115.607,
202,327023.2077,5813486.176,
203,326845.576,5813761.986,
204,327261.2703,5813713.571,
205,326887.0612,5813505.063,
206,327261.075,5813455.036,
207,327377.4122,5812908.783,
208,327083.0112,5812048.67,
209,324257.5881,5808605.717,
210,323113.9682,5809338.323,
211,323353.9542,5809308.321,
212,322891.9579,5809366.321,
213,325088.8077,5808759.992,
214,325120.4045,5809047.622,
215,325066.3221,5808486.714,
216,325467.1359,5808428.4185,
217,325867.9497,5808370.123,
218,325066.3221,5808486.714,
219,326737.0612,5809242.063,
220,326773.5612,5809489.743,
221,326654.0612,5808545.063,
222,325897.0612,5808650.063,
223,325182.8042,5809515.961,
224,325236.1824,5809878.13,
225,324379.2899,5809648.169,
226,324329.2856,5809295.279,
227,321198.0612,5808677.063,
228,320842.3925,5809057.336,
229,320628.5343333333,5808430.790333333,
230,320056.4654,5808773.308,
231,322249.0612,5809152.063,
232,322171.7799,5809404.09,
233,322332.9536,5808882.438,
234,323917.0612,5813172.063,
235,323984.0656,5813182.059,
236,323576.9135,5813216.946,
237,323452.0612,5812167.063,
238,323486.055,5812475.698,
239,324268.0612,5812215.063,
240,324193.2574,5811591.65,
241,323848.0612,5812081.063,
242,323887.0582,5812429.695,
243,323798.0071,5811639.685,
244,324652.0612,5811984.063,
245,324695.0218,5812346.659,
246,324603.985,5811543.711,
247,323048.0612,5812217.063,
248,323081.2243,5812526.546,
249,323009.6769,5811905.631,
250,327362.2658,5814138.36,
251,326670.0612,5812597.063,
252,326356.2562,5812634.799,
253,327144.9655,5812534.208,
254,319393.0589,5817409.073,
255,319831.0612,5817350.063,
256,319430.7806,5817704.863,
257,319086.9027,5817450.963,
258,319352.739,5817093.112,
259,320411.6792,5817274.267,
260,320409.8082,5817209.999,
261,320450.4114,5817575.023,
262,319312.3093,5817724.265,
263,318906.7326,5817773.783,
264,318495.1827,5817201.629,
265,318333.0279,5817252.851,
266,319041.1255,5817133.049,
267,320380.9971,5816957.131,
268,321012.9478,5817510.959,
269,320989.0612,5817278.063,
270,321343.0897,5817472.081,
271,320940.3402,5816890.282,
272,321402.0612,5817972.063,
273,321378.0612,5817743.063,
274,322086.965,5817941.745,
275,322058.8069,5817691.983,
276,320483.8069,5817879.983,
277,322024.5419,5817394.243,
278,327121.7778,5817033.304,
279,326918.77215,5816874.6215,
280,323027.98955,5817545.252,
281,322966.9973,5817110.538,
282,323088.9818,5817979.966,
283,324738.0612,5816353.063,
284,324749.9008,5816432.981,
285,324731.2314,5816280.454,
286,325441.0612,5816631.063,
287,325459.9781,5816785.071,
288,325412.4905,5816374.818,
289,325849.0612,5816862.063,
290,326083.029,5816871.036,
291,325466.1022,5816868.079,
292,325815.2541,5816478.339,
293,326081.1355,5816549.565,
294,326715.7665,5816715.939,
295,326679.3426,5816859.179500001,
296,326715.7665,5816715.939,
297,324161.0669,5817015.857,
298,323645.0993,5817087.05,
299,324782.0668,5816941.051,
300,323610.0612,5816803.063,
301,323582.8285,5816592.964,
302,325512.0612,5817245.063,
303,325557.0715,5817672.095,
304,325752.0612,5817654.063,
305,326169.0656,5817598.084,
306,324863.0738,5817750.077,
307,317454.0612,5817395.063,
308,317416.181,5817380.107,
309,317841.19015000004,5817343.3185,
310,317282.64375,5817384.0940000005,
311,317500.0612,5817174.063,
312,322227.0612,5808851.063,
313,322136.3507,5808822.415,
314,322329.0612,5808525.063,
315,322438.9002,5808546.852,
316,322230.7236,5808511.797,
317,322383.346,5808716.838,
318,325106.0096,5813213.692,
319,324808.7423,5813238.55,
320,325563.10505,5813146.648,
321,313515.0612,5811237.063,
322,313501.5195,5811376.141,
323,313543.4566,5811015.848,
324,323023.0612,5815122.063,
325,323198.2954,5815110.753,
326,323077.4139,5815079.651,
327,323166.2021,5815038.957,
328,323467.0612,5814971.063,
329,323200.0612,5815012.063,
330,323674.0612,5814934.063,
331,323411.9662,5814938.571,
332,323672.0612,5814954.063,
333,323720.8976,5815001.821,
334,323873.8769,5815011.33,
335,323418.0612,5815055.063,
336,323984.0612,5814984.063,
337,323825.2107,5814958.28,
338,324130.8921,5815073.584,
339,324341.0612,5815157.063,
340,325165.0612,5815506.063,
341,325366.0612,5815536.063,
342,325172.0612,5815469.063,
343,324961.0612,5815402.063,
344,326131.0612,5815510.063,
345,326336.0612,5815530.063,
346,325968.0612,5815525.063,
347,326107.0612,5815574.063,
348,326177.0612,5815624.063,
349,326199.0612,5815672.063,
350,326263.2009,5815639.0055,
351,326194.5625,5815706.681,
352,326331.8393,5815571.33,
353,325997.0612,5815453.063,
354,325781.9774,5815477.207,
355,326139.0612,5815473.063,
356,326127.0612,5815891.063,
357,326091.0612,5816154.063,
358,326160.81185,5815798.8719999995,
359,326086.09835,5816351.814,
360,326054.0612,5816641.063,
361,326068.5451,5816756.0495,
362,326619.0612,5815508.063,
363,326537.0612,5815461.063,
364,313420.0612,5814077.063,
365,313025.0565,5814123.02,
366,313471.8941,5814028.569,
367,315138.0612,5813869.063,
368,315020.1862,5813839.094,
369,315250.443,5813822.047,
370,314074.0612,5814009.063,
371,313926.3305,5814026.914,
372,314152.0612,5813974.063,
373,313811.0612,5813999.063,
374,313872.5479,5814034.237,
375,313905.1315,5814030.791,
376,313732.9186,5809552.477,
377,323647.0612,5810730.063,
378,323510.0612,5810781.063,
379,323647.0612,5810742.063,
380,323712.0612,5810731.063,
381,323314.0612,5810839.063,
382,322958.0612,5811196.063,
383,322883.0612,5811308.063,
384,322806.2296,5811400.009,
385,322949.0612,5811224.063,
386,322995.0612,5811170.063,
387,323109.0612,5811030.063,
388,323185.126,5810950.125,
389,322932.0612,5811002.063,
390,322887.8424,5810680.116,
391,322921.1575,5811070.025,
392,323120.0612,5810830.063,
393,323219.0612,5810757.063,
394,324153.0612,5810695.063,
395,324226.0612,5810660.063,
396,324080.0612,5810730.063,
397,324279.0612,5810628.063,
398,324343.0612,5810630.063,
399,323842.0612,5810649.063,
400,323754.0612,5810616.063,
401,323972.0612,5810677.063,
402,323697.9545,5810619.458,
403,324641.0612,5810926.063,
404,324557.7745,5810947.839,
405,324691.0612,5810889.063,
406,324727.0612,5810842.063,
407,324766.0612,5810763.063,
408,324820.0612,5810728.063,
409,324820.0612,5810728.063,
410,324891.0612,5810796.063,
411,324962.0612,5810864.063,
412,324974.0612,5810938.063,
413,324998.0612,5810971.063,
414,325058.0612,5811010.063,
415,325089.8902,5811021.849,
416,325145.0612,5811034.063,
417,325184.0612,5811034.063,
418,325219.0612,5811005.063,
419,325456.0612,5810813.063,
420,325494.0612,5810784.063,
421,325607.0612,5810670.063,
422,325552.0612,5810699.063,
423,325142.5122,5811481.6715,
424,325284.0612,5811467.063,
425,325000.9632,5811496.28,
426,325356.0612,5811460.063,
427,325498.2732,5811501.154,
428,325581.0612,5811535.063,
429,325710.0612,5811579.063,
430,325792.0612,5811593.063,
431,325929.0612,5811580.563,
432,326066.0612,5811568.063,
433,325356.0612,5811429.063,
434,325424.0612,5811412.063,
435,325256.0612,5811429.063,
436,325474.0612,5811432.063,
437,326268.0177,5811456.691,
438,326212.8334,5811514.445,
439,324141.974,5814422.825999999,
440,324369.9643,5814412.335,
441,323913.9837,5814433.317,
442,324503.656,5814341.433,
443,324435.7215,5814389.403,
444,324731.7015,5814208.406,
445,325523.8405,5813803.358,
446,325694.8206,5813778.951,
447,318621.0612,5815655.063,
448,318651.9537,5815726.655,
449,318611.0487,5815578.08,
450,318548.0612,5815827.063,
451,318519.7692,5815753.196,
452,318406.0612,5815540.063,
453,318524.0612,5815813.063,
454,318541.0612,5815869.063,
455,318356.0612,5815415.063,
456,318391.0612,5815551.063,
457,318473.0612,5815702.063,
458,318319.0293,5817694.951,
459,318290.0612,5817340.063,
460,318302.0413,5817714.179,
461,318303.0612,5817373.063,
462,318307.0612,5817126.063,
463,318355.0612,5816856.063,
464,318315.0612,5817004.063,
465,318371.0612,5816846.063,
466,318526.9586,5816501.128,
467,320823.5516,5809999.615,
468,320811.8064,5809882.839,
469,321016.7593,5810136.937,
470,320788.2218,5810083.913,
471,320800.0612,5809766.063,
472,320701.0612,5809752.063,
473,320685.0612,5809724.063,
474,320796.0612,5809540.063,
475,321056.0612,5809249.063,
476,321057.0612,5809195.063,
477,321039.0612,5809289.063,
478,321039.0612,5809143.063,
479,321610.0612,5808597.063,
480,321661.0612,5808575.063,
481,321748.0612,5808659.063,
482,321881.0612,5808483.063,
483,321774.0612,5808657.063,
484,322209.7455,5808546.059,
485,322182.0931,5808465.785,
486,322189.0612,5808631.063,
487,322158.0612,5808571.063,
488,321915.0332,5809035.492,
489,322050.8695,5809098.162,
490,321994.54720000003,5808942.2775,
491,321808.0612,5809121.063,
492,321973.0612,5809351.063,
493,322074.0612,5808849.063,
494,321379.0612,5810139.063,
495,321465.0612,5810086.063,
496,321269.0612,5810157.063,
497,321537.0612,5809864.063,
498,321512.0612,5809768.063,
499,321458.0612,5809696.063,
500,321426.0612,5809468.063,
501,321462.0612,5809321.063,
502,321697.0612,5809100.063,
503,321551.0612,5809203.063,
504,320628.0612,5809355.063,
505,320524.017,5809535.26,
506,315797.83655,5814839.249,
507,316116.0612,5814807.063,
508,315479.6119,5814871.435,
509,316311.7475,5814901.522,
510,316178.0612,5814825.063,
511,316649.0612,5815176.063,
512,316428.8103,5814161.345,
513,316116.0612,5814807.063,
514,314665.0612,5815327.063,
515,314796.0612,5815359.063,
516,314628.0612,5815259.063,
517,314927.0612,5815391.063,
518,315053.0612,5815388.063,
519,315160.9026,5815379.918,
520,315397.0612,5815493.063,
521,315471.0612,5815576.063,
522,315531.0612,5815785.063,
523,315564.0612,5816077.063,
524,316199.0612,5811834.063,
525,316589.36785000004,5811932.319,
526,316199.0612,5811834.063,
527,316155.0612,5811771.063,
528,316134.0612,5811693.063,
529,316200.0612,5811435.063,
530,316979.6745,5812030.575,
531,315352.0612,5810773.063,
532,315151.0612,5810921.063,
533,315534.0612,5810656.063,
534,315651.0612,5810602.063,
535,315359.0612,5810796.063,
536,315540.0612,5810677.063,
537,315655.0612,5810625.063,
538,320478.8815,5811323.634,
539,320711.0612,5811446.063,
540,323673.0612,5810779.063,
541,317809.0612,5811145.063,
542,317871.7559,5811213.705,
543,320889.0612,5811380.063,
544,320921.0612,5811328.063,
545,320468.9819,5811546.235,
546,320491.0612,5811570.063,
547,320467.8664,5811598.129,
548,320497.0612,5811491.063,
549,320296.035,5811344.089,
550,320869.0612,5811488.063,
551,320886.0612,5811523.063,
552,317889.0612,5811313.063,
553,320972.0612,5811333.063,
554,320996.4946,5811381.289,
555,317901.0612,5811604.063,
556,318001.0612,5811498.063,
557,320224.2603,5811276.915,
558,320327.0297,5811278.411,
559,320792.0612,5811444.063,
560,320851.0612,5811394.063,
561,320745.0612,5811457.063,
562,320802.0612,5811488.063,
563,321033.0725,5811553.021,
564,321198.1446,5811597.39,
565,321323.0612,5810383.063,
566,321197.0612,5810299.063,
567,321453.1871,5810536.657,
568,317851.0612,5811494.063,
569,317866.1586,5811702.063,
570,315811.0612,5810584.063,
571,320090.5911,5816129.76,
572,320034.1761,5816129.399,
573,320128.0612,5816458.063,
574,319838.3541,5816052.071,
575,316402.5465,5810697.771,
576,316533.1974,5810795.74,
577,316228.0612,5810811.063,
578,316252.7859,5810721.408,
579,316202.3379,5811344.725,
580,316380.0612,5810786.063,
581,316476.0612,5810861.063,
582,316715.0612,5811103.063,
583,316663.0612,5811075.063,
584,316815.4673,5811136.784,
585,321556.0612,5812605.063,
586,321615.0612,5812541.063,
587,321525.356,5812663.179,
588,321664.0612,5812499.063,
589,321756.0612,5812449.063,
590,321808.64055,5812392.0225,
591,321861.2199,5812334.982,
592,321874.0612,5812249.063,
593,321874.0612,5812135.063,
594,321882.0612,5812079.063,
595,321930.0612,5812016.063,
596,322014.0612,5811934.063,
597,324024.0612,5813535.063,
598,323886.0612,5813546.063,
599,324016.2096,5813471.969,
600,323895.0612,5813624.063,
601,323847.2086,5813662.382,
602,323622.1611,5813681.966,
603,323642.0688,5813883.064,
604,323589.2164,5813365.632,
605,323781.0612,5813762.063,
606,323749.0612,5813873.063,
607,322315.7450666667,5808318.389000001,
608,318047.0612,5812395.063,
609,318123.1901,5812718.146,
610,318059.0612,5812394.063,
611,318006.9081,5812203.843,
612,317995.0612,5812204.063,
613,317922.9442,5811872.299,
614,322211.0612,5811801.063,
615,322936.0612,5811687.063,
616,322106.0612,5811625.063,
617,321861.0612,5811658.063,
618,321586.0612,5811683.063,
619,321481.361,5811678.241,
620,323076.0612,5813393.063,
621,322675.4369,5813441.356,
622,323180.0581,5813397.754,
623,323270.0245,5813398.316,
624,322607.5973,5808524.68,
625,322600.9965,5808431.193,
626,322628.0612,5808686.063,
627,322593.1055,5815143.029,
628,316718.392,5814127.84,
629,313089.0612,5810453.063,
630,313660.643,5810140.373,
631,313013.3957,5811523.889,
632,314233.0612,5811449.063,
633,314423.0612,5811396.063,
634,314597.0612,5811319.063,
635,314422.0612,5811379.063,
636,314234.0612,5811430.063,
637,314036.1747,5811455.085,
638,320182.0612,5815244.063,
639,320046.0612,5815204.063,
640,320244.0058,5815241.18,
641,319997.5612,5815165.063,
642,319949.0612,5815126.063,
643,320302.0612,5815208.063,
644,320342.9232,5815242.94,
645,320233.3277,5815107.875,
646,320426.0612,5815303.063,
647,320512.0222,5815319.274,
648,320592.0612,5815314.063,
649,320674.0612,5815285.063,
650,320736.0612,5815234.063,
651,320837.0087,5815183.659,
652,320996.3062,5815187.374,
653,321056.5739,5815225.539,
654,320912.0658,5815177.318,
655,321092.3732,5815279.855,
656,321117.1525,5815287.066,
657,320302.0612,5815526.063,
658,320351.0612,5815441.063,
659,320260.054,5815536.743,
660,320403.0612,5815378.063,
661,320464.0612,5815337.063,
662,320026.0612,5815685.063,
663,320088.0612,5815631.063,
664,319934.0612,5815723.063,
665,320145.0612,5815544.063,
666,319840.0612,5815732.063,
667,319675.01095,5815726.5235,
668,319840.0612,5815732.063,
669,319509.9607,5815720.984,
670,319416.7452,5815651.716,
671,319315.2249,5815606.494,
672,319145.9935,5815562.442,
673,319313.4799,5815611.706,
674,319017.2225,5815549.721,
675,318800.0604,5815557.286,
676,319147.0375,5815570.898,
677,325236.1824,5809878.13,
678,325445.0612,5809710.063,
679,325445.0612,5809710.063,
680,325236.1824,5809878.13,
681,325340.62179999996,5809794.0965,
682,326001.0612,5809504.063,
683,326040.7153,5809790.563,
684,318104.0612,5813263.063,
685,318109.0612,5813311.063,
686,318087.0612,5813234.063,
687,318053.0612,5813224.063,
688,317997.0612,5813285.063,
689,317998.0612,5813263.063,
690,318015.0612,5813235.063,
691,318064.0612,5813153.063,
692,318009.0612,5813211.063,
693,318122.0612,5812990.063,
694,318099.0612,5813086.063,
695,318870.8168,5817780.977,
696,318870.8168,5817780.977,
697,318870.8168,5817780.977,
698,318128.696175,5817896.13625,
699,323492.0612,5815991.063,
700,323460.2785,5816041.2815000005,
701,323476.3317,5815940.175,
702,324819.0023,5816259.321,
703,324934.1618,5816264.323,
704,325064.2332,5816294.333,
705,324731.2314,5816280.454,
706,324731.2314,5816280.454,
707,324731.2314,5816280.454,
708,324384.20684999996,5816219.581,
709,324037.1823,5816158.708,
710,318383.0612,5815440.063,
711,318310.6575,5815129.738,
712,318292.1984,5815358.044,
713,318339.0612,5815566.063,
714,318309.0612,5815308.063,
715,318333.0612,5815417.063,
716,318331.0612,5815303.063,
717,320004.0612,5814464.063,
718,319960.8622,5814443.887,
719,320180.9992,5814442.118,
720,324184.0634,5813172.561000001,
721,324384.0612,5813163.063,
722,321665.0612,5812039.063,
723,321272.0612,5812141.063,
724,321757.2078,5811986.484,
725,325373.0612,5812303.063,
726,325423.2822,5812298.465,
727,325242.0007,5812274.693,
728,325595.9697,5812237.319,
729,325545.3458,5812247.3585,
730,325799.9629,5812212.291,
731,325494.7219,5812257.398,
732,325444.8591,5812289.747,
733,319121.3318,5813050.964,
734,319333.0612,5812846.063,
735,318616.0614,5813704.615,
736,319233.1549,5813117.385,
737,318932.5026,5812964.256,
738,319730.7656,5811958.981,
739,320014.092,5812065.108,
740,319577.7421,5811898.947,
741,319730.7656,5811958.981,
742,319592.1679,5812405.036,
743,319386.0612,5812329.063,
744,319470.0612,5812649.063,
745,319634.9987,5812340.293,
746,319276.7134,5812286.625,
747,321471.0612,5811019.063,
748,321487.0612,5810923.063,
749,321464.0612,5811121.063,
750,321511.8105,5810854.042,
751,320991.0912,5810203.968,
752,319185.0241,5814560.067,
753,319230.16044999997,5814828.732,
754,319185.0241,5814560.067,
755,318587.0612,5815405.063,
756,318526.8011,5814884.428,
757,319101.5271,5815255.998,
758,319275.2968,5815097.397,
759,322947.3007,5817073.918,
760,322982.6282,5817069.863,
761,327397.0612,5815600.063,
762,327108.1429,5815593.192,
763,327387.0612,5815641.063,
764,322423.9848,5814588.317,
765,322019.9994,5814633.707,
766,322531.0306,5814578.668,
767,322562.06805,5814860.8485,
768,322180.0612,5813785.063,
769,321924.0828,5813812.07,
770,322437.0536,5813753.166,
771,314302.0612,5816543.063,
772,314225.0612,5816638.063,
773,314302.0612,5816543.063,
774,314228.23735,5816768.742000001,
775,314283.0612,5816921.063,
776,314384.0612,5816903.063,
777,320068.0612,5812841.063,
778,320196.061,5812889.115,
779,319977.0878,5812805.129,
780,320391.0612,5812719.063,
781,320491.7565,5812756.005,
782,320278.0073,5812673.098,
783,320307.0612,5812591.063,
784,320360.0758,5812457.028,
785,320469.0612,5812497.063,
786,320579.6376,5812538.947,
787,320535.69705,5812647.476,
788,314036.3494,5814145.46,
789,314037.0612,5814114.063,
790,314034.9025,5814121.288,
791,314014.6414,5814110.506,
792,314077.4742,5814128.888,
793,314057.1712,5814134.296,
794,314098.4267,5814120.38,
795,314107.3787,5814109.238,
796,314109.3787,5814088.698,
797,314102.3787,5814077.508,
798,314090.5692,5814069.317,
799,314070.8867,5814068.0,
800,314055.4422,5814076.936,
801,314043.3787,5814091.682,
802,313708.72405,5813790.99,
803,313610.5691,5813821.622,
804,318278.9706,5817508.08,
805,317286.0612,5815325.063,
806,317104.1337,5815548.09,
807,317537.6112,5815003.104,
808,317069.0612,5815740.063,
809,318110.0614,5815635.065,
810,319522.84975,5813667.861500001,
811,319410.7008,5813781.039,
812,319634.9987,5813554.684,
813,319352.0612,5813533.063,
814,319444.9037,5813402.4690000005,
815,319267.7457,5813608.965,
816,319537.7462,5813271.875,
817,320074.8436,5811281.216,
818,319852.222,5811335.794,
819,320209.0612,5811256.063,
820,320337.0612,5811258.063,
821,320558.0612,5811415.063,
822,320524.921,5811409.232,
823,320817.0612,5811384.063,
824,320724.0612,5811364.063,
825,320837.0612,5811462.063,
826,320887.0612,5811562.063,
827,320752.0612,5811452.063,
828,319342.033,5811580.555,
829,319245.2404,5811586.947,
830,319408.3253,5811588.517,
831,314173.0953,5815255.225,
832,314637.52675,5814542.021500001,
833,314836.9685,5814681.109,
834,314438.085,5814402.934,
835,323337.8904,5814837.49,
836,322738.7518,5811776.471,
837,319440.7885,5811848.991,
838,319109.9616,5812730.745,
839,320227.0524,5812151.066,
840,320185.5476,5812261.5625,
841,320446.6456,5812240.421,
842,320279.8664,5811935.2905,
843,320202.9936,5811575.955,
844,319949.8066,5810953.061,
845,319998.0685,5810829.092,
846,319542.0729,5811063.073,
847,319211.0172,5810783.028,
848,318414.1542,5810246.147,
849,318333.8308,5810205.068,
850,319448.0884,5811181.07,
851,319779.2,5810767.063,
852,319299.5912,5810671.486,
853,318227.0612,5810461.063,
854,318598.0612,5810050.063,
855,322292.2925,5815297.622,
856,316556.0804,5814142.233,
857,313385.168,5813668.911,
858,316544.0667,5813491.119,
859,313270.0556,5811432.045,
860,314747.2805,5811446.838,
861,313531.0498,5811586.9,
862,314800.0477,5811872.031,
863,314775.2901,5811260.5365,
864,313126.6661,5811471.962,
865,318504.0612,5816522.063,
866,318613.0612,5816068.063,
867,318669.0612,5815900.063,
868,318590.0612,5816063.063,
869,318574.0612,5815934.063,
870,318533.0612,5816289.063,
871,318536.0303,5816372.808,
872,318549.0612,5816145.063,
873,318564.0612,5815974.063,
874,318571.0612,5816088.063,
875,318730.0612,5816340.063,
876,318769.0612,5816415.063,
877,318721.0612,5816277.063,
878,318800.7642,5816657.415,
879,318758.0612,5816019.063,
880,318673.0612,5815768.063,
881,318280.0612,5814695.063,
882,318261.1882,5814850.122,
883,318298.0612,5814701.063,
884,318344.9362,5814510.059,
885,318319.0612,5814057.063,
886,318329.0612,5813944.063,
887,318345.0612,5814253.063,
888,318385.0612,5813834.063,
889,318427.0612,5813808.063,
890,318334.0612,5814232.063,
891,318292.0612,5814102.063,
892,318276.0612,5814106.063,
893,318321.0612,5814245.063,
894,318824.0612,5817848.063,
895,323759.9595,5817895.055,
896,323416.0669,5817935.108,
897,315498.2976,5817578.402,
898,323246.0612,5810879.063,
899,323718.0718,5817597.062,
900,324115.657,5817849.342,
901,324296.0612,5817824.063,
902,318864.0612,5817481.063,
903,314270.8492,5817694.3995,
904,313864.7661,5817704.967,
905,314676.9323,5817683.832,
906,324849.0612,5817456.063,
907,320227.0612,5817600.063,
908,313467.7756,5817647.485,
909,313810.4519,5817283.075,
910,318331.9674,5817282.113,
911,314645.0612,5817122.063,
912,326646.0612,5817540.063,
913,326126.0612,5817248.063,
914,323686.4667,5817367.742,
915,315843.0612,5817140.063,
916,315997.5924,5817511.282,
917,315406.7826,5814286.324,
918,314197.2008,5812779.211,
919,314950.9723,5813112.072,
920,320157.0602,5816987.056,
921,326677.349,5815329.926,
922,324552.7521,5811146.6,
923,326259.9952,5811865.071,
924,327115.0485,5812288.065,
925,321848.7501,5810426.655,
926,321716.27,5810386.641,
927,321882.3026,5810345.341,
928,326828.0819,5809945.061,
929,323277.9752,5810147.423,
930,323956.7551,5810052.516,
931,322917.9503,5808802.285,
932,320162.2418,5814240.459,
933,319894.04,5813022.053,
934,319845.1392,5812506.887,
935,319932.1004,5812288.864,
936,323466.4613,5815908.868,
937,318205.416,5814446.764,
938,315387.1973,5814235.804,
939,313951.0527,5810969.0,
940,313878.1949,5810364.044,
941,313795.2705,5809519.429,
942,313855.2883,5809339.298,
943,317835.0601,5814965.054,
944,317112.0454,5817025.065,
945,318334.0659,5814904.104,
946,318632.9277,5815759.981,
947,318528.0646,5815588.091,
948,322426.0591,5812673.08,
949,322850.8217,5812623.172,
950,323111.3012,5812772.612,
951,323387.0585,5813239.037,
952,323238.9025,5813921.703,
953,323301.9253,5814494.729,
954,323512.9839,5814474.288,
955,323280.0177,5816624.088,
956,323094.1919,5816339.097,
957,323292.623,5817132.593,
958,323669.0715,5816578.131,
959,324766.0499,5816804.065,
960,324419.0605,5816479.058,
961,325264.0747,5816876.219,
962,326642.9187,5817002.42,
963,320183.1488,5814481.058,
964,320210.0577,5814439.031,
965,320120.6909,5814286.498,
966,321748.3346,5810616.732,
967,322155.3431,5809473.369,
968,320924.0294,5811010.024,
969,318411.0706,5814416.134,
970,318805.8197,5814369.89,
971,318783.2564,5814146.804,
972,319824.1445,5814573.15,
973,320448.955,5811830.164,
974,320684.6183,5811778.716,
975,320525.0309,5811840.392,
976,322350.0612,5816137.724,
977,322457.9596,5816317.112,
978,322184.0612,5815894.063,
979,321875.3737,5816105.929,
980,321912.0121,5816377.085,
981,321834.0612,5815772.063,
982,321738.0924,5814972.945,
983,321763.1287,5815215.918,
984,321703.0316,5814671.862,
985,326646.0612,5817540.063,
986,321537.0612,5817451.063,
987,321309.0612,5817171.063,
988,324820.226,5817244.929,
989,318209.0612,5813822.063,
990,318166.0612,5813822.063,
991,321991.8061,5817086.976,
992,321285.996,5816844.114,
993,318228.3191,5817291.574,
994,318235.0612,5817326.063,
995,318081.2001,5813634.908,
996,318090.0612,5813731.063,
997,318156.0612,5813532.063,
998,318231.0612,5813436.063,
999,326644.48994999996,5817271.2415,
1000,316037.0877,5816893.084,
1001,323214.0612,5817043.063,
1002,319030.0612,5817027.063,
1003,318296.0612,5817127.063,
1004,318328.4252,5816998.144,
1005,321953.2752,5816772.036,
1006,322825.7472,5816878.268,
1007,318338.0612,5813374.063,
1008,323042.0612,5816860.063,
1009,318852.0612,5817048.063,
1010,318810.5507,5816744.82,
1011,313095.0612,5816787.063,
1012,317101.0612,5816922.063,
1013,318156.0612,5813252.063,
1014,318154.5921,5812903.023,
1015,318144.0612,5813247.063,
1016,318099.4638,5813523.644,
1017,326345.0612,5816876.063,
1018,320365.6898,5816850.115,
1019,320737.6862,5816917.144,
1020,317093.1628,5816861.549,
1021,322701.7396,5816688.24,
1022,320327.8903,5816445.203,
1023,321619.6356,5816808.075,
1024,321244.2216,5816455.814,
1025,324753.0612,5816699.063,
1026,313095.0612,5816787.063,
1027,322627.0612,5816695.063,
1028,326339.2521,5816611.338,
1029,324722.1898,5816439.148,
1030,322838.5491,5816669.146,
1031,322832.0612,5816531.063,
1032,315771.2289,5816238.259,
1033,326145.2239,5816561.332,
1034,323529.6902,5816231.118,
1035,323069.0612,5816456.063,
1036,318585.0612,5816176.063,
1037,318588.0612,5816356.063,
1038,314286.49820000003,5816311.1675,
1039,313670.9914,5816159.155,
1040,321509.9354,5816423.966,
1041,321230.0612,5816360.063,
1042,320304.0166,5816109.259,
1043,324946.52115000004,5816374.8005,
1044,321460.0612,5815989.063,
1045,325143.1415,5816316.62,
1046,323196.2604,5816137.7495,
1047,322764.0612,5816280.063,
1048,314270.9352,5816079.272,
1049,322839.0612,5816205.063,
1050,312902.6549,5816225.712,
1051,318063.0612,5816297.063,
1052,318344.0612,5816135.063,
1053,323428.4958,5816091.5,
1054,323805.8737,5816060.489,
1055,323325.0612,5810847.063,
1056,323517.0665,5810791.117,
1057,323091.7482,5815741.495,
1058,313671.1334,5816138.957,
1059,313635.9987,5815856.966,
1060,318397.0612,5816108.063,
1061,318795.0612,5815761.063,
1062,323298.3289,5815936.402,
1063,314261.3025,5815985.406,
1064,319746.0612,5815955.063,
1065,321426.0612,5815678.063,
1066,323193.445,5815799.616,
1067,322141.0612,5815729.063,
1068,324343.9308,5815116.378,
1069,324982.0612,5815449.063,
1070,320280.0612,5815785.063,
1071,321816.0612,5815634.063,
1072,318698.9464,5815663.828,
1073,318524.2968,5815932.615,
1074,322924.9854,5815641.47,
1075,322081.0722,5815197.08,
1076,321379.0392,5815261.999,
1077,314217.19889999996,5815620.3155000005,
1078,322895.50995,5815376.2765,
1079,322781.1722,5815559.12,
1080,321196.0612,5816002.063,
1081,327093.9702,5815632.934,
1082,318258.7303,5815615.889,
1083,321783.0612,5815372.063,
1084,318346.7511,5815606.474,
1085,318210.0612,5815296.063,
1086,318465.305,5815594.52,
1087,318449.0612,5815562.063,
1088,326873.6786,5815611.9,
1089,326916.4746,5815572.916,
1090,326366.0612,5815574.063,
1091,326395.0612,5815499.063,
1092,326521.0705,5815438.529,
1093,313852.0612,5815412.063,
1094,325685.1352,5815530.935,
1095,325897.1712,5815515.749,
1096,325376.0139,5815501.19,
1097,322634.0613,5815482.254,
1098,322463.17689999996,5815389.938,
1099,318345.3562,5814313.89,
1100,318272.6651,5815044.323,
1101,318278.9309,5814858.967,
1102,326376.0612,5815453.063,
1103,326545.3858,5815420.314,
1104,322866.0345,5815111.083,
1105,318324.1863,5814503.05,
1106,326648.9674,5815123.144,
1107,322111.3636,5815197.26,
1108,321070.0612,5814877.063,
1109,321162.0612,5815703.063,
1110,321553.0612,5815240.063,
1111,321347.0612,5814993.063,
1112,314605.3729,5815101.237,
1113,314526.3394,5815124.313,
1114,321832.0612,5815225.063,
1115,322049.0612,5814906.063,
1116,320798.1816,5814774.842,
1117,314681.65395,5814902.711,
1118,319614.0234,5814778.021,
1119,322835.01,5814830.3725,
1120,320211.0612,5814840.063,
1121,314820.0612,5815026.063,
1122,319403.0612,5814977.063,
1123,323368.5285,5815107.625,
1124,327300.0612,5814992.063,
1125,323385.0612,5815065.063,
1126,321324.0612,5814806.063,
1127,315143.5831,5814913.742,
1128,317782.0612,5814971.063,
1129,317451.4362,5814934.54,
1130,318171.1761,5814926.147,
1131,323362.1291,5814928.828,
1132,323341.4926,5814905.186,
1133,323348.1474,5814931.73,
1134,318193.0924,5815132.507,
1135,315479.6119,5814871.435,
1136,318588.9987,5814810.442,
1137,321057.0275,5814748.031,
1138,315467.33655,5814726.249,
1139,321314.0545,5814715.101,
1140,322803.9855,5814549.662,
1141,319614.0234,5814778.021,
1142,320772.0612,5814592.063,
1143,320938.0299,5814760.211,
1144,315455.0612,5814581.063,
1145,318103.9332,5813726.991,
1146,321186.0612,5814732.063,
1147,321009.058,5814345.088,
1148,318325.1816,5814304.266,
1149,321295.5299,5814556.336,
1150,318213.3856,5813314.9,
1151,318047.317,5813334.253,
1152,318380.4657,5813289.146,
1153,318175.0612,5813243.063,
1154,318547.0612,5816034.063,
1155,314943.0612,5814524.063,
1156,321666.0612,5814363.063,
1157,321977.0612,5814273.063,
1158,326475.0612,5813797.063,
1159,313269.8424,5814523.887,
1160,322495.0612,5814267.063,
1161,319500.06244999997,5814540.0435,
1162,319386.1015,5814302.066,
1163,322952.9753,5814530.318,
1164,322762.0612,5814205.063,
1165,315075.443,5814327.949,
1166,313750.0612,5814469.063,
1167,321658.8498,5814309.314,
1168,323263.6878,5814202.098,
1169,323326.6237,5814744.897,
1170,317878.0612,5811683.063,
1171,317908.7463,5811327.056,
1172,323590.7341,5814466.189,
1173,323706.783,5814452.563,
1174,317677.7475,5814015.357,
1175,319882.0612,5814358.063,
1176,314508.9302,5814392.965,
1177,314321.0612,5814318.063,
1178,320493.4347,5814406.943,
1179,326478.1771,5813715.329,
1180,314792.1866,5814360.457,
1181,314494.2993,5814270.039,
1182,320747.5498,5814377.12,
1183,320712.0612,5814067.063,
1184,320657.3112,5814387.916,
1185,321275.2459,5814352.816,
1186,321266.9159,5814317.295,
1187,318984.7921,5814349.712,
1188,319158.0515,5814329.071,
1189,318959.002,5814126.035,
1190,318905.1549,5814444.056,
1191,318908.1237,5814361.324,
1192,320981.0612,5814117.063,
1193,319130.0588,5814102.065,
1194,315213.7358,5814311.187,
1195,321248.0612,5814088.063,
1196,321632.0612,5814031.063,
1197,319517.8168,5814284.892,
1198,319373.08635,5814187.0649999995,
1199,320116.6135,5814225.23,
1200,319492.0594,5814056.084,
1201,319652.7174,5814272.682,
1202,315676.3479,5814247.188,
1203,315235.2799,5814308.958,
1204,319099.9956,5813865.115,
1205,319241.9987,5814086.535,
1206,321939.0612,5813943.063,
1207,322453.0612,5813909.063,
1208,319777.2221,5814260.569,
1209,319829.64165,5814309.316,
1210,319749.0837,5814027.088,
1211,315499.0816,5813737.058,
1212,318940.6237,5814006.757,
1213,314491.0612,5814239.063,
1214,320178.0001,5814209.037,
1215,315192.9377,5814125.892,
1216,319723.0541,5813795.081,
1217,319634.9987,5814042.214,
1218,319847.7174,5814015.621,
1219,320085.074,5813987.089,
1220,320267.9395,5813968.035,
1221,320072.2799,5813873.794,
1222,320251.0612,5814005.063,
1223,320216.7961,5814115.029,
1224,322735.55695,5813970.5375,
1225,323245.3158,5814009.145,
1226,320694.0974,5813923.069,
1227,320954.1036,5813895.058,
1228,320668.9195,5813680.827,
1229,320629.67000000004,5813929.909,
1230,312844.6549,5814141.676,
1231,319360.0712,5814072.064,
1232,319333.7829,5813840.719,
1233,321219.8887,5813866.298,
1234,320930.8668,5813653.687,
1235,319465.1917,5813827.173,
1236,319444.5004,5813825.872,
1237,315039.3641,5814040.212,
1238,317904.0612,5813976.063,
1239,318234.923,5813847.948,
1240,318260.0612,5814132.063,
1241,318127.0612,5813884.063,
1242,322709.0527,5813736.012,
1243,320428.0612,5813953.063,
1244,320320.4674,5813835.383,
1245,313799.5491,5813955.301,
1246,318429.8553,5813781.569,
1247,323205.3584,5813681.532,
1248,314669.0612,5813887.063,
1249,318130.0612,5813846.063,
1250,314895.8229,5813847.985,
1251,318933.2562,5813886.648,
1252,318918.1112,5813782.08,
1253,319091.0911,5813807.147,
1254,319206.5612,5813853.111,
1255,321207.48884999997,5813744.9895,
1256,321610.2928,5813846.816,
1257,321577.0793,5813564.25,
1258,315182.0612,5813601.063,
1259,321895.3935,5813530.331,
1260,319705.434,5813642.023,
1261,319896.0612,5813776.063,
1262,325845.0402,5813789.317,
1263,325661.0612,5813493.063,
1264,318812.6255,5813785.613,
1265,318987.9049,5813746.741,
1266,320057.2732,5813758.998,
1267,320365.0009,5813718.889,
1268,320040.5257,5813607.79,
1269,318749.0612,5813846.063,
1270,322405.4261,5813473.291,
1271,318101.1525,5813667.24,
1272,316021.57415,5813614.088500001,
1273,315425.0612,5813515.063,
1274,322957.20555,5813708.772,
1275,320401.4574,5813619.402,
1276,320538.7936,5813697.686,
1277,326474.0522,5813563.77,
1278,326260.4443,5813413.808,
1279,327295.697,5813705.358,
1280,319077.4487,5813708.211,
1281,320796.9843,5813667.317,
1282,320668.9195,5813680.827,
1283,320606.9927,5813689.859,
1284,313072.0612,5813440.063,
1285,314983.0612,5813644.063,
1286,321195.089,5813623.681,
1287,320919.0612,5813578.063,
1288,314982.9484,5813579.067,
1289,321374.8363,5813601.318,
1290,321188.2118,5813528.2,
1291,320712.0865,5813520.9495,
1292,321410.2876,5813593.991,
1293,315154.0126,5813526.4,
1294,321490.0304,5813395.025,
1295,320973.0169,5813440.131,
1296,326446.9121,5813390.336,
1297,321812.7738,5813532.805,
1298,321560.1763,5813414.113,
1299,314274.0612,5813412.063,
1300,321799.9831,5813389.084,
1301,322051.6892,5813505.781,
1302,321230.0612,5813422.063,
1303,315236.0612,5812972.063,
1304,322035.0739,5813359.125,
1305,322225.0612,5813489.063,
1306,320448.9983,5813508.037,
1307,320543.0373,5813276.027,
1308,319688.8846,5813496.87,
1309,319747.1013,5813372.913,
1310,325960.75275,5813453.4355,
1311,317097.6041,5813437.712,
1312,320026.1311,5813487.177,
1313,320019.2865,5813398.722,
1314,320755.2535,5813361.072,
1315,322511.6212,5813453.809,
1316,322492.1032,5813309.039,
1317,327194.03,5812929.714,
1318,318012.0612,5813316.063,
1319,320864.1352,5813400.6015,
1320,321018.4674,5813321.688,
1321,317816.0548,5813362.006,
1322,321271.0494,5813312.216,
1323,321544.2818,5813257.253,
1324,326164.4536,5813263.679,
1325,320014.5298,5813359.25,
1326,320113.4374,5813384.21,
1327,323168.5731,5813259.731,
1328,326406.965,5813029.701,
1329,317977.898,5813340.275,
1330,321879.0612,5813381.063,
1331,321728.57615,5813177.115,
1332,315130.308,5812667.255,
1333,319797.4987,5813265.122,
1334,323695.9874,5813352.317,
1335,320256.1395,5813359.547,
1336,320281.5553,5813308.865,
1337,320065.2943,5813217.517,
1338,320841.0976,5813143.969,
1339,320649.14540000004,5813318.5495,
1340,322259.0612,5813336.063,
1341,321998.0612,5813023.063,
1342,324000.9802,5813323.673,
1343,317973.0612,5813265.063,
1344,318481.0612,5813250.063,
1345,324306.2572,5813292.539,
1346,321313.0612,5813205.063,
1347,321238.7487,5813299.205,
1348,318176.0612,5813121.063,
1349,318660.0612,5813152.063,
1350,322727.0612,5813279.063,
1351,323156.8392,5813225.465,
1352,322464.0612,5813049.063,
1353,321962.3206,5812730.181,
1354,324395.8076,5813277.615,
1355,320328.9993,5813189.072,
1356,320585.0355,5813167.0515,
1357,319350.3728,5813176.241,
1358,319604.9279,5813104.9585,
1359,321657.1692,5812965.146,
1360,321571.0262,5813179.262,
1361,318150.9359,5812820.042,
1362,318133.0612,5812685.063,
1363,314917.7751,5812838.144,
1364,324766.0612,5812911.063,
1365,323128.0612,5812972.063,
1366,321057.0746,5813226.096,
1367,320947.1862,5813183.144,
1368,321099.08385,5813118.0995000005,
1369,318131.3291,5812824.196,
1370,321357.046,5813095.046,
1371,318813.1768,5813044.906,
1372,320114.9712,5813105.055,
1373,320366.8737,5813086.898,
1374,323962.8513,5813020.338,
1375,319399.4315,5813108.757,
1376,320727.0612,5813098.063,
1377,320160.0924,5812987.125,
1378,320004.50560000003,5813063.554,
1379,320627.0337,5813058.076,
1380,321301.0299,5813072.744,
1381,321399.5385,5812988.0305,
1382,323812.0612,5813039.063,
1383,326020.2005,5813079.604,
1384,325810.7799,5812796.818,
1385,324728.9771,5812635.18,
1386,320664.1237,5812959.514,
1387,320525.4049,5813018.96,
1388,321097.1688,5812493.017,
1389,320878.2513,5812411.129,
1390,321143.0707,5812367.067,
1391,321012.042,5812709.111,
1392,320565.2426,5813936.749,
1393,321738.34750000003,5810113.6445,
1394,321637.6338,5810422.226,
1395,321839.0612,5809805.063,
1396,321970.5612,5810051.063,
1397,321909.0612,5810242.063,
1398,322032.0612,5809860.063,
1399,323581.0612,5809771.063,
1400,323550.0612,5809547.063,
1401,323610.5924,5809994.453,
1402,323405.9598,5810132.32,
1403,323624.0322,5810098.729,
1404,320135.9953,5808899.52,
1405,320158.4362,5809251.973,
1406,319919.8956,5808850.943,
1407,320889.9449,5810615.104,
1408,320955.0612,5810761.063,
1409,321158.8452,5810720.908,
1410,320839.054,5810594.058,
1411,320900.2531,5810900.375,
1412,322451.9257,5810671.974,
1413,322427.0612,5810472.063,
1414,321921.0612,5810745.063,
1415,322564.2073,5810659.161,
1416,322399.3632,5810274.221,
1417,322002.7021,5810327.053,
1418,322665.0612,5810233.063,
1419,324452.9489,5808573.322,
1420,324759.6355,5808530.017999999,
1421,324191.19605,5810024.1315,
1422,323531.56570000004,5809414.833000001,
1423,322708.1053,5809394.848,
1424,322372.0612,5809442.063,
1425,322209.0612,5809465.063,
1426,320407.0612,5810423.063,
1427,320620.1375,5810510.055,
1428,320310.0612,5810667.063,
1429,320527.0434,5810755.035,
1430,320095.0412,5810587.037,
1431,319762.1417,5811320.788,
1432,321175.0612,5812280.063,
1433,321343.8291,5811847.268,
1434,321740.5743,5810772.056,
1435,321560.0874,5810799.049,
1436,323560.977,5811668.318,
1437,321332.0612,5812837.063,
1438,321442.031,5812881.015,
1439,321224.0554,5812796.018,
1440,325706.21030000004,5808962.1625,
1441,325700.0612,5812661.063,
1442,324353.3251,5811575.613,
1443,326949.4362,5810999.168,
1444,317092.385,5811130.267,
1445,316800.5703,5810943.9,
1446,316908.2552,5810932.929,
1447,317291.1862,5811231.115,
1448,316449.5966,5810703.842,
1449,316820.5894,5811109.613,
1450,316867.2799,5811083.173,
1451,317036.1629,5811175.841,
1452,318496.9052,5811494.265,
1453,318192.5299,5811460.731,
1454,318759.9603,5811480.137,
1455,317979.1131,5811413.865,
1456,319150.5354,5811419.199,
1457,319264.6237,5811370.638,
1458,319342.3424,5811389.783,
1459,319572.0129,5811410.603,
1460,319366.0612,5811462.063,
1461,318713.7908,5811497.891,
1462,318459.2816,5811509.135,
1463,319214.95,5811435.088,
1464,319817.5612,5811333.475,
1465,320349.1237,5811243.382,
1466,320189.1862,5811243.382,
1467,319311.9362,5811526.048,
1468,319381.7281,5811524.63,
1469,319378.5388,5811548.1,
1470,319435.9957,5811534.788,
1471,319798.4362,5811395.414,
1472,320226.3737,5811291.807,
1473,318631.7174,5811563.212,
1474,319182.3484,5811562.317,
1475,318382.8424,5811544.067,
1476,318183.4987,5811518.165,
1477,318008.9674,5811515.913,
1478,317915.4674,5811611.637,
1479,317907.5924,5811780.561,
1480,320515.4404,5811592.29,
1481,320641.042,5811385.316,
1482,313622.7589,5810608.9555,
1483,313702.0612,5810202.063,
1484,313889.94005,5812817.9955,
1485,314091.9111,5812792.893,
1486,323395.8424,5815331.105,
1487,326381.6106,5812832.25,
1488,326761.1561,5812087.164,
1489,326292.0414,5812147.694,
1490,327047.6862,5811784.624,
1491,322495.0819,5808862.134,
1492,322077.1862,5809709.898,
1493,323831.4003,5810071.033,
1494,323508.9674,5810674.89,
1495,321992.1862,5812641.496,
1496,321619.2296,5812697.754,
1497,322107.0923,5812626.093,
1498,322877.843,5810613.388,
1499,322634.4674,5810649.088,
1500,321910.4674,5810390.52,
1501,321551.0612,5810481.019,
1502,321305.4049,5810630.988,
1503,321382.9987,5810806.815,
1504,319054.4045,5809358.671,
1505,320067.0811,5809311.121,
1506,320164.5924,5809759.128,
1507,320254.8684,5809537.078,
1508,316992.1647,5810357.342,
1509,317238.8112,5810424.71,
1510,316511.979,5810228.038,
1511,316926.6911,5810603.004,
1512,317400.403,5810467.221,
1513,320574.9987,5810629.85,
1514,320954.6862,5810971.389,
1515,321073.0612,5810827.063,
1516,320616.935,5814392.551,
1517,319672.1096,5812938.042,
1518,319241.9987,5812358.022,
1519,319800.4362,5812618.037,
1520,319761.0947,5812724.818,
1521,319973.0962,5812176.986,
1522,319682.88214999996,5812149.637,
1523,320252.5299,5811459.786,
1524,320745.9674,5811722.756,
1525,320868.8784,5811608.735,
1526,320751.3229,5811850.318,
1527,320812.3742,5811910.701,
1528,321201.0243,5812537.115499999,
1529,321304.8798,5812581.214,
1530,320627.4286,5812411.076,
1531,320660.8512,5812327.139,
1532,320843.4674,5812499.848,
1533,320794.1057,5812625.052,
1534,320709.1229,5812841.087,
1535,320598.9987,5812798.16,
1536,320409.8729,5812974.959,
1537,320751.6143,5812733.0695,
1538,321258.5612,5812704.745,
1539,321122.6862,5812755.699,
1540,321037.7799,5812970.837,
1541,321141.0931,5813010.103,
1542,320302.96695000003,5812932.0370000005,
1543,319935.56389999995,5812913.591,
1544,320018.5862,5812698.572,
1545,320060.0846,5812592.015,
1546,320786.4987,5812372.86,
1547,314018.2176,5812217.665,
1548,313987.3479,5811972.225,
1549,313556.0612,5811768.063,
1550,313518.0838,5811495.268,
1551,321744.5992,5812749.216,
1552,319021.2321,5812847.5005,
1553,319574.6189,5812901.795,
1554,319497.7048,5812871.381,
1555,321481.0612,5812779.063,
1556,323216.0612,5812758.063,
1557,323216.0612,5812758.063,
1558,324326.0612,5813447.063,
1559,323770.2146,5812751.115,
1560,323520.1289,5812777.707,
1561,314056.6856,5812520.267,
1562,323368.09505,5812767.885,
1563,323505.0612,5812617.063,
1564,322116.7996,5812706.892,
1565,323910.0612,5812601.063,
1566,320903.0612,5812667.063,
1567,314864.9345,5812384.171,
1568,322623.0612,5812652.063,
1569,322420.0612,5812615.063,
1570,315025.0612,5811841.063,
1571,325600.0612,5812540.063,
1572,323548.8047,5812998.965,
1573,326324.14879999997,5812391.2465,
1574,322387.0612,5812594.063,
1575,322082.0612,5812385.063,
1576,320690.0612,5812583.063,
1577,320100.0612,5812487.063,
1578,323690.9758,5812451.318,
1579,323284.9693,5812500.319,
1580,320144.0428,5812372.059,
1581,314207.7068,5812446.665,
1582,322542.0612,5812061.063,
1583,313600.0612,5812122.063,
1584,313592.9245,5812016.06,
1585,322775.86905,5811983.347,
1586,314828.0612,5812108.063,
1587,325088.9563,5812299.321,
1588,320540.0409,5812274.08,
1589,320563.3365,5812201.071,
1590,320484.0612,5812203.063,
1591,320571.0612,5812089.063,
1592,321181.7984,5812121.1,
1593,321151.0612,5812078.063,
1594,321083.0612,5812077.063,
1595,312932.1254,5812093.945,
1596,320573.0612,5812032.063,
1597,321098.9696,5811817.879,
1598,320131.0612,5811768.063,
1599,313310.3493,5812048.289,
1600,322084.8292,5811861.784,
1601,317463.0612,5812038.063,
1602,317078.0612,5811670.063,
1603,320563.0612,5811996.063,
1604,320332.6804,5811719.515,
1605,317756.34515,5811976.29,
1606,320556.0612,5811965.063,
1607,321876.0375,5811874.734,
1608,321608.0612,5811995.063,
1609,314321.0612,5811928.063,
1610,318049.6291,5811914.517,
1611,318505.0612,5811806.063,
1612,318343.0612,5811626.063,
1613,320892.0612,5811862.063,
1614,321467.0612,5811907.063,
1615,319407.3642,5811787.41,
1616,317691.0612,5811111.063,
1617,317588.0612,5811189.063,
1618,317895.291,5811771.597,
1619,322116.0612,5811561.063,
1620,322411.7905,5811819.1274999995,
1621,322228.4141,5811656.385,
1622,320946.0612,5811465.063,
1623,320902.4455,5811453.956,
1624,321213.0612,5811796.063,
1625,321378.3707,5811747.084,
1626,321048.0612,5811575.063,
1627,318881.0612,5811717.063,
1628,320930.6776,5811545.487,
1629,320969.6276,5811474.566,
1630,320898.1639,5811585.164,
1631,320014.0612,5811246.063,
1632,320108.5274,5811411.009,
1633,320008.1177,5811023.264,
1634,320632.0612,5811809.063,
1635,324512.0612,5811147.063,
1636,320196.9175,5811595.567,
1637,320506.0612,5811759.063,
1638,324243.8996,5811206.625,
1639,324652.1834,5811079.199,
1640,323411.3693,5811517.882,
1641,322957.8,5811429.843,
1642,321992.0612,5811810.063,
1643,320503.8143,5811528.792,
1644,321582.754,5811739.883,
1645,321002.0158,5811369.066,
1646,322698.0612,5811492.063,
1647,322716.0612,5811520.063,
1648,317795.0612,5811430.063,
1649,321464.0612,5811473.063,
1650,317179.0043,5811260.636,
1651,318999.0612,5811621.063,
1652,320865.0612,5811340.063,
1653,320849.0612,5811254.063,
1654,321216.0213,5811579.593,
1655,318646.0612,5811328.063,
1656,317725.0571,5811335.351,
1657,319183.0612,5811549.019,
1658,320125.0612,5811562.063,
1659,322342.0612,5811593.063,
1660,320626.963,5811375.284,
1661,319459.0612,5811502.063,
1662,319325.214,5811433.476,
1663,318962.0612,5811535.063,
1664,319013.2667,5811534.404,
1665,321056.0612,5811499.063,
1666,319354.0612,5811485.063,
1667,318630.044,5811543.84,
1668,318381.0016,5811525.936,
1669,321048.0612,5811575.063,
1670,313452.0308,5811507.793,
1671,313514.0612,5811455.063,
1672,318743.7953,5811518.402,
1673,321025.0385,5811472.0645,
1674,320983.0612,5811284.063,
1675,318183.6773,5811497.927,
1676,318169.1118,5811472.776,
1677,319050.0612,5811511.063,
1678,319796.6714,5811378.583,
1679,313600.0612,5811491.063,
1680,314034.9411,5811477.463,
1681,319682.0612,5811338.063,
1682,319641.0612,5811327.063,
1683,320903.284,5811420.885,
1684,322597.0612,5811477.063,
1685,322480.0612,5811494.063,
1686,317465.0003,5811264.797,
1687,322273.0612,5811430.063,
1688,322462.29524999997,5811373.1565000005,
1689,317917.0612,5811417.063,
1690,314702.0612,5811238.063,
1691,322605.0612,5811521.063,
1692,313508.0612,5811422.063,
1693,313600.0612,5811376.063,
1694,316141.0612,5810571.063,
1695,319249.0612,5811448.063,
1696,322772.0612,5811462.063,
1697,322843.0612,5811385.063,
1698,322941.1953,5811288.659,
1699,317888.0612,5811436.063,
1700,320600.0391,5811204.664,
1701,319379.0612,5811426.063,
1702,319824.0612,5811320.063,
1703,319309.1271,5811403.057,
1704,325180.95535,5811325.494,
1705,325105.8495,5811221.925,
1706,322754.0612,5811430.063,
1707,322738.4261,5811457.273,
1708,317285.2964,5811239.459,
1709,322705.0612,5811456.063,
1710,319318.5054,5811348.535,
1711,320720.0997,5811404.506,
1712,324394.0612,5810647.063,
1713,324503.2058,5810586.128,
1714,313436.0612,5811380.063,
1715,320661.6036,5811331.902,
1716,320746.8654,5811225.691,
1717,320592.0612,5811330.063,
1718,320382.1026,5811119.47,
1719,317326.0837,5810710.247,
1720,315151.0612,5810939.063,
1721,322651.5293,5811316.25,
1722,322736.0612,5811271.063,
1723,317688.3227,5811377.407,
1724,320523.0612,5811303.063,
1725,314588.0612,5811304.063,
1726,320437.7543,5811296.883,
1727,322963.0612,5811230.063,
1728,322918.0612,5811118.063,
1729,317677.0612,5811259.063,
1730,320653.0612,5811291.063,
1731,320608.0316,5811304.191,
1732,320448.939,5811278.539,
1733,316426.239,5810472.634,
1734,316345.0044,5810591.103,
1735,316474.0173,5810340.43,
1736,317286.4106,5811270.208,
1737,316977.9384,5811193.43,
1738,319402.0612,5811240.063,
1739,316269.0612,5810632.063,
1740,317090.2602,5811140.723,
1741,317714.0612,5811167.063,
1742,314709.0612,5811252.063,
1743,325160.6204,5811238.101,
1744,325249.0612,5811214.063,
1745,320811.3325,5811144.876,
1746,325540.7114,5811129.941,
1747,324910.777,5811127.715,
1748,320647.4582,5811084.098,
1749,325163.0612,5811191.063,
1750,325269.0612,5811187.063,
1751,314803.2997,5811074.235,
1752,325126.0612,5811174.063,
1753,325052.0612,5811151.063,
1754,317083.0612,5811169.063,
1755,324771.0612,5811116.063,
1756,323103.0612,5811023.063,
1757,324898.0612,5811030.063,
1758,324846.0612,5811107.063,
1759,325835.2632,5811057.915,
1760,320428.4879,5810997.753,
1761,314582.0612,5811117.063,
1762,314692.68045,5811095.649,
1763,314558.0612,5810897.063,
1764,324530.0612,5811104.063,
1765,324439.0612,5811104.063,
1766,325313.0612,5811098.063,
1767,325253.0612,5811143.063,
1768,324754.0612,5811062.063,
1769,320695.0612,5810961.063,
1770,325692.3765,5811076.105,
1771,325370.0612,5811136.063,
1772,325250.0612,5811180.063,
1773,324398.0612,5811067.063,
1774,324324.0612,5811034.063,
1775,314690.68045,5810337.649,
1776,324599.8011,5811067.139,
1777,324492.9717,5811080.193,
1778,324811.0612,5811065.063,
1779,324343.466,5811066.225,
1780,324433.0612,5811088.063,
1781,324792.0612,5811054.063,
1782,325922.0612,5811022.063,
1783,324090.0612,5810849.063,
1784,325838.8572,5811043.212,
1785,316760.5429,5810990.461,
1786,324852.0612,5811011.063,
1787,320477.76565,5810876.393999999,
1788,326005.0612,5810957.063,
1789,313989.8561,5810962.024,
1790,313951.0612,5810763.063,
1791,320742.0689,5810840.055,
1792,319908.0612,5810912.063,
1793,323253.0612,5810887.063,
1794,325919.0612,5811008.063,
1795,316852.7593,5810821.949,
1796,323189.0612,5810929.063,
1797,322342.0612,5811558.063,
1798,324085.5152,5810859.747,
1799,326357.0612,5810477.063,
1800,323919.0612,5810765.063,
1801,323786.0612,5810726.063,
1802,323920.0612,5810779.063,
1803,320634.55615,5810797.545,
1804,319785.0612,5810749.063,
1805,326001.0612,5810946.063,
1806,316712.4324,5810753.149,
1807,316735.0612,5810811.063,
1808,316377.0299,5810608.221,
1809,316292.0612,5810615.063,
1810,319569.2041,5810621.469,
1811,316661.0612,5810821.063,
1812,323784.0612,5810736.063,
1813,323715.0612,5810720.063,
1814,322761.0612,5811523.063,
1815,322817.0612,5811446.063,
1816,322866.0612,5811416.063,
1817,322914.0612,5811405.063,
1818,314578.0612,5809601.063,
1819,317796.0612,5810574.063,
1820,319388.1652,5810559.944,
1821,319546.5612,5810539.04,
1822,323656.0612,5810327.063,
1823,322862.0612,5810480.063,
1824,319508.5262,5810416.785,
1825,320740.0612,5810556.063,
1826,320886.0612,5810471.063,
1827,319880.1907,5810500.951,
1828,312923.363,5810470.058,
1829,320673.0612,5810385.063,
1830,319763.0612,5810459.063,
1831,319924.0612,5810380.063,
1832,326412.0612,5810424.063,
1833,322823.0529,5810214.829,
1834,326347.0612,5810472.063,
1835,319553.0612,5810375.063,
1836,322668.0612,5811522.063,
1837,313089.0612,5810453.063,
1838,322605.0612,5811542.063,
1839,324522.0612,5811090.063,
1840,327411.0612,5810184.063,
1841,326404.0612,5810418.063,
1842,326514.0612,5810371.063,
1843,326555.0612,5810359.063,
1844,327273.0612,5810337.063,
1845,327357.0612,5810265.063,
1846,327268.0612,5810327.063,
1847,327148.0612,5810383.063,
1848,316589.0612,5809954.063,
1849,327015.0612,5810419.063,
1850,327149.0612,5810396.063,
1851,323006.9526,5810188.321,
1852,322791.0612,5809974.063,
1853,318163.0612,5810191.063,
1854,318490.0612,5810112.063,
1855,320896.0612,5810153.063,
1856,317937.0612,5809865.063,
1857,327019.0612,5810410.063,
1858,326942.0612,5810408.063,
1859,326605.0612,5810343.063,
1860,326554.0612,5810348.063,
1861,326666.0612,5810355.063,
1862,326788.0612,5810383.063,
1863,321190.0612,5810220.063,
1864,318246.0612,5809758.063,
1865,318803.0191,5809912.019,
1866,320599.0612,5809927.063,
1867,326668.0612,5810344.063,
1868,324917.0612,5811086.063,
1869,317395.0612,5809982.063,
1870,317607.0612,5809930.063,
1871,324913.0612,5811095.063,
1872,325053.0612,5811164.063,
1873,322743.0612,5809615.063,
1874,317823.0612,5809874.063,
1875,325327.0612,5811120.063,
1876,318906.0612,5809837.063,
1877,318578.2491,5809588.747,
1878,325180.0612,5811183.063,
1879,326447.0612,5810390.063,
1880,320342.52635,5809634.5995000005,
1881,327142.9593,5809641.32,
1882,312993.0612,5809634.063,
1883,326508.0612,5810363.063,
1884,326452.0612,5810401.063,
1885,327366.981,5809612.318,
1886,313188.0952,5809612.253,
1887,326606.0612,5810353.063,
1888,314548.7178,5809278.714,
1889,318816.32680000004,5809473.709000001,
1890,313933.6573,5809348.258,
1891,326859.0612,5810405.063,
1892,314188.0612,5809313.063,
1893,314785.0612,5809249.063,
1894,314730.0612,5809019.063,
1895,324284.3153,5808863.141,
1896,314826.0612,5808800.063,
1897,326936.0612,5810418.063,
1898,323187.95505,5808763.987,
1899,326789.0612,5810374.063,
1900,326862.0612,5810395.063,
1901,327418.0612,5810193.063,
1902,327346.0612,5810263.063,
1903,323334.839,5814863.893,
1904,323339.3018,5814886.034,
1905,323373.8509,5815081.487,
1906,323372.1991,5815051.152,
1907,323353.9625,5814888.708,
1908,323347.6092,5814866.833,
1909,319525.0612,5815268.063,
1910,322124.0612,5812277.063,
1911,322007.0612,5812310.063,
1912,322443.0612,5812043.063,
1913,322741.0612,5811888.063,
1914,319411.7036,5815681.11,
1915,319449.0612,5815987.063,
1916,319484.0612,5816289.063,
1917,319513.4244,5816495.032,
1918,319436.3112,5816807.002,
1919,320925.0521,5812925.086,
1920,312356.4766,5812172.386,
1921,312622.9521,5816016.626,
1922,312507.0628,5815039.713,
1923,326154.4957,5808289.662,
1924,327054.1472,5808216.229,
1925,327769.6374,5810765.873,
1926,327607.6961,5812878.808,
1927,327587.2086,5811972.566,
1928,323403.6615,5808317.931,
1929,324213.0865,5808285.453,
1930,327710.8621,5814090.577,
1931,319347.5518,5818023.896,
1932,324886.3583,5818108.678,
1933,325612.0433,5818145.736,
1934,326231.0384,5818073.694,
1935,318348.8159,5818317.527,
1936,322352.3264,5808217.254,
1937,322485.43,5808324.064,
1938,322592.6838,5808315.18,
1939,312607.2223,5811560.303,
1940,327765.0612,5815590.063,
1941,312660.68,5817626.453,
1942,318886.1503,5818285.121,
1943,321430.0758,5818143.099,
1944,323781.0517,5818120.825,
1945,320547.861,5818105.195,
1946,322103.278,5818066.358,
1947,317151.6904,5818048.448,
1948,317259.7517,5818039.883,
1949,322840.1367,5818029.874,
1950,315516.0797,5817742.079,
1951,327480.5671,5817466.825,
1952,312446.8121,5816292.285,
1953,312447.2717,5816234.111,
1954,327702.3382,5815559.699,
1955,327560.604,5814818.676,
1956,312684.2321,5814592.554,
1957,327679.2697,5814288.033,
1958,312593.1126,5814180.773,
1959,327677.6948,5813658.086,
1960,327690.8505,5813392.578,
1961,321182.2338,5808257.812,
1962,312419.5696,5813073.316,
1963,312418.5686,5812966.315,
1964,327825.1297,5811258.939,
1965,312576.0957,5810512.825,
1966,327575.1731,5810015.091,
1967,312519.919,5809694.51,
1968,327557.3174,5809592.724,
1969,327748.5064,5808661.984,
1970,320906.2599,5808255.698,
1971,325023.5731,5808163.252,
1972,325833.9527,5808124.433,
1973,321619.5562,5808290.816,
1974,326627.6358,5808270.919,
1975,315379.3321,5808250.577,
1976,321944.9416,5808087.428,
1977,322204.5558,5808186.413,
1978,315044.2962,5808150.799,
1979,314664.2551,5807906.495,
1980,317390.4092,5818019.029,
1981,321356.0612,5813418.063,
1982,324901.9362,5815851.53,
1983,320077.3112,5812963.463,
1984,323874.0612,5815679.063,
1985,324317.0612,5815831.063,
1986,322745.0612,5815323.063,
1987,321326.0612,5815618.063,
1988,321887.0612,5815013.063,
1989,322466.0612,5814984.063,
1990,322700.0612,5814855.063,
1991,323922.0612,5814186.063,
1992,321798.0612,5814099.063,
1993,321076.0612,5812861.063,
1994,322628.0612,5814154.063,
1995,323644.0612,5812994.063,
1996,324367.0612,5812921.063,
1997,325089.0612,5812919.063,
1998,323584.0612,5811200.063,
1999,324829.0612,5811337.063,
2000,321570.0612,5812817.063,
2001,318042.0612,5815097.063,
2002,317318.0612,5815581.063,
2003,318244.0612,5816014.063,
2004,317736.0612,5816154.063,
2005,317314.0612,5816214.063,
2006,316106.0612,5817159.063,
2007,316730.0612,5816874.063,
2008,316051.1355,5817651.299,
2009,318022.0612,5816866.063,
2010,317819.0612,5817634.063,
2011,314673.0612,5815730.063,
2012,315173.0612,5813268.063,
2013,314312.0612,5813244.063,
2014,314156.0612,5813827.063,
2015,313490.4049,5812503.31,
2016,313831.7799,5812628.368,
2017,314182.0612,5809534.063,
2018,320951.0612,5812534.063,
2019,313750.0612,5814292.063,
2020,313784.0612,5814586.063,
2021,313833.0612,5815105.063,
2022,314379.0612,5814799.063,
2023,314561.2715,5808894.532,
2024,320736.0612,5812461.063,
2025,322510.0612,5808712.063,
2026,322918.0612,5809163.063,
2027,323867.0612,5808954.063,
2028,324689.0612,5808823.063,
2029,324591.0612,5809275.063,
2030,324100.0612,5809365.063,
2031,323083.0612,5810773.063,
2032,324247.8427,5810219.225,
2033,322608.0612,5809861.063,
2034,325558.0612,5810461.063,
2035,325704.0612,5809397.063,
2036,325525.0612,5808708.063,
2037,321160.0612,5812646.063,
2038,326362.0612,5809305.063,
2039,327168.3897,5809904.704,
2040,320633.0612,5808852.063,
2041,320115.3112,5809048.7,
2042,319979.8112,5809574.335,
2043,320459.2487,5810612.313,
2044,318819.0612,5810218.063,
2045,318004.0612,5810142.063,
2046,317359.0612,5810254.063,
2047,318940.0612,5814983.063,
2048,319717.7174,5814154.493,
2049,321717.0612,5816198.063,
2050,320157.0612,5813867.063,
2051,320456.0612,5813821.063,
2052,321460.8424,5815001.89,
2053,322952.0612,5816280.063,
2054,323308.0612,5816102.063,
2055,322201.0612,5815620.063,
2056,322227.0612,5814246.063,
2057,322397.0612,5814258.063,
2058,323178.0612,5815547.063,
2059,323062.0612,5814656.063,
2060,322836.0612,5813816.063,
2061,323730.9362,5813458.46,
2062,323521.0612,5812078.063,
2063,324332.0612,5811979.063,
2064,325046.0612,5811880.063,
2065,323852.2159,5811218.189,
2066,325056.0612,5813537.063,
2067,325914.0612,5812614.063,
2068,325715.0612,5811934.063,
2069,326648.0612,5811758.063,
2070,326744.0612,5812539.063,
2071,326713.0612,5813630.063,
2072,326619.0612,5814036.063,
2073,320428.0612,5812608.063,
2074,318945.0612,5813680.063,
2075,323648.0612,5814727.063,
2076,321100.0612,5817110.063,
2077,314259.0612,5810161.063,
2078,323570.9534,5818139.234,
2079,323457.0612,5817230.063,
2080,324678.0612,5816573.063,
2081,324294.4588,5817381.986,
2082,324534.265,5817623.384,
2083,325720.0612,5816621.063,
2084,326331.4788,5816722.136,
2085,326371.0903,5817347.024,
2086,320181.0612,5812538.063,
2087,314074.2279,5817904.969,
2088,320511.0612,5812391.063,
2089,314563.0612,5816519.063,
2090,313899.0612,5815746.063,
2091,320883.0612,5812357.063,
2092,315864.0612,5814557.063,
2093,314401.0612,5814677.063,
2094,314880.5299,5814886.418,
2095,315309.0612,5814722.063,
2096,314766.0612,5814487.063,
2097,315566.0612,5814506.063,
2098,315285.0612,5814450.063,
2099,315880.0612,5813924.063,
2100,320907.0612,5813294.063,
2101,320257.0612,5812302.063,
2102,314280.0612,5814136.063,
2103,314763.0612,5814167.063,
2104,314823.5612,5813775.52,
2105,314762.0612,5812980.063,
2106,313397.0612,5813357.063,
2107,314212.0612,5812193.063,
2108,319105.0612,5816694.063,
2109,316843.0612,5816120.063,
2110,317388.0612,5816951.063,
2111,319529.0612,5816130.063,
2112,315687.4385,5816601.626,
2113,318272.0612,5816339.063,
2114,317311.0612,5815911.063,
2115,318739.5924,5815183.842,
2116,320720.0612,5815744.063,
2117,316432.0612,5815546.063,
2118,318538.0612,5814604.063,
2119,320533.0612,5815054.063,
2120,319271.0612,5814338.063,
2121,317565.0612,5815324.063,
2122,317990.0612,5815428.063,
2123,318443.0612,5815251.063,
2124,317540.5619,5814731.869,
2125,318016.5562,5814686.122,
2126,318871.0612,5814704.063,
2127,318683.0612,5814192.063,
2128,319226.0612,5813966.063,
2129,319310.0612,5814690.063,
2130,319759.0612,5813921.063,
2131,319926.0612,5814276.063,
2132,320037.0612,5814536.063,
2133,319714.0612,5814488.063,
2134,319597.0612,5814928.063,
2135,319657.0612,5815463.063,
2136,320168.0612,5816023.063,
2137,320590.0612,5814600.063,
2138,320363.0612,5814618.063,
2139,320597.0612,5813820.063,
2140,320610.0612,5814033.063,
2141,320420.0612,5814044.063,
2142,320634.0612,5814264.063,
2143,320388.0612,5814285.063,
2144,320130.0612,5814074.063,
2145,321090.0612,5813991.063,
2146,322219.0612,5813065.063,
2147,319244.77,5813360.296,
2148,319587.0612,5813417.063,
2149,319917.0612,5813248.063,
2150,320890.7487,5814559.29,
2151,320390.0612,5813353.063,
2152,320177.0612,5813273.063,
2153,319970.0612,5813662.063,
2154,321099.0612,5813573.063,
2155,320581.0612,5813627.063,
2156,320152.1237,5812737.075,
2157,320291.2174,5813073.639,
2158,320472.0612,5813126.063,
2159,320645.0612,5812688.063,
2160,320863.0612,5812775.063,
2161,320764.0612,5812988.063,
2162,321242.0612,5812407.063,
2163,321971.0924,5812553.558,
2164,321099.0612,5811951.063,
2165,320330.0612,5811868.063,
2166,320642.0612,5811924.063,
2167,320627.0612,5811623.063,
2168,320407.0612,5811517.063,
2169,320896.0612,5811207.063,
2170,321027.0612,5811115.063,
2171,320977.0612,5810766.063,
2172,321265.0612,5810915.063,
2173,321397.0612,5810713.063,
2174,321615.0612,5810591.063,
2175,321937.0612,5810560.063,
2176,322741.0612,5810931.063,
2177,323291.0612,5811288.063,
2178,323076.0612,5811459.063,
2179,323080.0612,5810398.063,
2180,323867.0612,5810401.063,
2181,323554.0612,5810607.063,
2182,323341.0612,5810612.063,
2183,323781.0612,5809949.063,
2184,323716.0612,5809504.063,
2185,323404.0612,5809767.063,
2186,322986.0612,5809580.063,
2187,323334.0612,5809142.063,
2188,323298.0612,5808893.063,
2189,322501.0612,5809311.063,
2190,322374.1862,5809199.485,
2191,321959.0612,5809726.063,
2192,322083.0612,5809367.063,
2193,322024.0612,5810115.063,
2194,322154.1862,5809657.097,
2195,322287.0612,5808670.063,
2196,323467.0612,5810290.063,
2197,321487.5924,5814500.196,
2198,322188.0612,5809001.063,
2199,319987.0612,5814872.063,
2200,321204.0612,5813369.063,
2201,317759.8865,5814719.365,
2202,318192.0612,5814300.063,
2203,318668.0612,5817722.063,
2204,317042.0612,5813917.063,
2205,320837.0612,5814007.063,
2206,321422.0612,5813996.063,
2207,318782.76,5813188.84,
2208,319517.0612,5813629.063,
2209,324319.0649,5818074.976,
2210,324223.0612,5816893.063,
2211,325780.0612,5817374.063,
2212,326799.0612,5816854.063,
2213,319768.0612,5813652.063,
2214,325330.4688,5816694.277,
2215,324364.0612,5816376.063,
2216,320248.0612,5813568.063,
2217,321438.0612,5813287.063,
2218,320738.0612,5813489.063,
2219,319705.9049,5813135.114,
2220,321835.0612,5813245.063,
2221,322687.0612,5813026.063,
2222,318693.7368,5813055.581,
2223,319766.0612,5812412.063,
2224,318563.0612,5812231.063,
2225,322270.0612,5812010.063,
2226,322618.0612,5812340.063,
2227,320669.0612,5813180.063,
2228,320365.0612,5812089.063,
2229,322050.0612,5811464.063,
2230,316591.0612,5811571.063,
2231,325621.0612,5812731.063,
2232,326179.0612,5811840.063,
2233,317542.0612,5811701.063,
2234,326481.0612,5810954.063,
2235,326236.0612,5815012.063,
2236,320933.0612,5812136.063,
2237,325616.0612,5814026.063,
2238,326234.0612,5813185.063,
2239,319103.0612,5811832.063,
2240,320090.0612,5811564.063,
2241,320952.0612,5811654.063,
2242,321288.0612,5811711.063,
2243,321298.0612,5811423.063,
2244,320551.0612,5812910.063,
2245,320883.0612,5811349.063,
2246,321267.0612,5811122.063,
2247,316342.5244,5810191.854,
2248,322496.0612,5810481.063,
2249,322469.0612,5808990.063,
2250,320992.0612,5813077.063,
2251,318168.0612,5811165.063,
2252,319729.0612,5810980.063,
2253,320347.0299,5810913.954,
2254,316713.4744,5810443.103,
2255,320847.0612,5810357.063,
2256,321294.0612,5813138.063,
2257,318640.0612,5810587.063,
2258,319160.0612,5810056.063,
2259,326541.0612,5810083.063,
2260,321041.9982,5809915.565,
2261,319832.0612,5810230.063,
2262,321831.0612,5810129.063,
2263,319398.0612,5809442.063,
2264,323033.0612,5809971.063,
2265,324611.0612,5810764.063,
2266,324118.0612,5809807.063,
2267,321267.0612,5812973.063,
2268,323370.0612,5809488.063,
2269,324796.0612,5809521.063,
2270,322511.0612,5816888.063,
2271,321065.8828,5816673.84,
2272,326460.8319,5816552.098,
2273,322117.0612,5816290.435,
2274,322740.0612,5815788.063,
2275,314667.7315,5807918.687,
2276,315063.4185,5808152.757,
2277,327714.4509,5815566.123,
2278,317134.6734,5818066.837,
2279,317382.7419,5818003.562,
2280,327749.1534,5808666.437,
2281,327769.9129,5810768.86,
2282,327825.9026,5811264.889,
2283,327057.1334,5808215.942,
2284,326633.6141,5808270.409,
2285,326166.469,5808291.454,
2286,325859.2931,5808137.008,
2287,321639.9016,5808304.501,
2288,320922.8777,5808263.365,
2289,319344.5706,5818024.231,
2290,321424.1388,5818143.966,
2291,322098.8101,5818066.894,
2292,320497.9289,5818141.142,
2293,321975.6093,5808088.384,
2294,322217.545,5808189.382,
2295,327475.2577,5817479.808,
2296,327767.0612,5815631.063,
2297,322832.4667,5818015.915,
2298,323775.0707,5818121.302,
2299,318880.2044,5818285.925,
2300,324883.3638,5818108.86,
2301,318329.3205,5818321.532,
2302,312667.7511,5817614.67,
2303,325606.0791,5818146.39,
2304,326225.084,5818074.432,
2305,315504.6129,5817735.974,
2306,317246.0153,5818025.122,
2307,312441.9649,5816280.712,
2308,312629.8337,5815994.738,
2309,327572.3377,5814827.271,
2310,327711.2603,5814093.55,
2311,327662.4399,5814296.065,
2312,327678.2444,5813662.552,
2313,327691.2719,5813395.548,
2314,312420.9304,5813059.277,
2315,321183.8886,5808260.314,
2316,312683.8903,5814589.573,
2317,312500.2001,5815025.052,
2318,312580.4302,5814172.399,
2319,312462.2143,5816229.108,
2320,327608.2337,5812883.275,
2321,322603.1161,5808313.989,
2322,312429.0171,5812958.098,
2323,312353.2745,5812160.308,
2324,327587.3108,5812000.355,
2325,312612.9007,5811531.814,
2326,312510.9977,5809678.473,
2327,327567.6289,5809612.098,
2328,323420.0373,5808296.824,
2329,324217.5485,5808284.869,
2330,315400.8015,5808252.111,
2331,322498.8642,5808319.208,
2332,327581.9395,5810035.982,
2333,325028.0375,5808162.687,
2334,322364.1852,5808226.116,
2335,312575.4033,5810506.865,
2336,312932.0689,5817629.536000001,
2337,312661.2794,5816453.353333334,
2338,323432.2769,5815552.674,
2339,323426.2648,5815553.747,
2340,313374.8521,5810296.718,
2341,322479.25011901103,5812391.582774615,Melbourne Cricket Ground
2342,322625.96169486595,5811897.965339901,AAMI Park
2343,322089.4628589929,5812240.139649849,Rod Laver Arena
2344,322028.53204200504,5812261.402295203,Margaret Court Arena
2345,322417.2649517286,5812111.739862753,John Cain Arena
2346,319336.3953620228,5812578.019917993,Marvel Stadium
2347,320140.1976058347,5813743.12293561,Queen Victoria Market
2348,321785.24825832795,5806940.190962315,St Kilda Beach
