model,seed,type,RMSE,MAE,MAPE
Historical mean,-,With sensors,69.32270050048828,54.48510360717773,0.0337566286325454
DNN,42,With sensors,51.92457962036133,39.26078414916992,0.0262640956789255
DNN,43,With sensors,50.53498077392578,38.07659149169922,0.0253607779741287
DNN,44,With sensors,51.78846740722656,39.20589065551758,0.0262363962829113
LSTM,42,With sensors,33.931365966796875,25.82281494140625,0.0156299397349357
LSTM,43,With sensors,36.22050857543945,27.67816734313965,0.0166889708489179
LSTM,44,With sensors,34.60966491699219,26.656230926513672,0.0161036401987075
GRU,42,With sensors,34.56326675415039,26.41162872314453,0.0161014255136251
GRU,43,With sensors,34.28600311279297,25.94927978515625,0.0156664419919252
GRU,44,With sensors,35.20454406738281,26.70109367370605,0.0163190327584743
DNN-path,42,With sensors,61.83483505249024,40.232330322265625,0.0257678739726543
DNN-path,42,Without sensors,143.7711639404297,78.33661651611328,0.0538147874176502
DNN-path,42,Link flow total,77.71875762939453,45.24605178833008,0.0294582583010196
DNN-path,42,OD demand,28.95659446716309,24.71617126464844,0.0860375091433525
DNN-path,43,With sensors,62.01192855834961,40.45222091674805,0.0258573181927204
DNN-path,43,Without sensors,144.686279296875,78.75874328613281,0.0541404113173484
DNN-path,43,Link flow total,78.06397247314453,45.49254989624024,0.0295787770301103
DNN-path,43,OD demand,28.95659446716309,24.71617126464844,0.0860375091433525
DNN-path,44,With sensors,61.90520858764648,40.1563835144043,0.0257008224725723
DNN-path,44,Without sensors,143.89334106445312,78.73344421386719,0.0541820079088211
DNN-path,44,Link flow total,77.79711151123047,45.2323112487793,0.0294483434408903
DNN-path,44,OD demand,28.95659446716309,24.71617126464844,0.0860375091433525
GCN,42,With sensors,36.15837097167969,28.167387008666992,0.0176787320524454
GCN,42,Without sensors,120.4150161743164,100.13145446777344,0.074168637394905
GCN,42,Link flow total,55.16577911376953,37.6363410949707,0.0251116175204515
GCN,43,With sensors,39.80719375610352,31.17993354797364,0.0193209033459424
GCN,43,Without sensors,134.610595703125,107.69100952148438,0.0763240009546279
GCN,43,Link flow total,61.321475982666016,41.2471809387207,0.0268213097006082
GCN,44,With sensors,39.14061737060547,30.637414932250977,0.0192486103624105
GCN,44,Without sensors,134.289794921875,110.007568359375,0.0811391025781631
GCN,44,Link flow total,60.854522705078125,41.08085632324219,0.0273920968174934
