model,type,n,RMSE_mean,RMSE_sd,MAE_mean,MAE_sd,MAPE_mean,MAPE_sd
Historical mean,With sensors,1,69.32270050048828,,54.48510360717773,,3.37566286325454,
DNN,With sensors,3,51.416009267171226,0.7660222177416669,38.847755432128906,0.6684113188566019,2.5953756645321833,0.05137213179364554
LSTM,With sensors,3,34.92051315307617,1.1758033169212996,26.71907107035319,0.9292711102863367,1.6140850260853699,0.05304952088749601
GRU,With sensors,3,34.68460464477539,0.47113855084327233,26.354000727335613,0.379205445873089,1.6028966754674867,0.03322745565909929
DNN-path,With sensors,3,61.91732406616211,0.08916622717788301,40.280311584472656,0.15364437281791146,2.5775338212649,0.007851441756258435
DNN-path,Without sensors,3,144.11692810058594,0.4968424307016255,78.60960133870442,0.23674996470583748,5.40457355479399,0.020108542530170595
DNN-path,Link flow total,3,77.85994720458984,0.1809822238682553,45.32363764444987,0.14644354615501648,2.9495126257340067,0.007261311831645188
DNN-path,OD demand,3,28.95659446716309,0.0,24.71617126464844,0.0,8.603750914335249,0.0
GCN,With sensors,3,38.368727366129555,1.9430227899564128,29.994911829630535,1.605760517801389,1.8749415253599435,0.09279431323050298
GCN,Without sensors,3,129.7718022664388,8.104801833827521,105.94334411621094,5.1647998196022575,7.7210580309232,0.35688042019367044
GCN,Link flow total,3,59.11392593383789,3.427157543136067,39.98812611897787,2.0384027003481893,2.6441674679517697,0.11866922591758841
