day group,days,run,sensor MAPE,sensor RMSE,withheld MAPE,withheld RMSE,all-link MAPE,all-link RMSE,OD MAPE,OD RMSE
stadium event days (stadium + both),5,S=3,5.710446834564209,16.95630645751953,7.117637991905212,18.406808853149414,4.387630894780159,5.220762729644775,6.5736182034015656,0.23727311193943024
stadium event days (stadium + both),5,S=2,5.599799007177353,17.113826751708984,6.761424243450165,18.741863250732422,4.080367460846901,5.321508884429932,6.120714917778969,0.23664747178554535
stadium event days (stadium + both),5,S=1,5.758852139115334,18.103721618652344,7.0334166288375854,23.2216854095459,4.090646281838417,6.511569976806641,5.924252420663834,0.24030067026615143
POI days,5,S=3,5.268944054841995,16.55010414123535,6.840141117572784,16.42561912536621,3.7974130362272263,4.8732500076293945,6.401129812002182,0.2371574193239212
POI days,5,S=2,5.124199390411377,16.708925247192383,6.791143119335175,17.116933822631836,3.5263601690530777,4.994556903839111,6.325200200080872,0.2386714518070221
POI days,5,S=1,5.221598595380783,17.26114845275879,6.035668030381203,17.274337768554688,3.4970413893461227,5.5197649002075195,5.558682233095169,0.23269475996494293
regular days,10,S=3,5.110662057995796,16.04039192199707,5.961313843727112,15.215018272399902,3.5475462675094604,4.394134998321533,6.336451321840286,0.2386399358510971
regular days,10,S=2,4.878641292452812,16.16721534729004,5.743779242038727,15.387579917907715,3.1796894967556,4.2164692878723145,6.225154176354408,0.23623667657375336
regular days,10,S=1,5.007675662636757,16.732818603515625,5.090222880244255,16.081621170043945,3.1913641840219498,5.079240322113037,5.448425933718681,0.23745940625667572
all test days,20,S=3,5.300692096352577,16.40129852294922,6.471563130617142,16.36768913269043,3.82307730615139,4.733438968658447,6.414280831813812,0.23792865872383118
all test days,20,S=2,5.120938271284103,16.544099807739258,6.26157820224762,16.716772079467773,3.4948348999023438,4.712252140045166,6.223241984844208,0.23695021867752075
all test days,20,S=1,5.2495937794446945,17.216754913330078,5.814332515001297,18.404390335083008,3.495883569121361,5.578210353851318,5.599662661552429,0.23699431121349335
