time,Benchmark VOT,"Benchmark VOT, stadium event days",S=3,S=3 bias %,S=2,S=2 bias %,S=1,S=1 bias %
7:00,22.661997,22.66687,17.595316547275385,-22.35760745007419,19.462559097451976,-14.118075147418063,21.07815600000002,-6.9889730040693765
7:15,22.771217,22.788792,19.729878453341236,-13.356066329755745,25.99588770923483,14.161168083456733,27.336292799999978,20.04756875491376
7:30,27.441708,27.474987,30.02230450721914,9.403922426069533,33.63502844358983,22.569006711536787,31.01211600000002,13.010882702772886
7:45,27.251942,27.251194,27.48555610227848,0.857239546839117,28.83442818071215,5.806876142379913,28.45422000000004,4.411716174829894
8:00,27.283264,27.284494,30.13096587897229,10.437540398757527,26.728710656958462,-2.0325775535599,28.71232680000002,5.237872680684363
8:15,27.249786,27.251581,23.432904282081132,-14.007016576468178,28.55883876617009,4.803899638362363,28.074699599999995,3.0272282198313016
8:30,22.722378,22.722244,20.90012626066375,-8.01963392349011,24.268347038192978,6.803730121287965,25.22075040000003,10.995207664482919
8:45,22.831257,23.14584,23.528461804911224,3.0537299918889538,28.587816778729906,25.213504214622006,25.728811200000052,12.691173116282606
9:00,22.79891,23.512226,23.280314706860175,2.1115244671429556,29.951041656644026,31.370497411600695,28.003975199999992,22.83032402347318
9:15,22.91345,23.962631,19.281726952313,-15.84974436657901,21.550138200220836,-5.949833074127408,28.43787599999997,24.10996903907816
9:30,23.126827,24.46435,24.877238397808412,7.568747496809314,20.857640001511733,-9.811926274758044,32.105814,38.82498306764521
9:45,22.696783,22.69631,23.07106955871256,1.649072874475821,15.552694222006645,-31.4762176784225,20.29514399999999,-10.581407324702251
