run,template,time,VOT,theta,mean weight (training days),interpretable (weight >= 0.1)
S=3,T1,7:00,14.8323978,0.24720663,0.9074131704866886,True
S=3,T1,7:15,18.22182,0.303697,0.8362931743264198,True
S=3,T1,7:30,16.5325068,0.27554178,0.773377975821495,True
S=3,T1,7:45,26.1708948,0.43618158,0.9030959010124207,True
S=3,T1,8:00,19.9406364,0.33234394,0.8266037918627263,True
S=3,T1,8:15,22.379628,0.3729938,0.8556876473128796,True
S=3,T1,8:30,17.2585416,0.28764236,0.9043616712093353,True
S=3,T1,8:45,17.1737178,0.28622863,0.8400016628205776,True
S=3,T1,9:00,16.3542828,0.27257138,0.8075637601315975,True
S=3,T1,9:15,14.3661798,0.23943633,0.9017561934888363,True
S=3,T1,9:30,15.1114512,0.25185752,0.652573380805552,True
S=3,T1,9:45,6.4524264,0.10754044,0.5259075332432985,True
S=3,T2,7:00,60.58236,1.009706,0.033033456676639594,False
S=3,T2,7:15,22.654863600000002,0.37758106,0.02622490455396471,False
S=3,T2,7:30,65.160522,1.0860087,0.04772775666788219,False
S=3,T2,7:45,11.3302698,0.18883783,0.03891544621437787,False
S=3,T2,8:00,85.215498,1.4202583,0.15847681295126675,True
S=3,T2,8:15,32.011746,0.5335291,0.05782252703793345,False
S=3,T2,8:30,7.560757199999999,0.12601262,0.03486332977190613,False
S=3,T2,8:45,38.635416,0.6439236,0.08214599657803773,False
S=3,T2,9:00,50.204814,0.8367469,0.14763371171429754,True
S=3,T2,9:15,41.202092400000005,0.68670154,0.04922645427286624,False
S=3,T2,9:30,34.172734199999994,0.56954557,0.2822855643928051,True
S=3,T2,9:45,86.481144,1.4413524,0.17490960508584977,True
S=3,T3,7:00,35.849496,0.5974916,0.05955338031053542,False
S=3,T3,7:15,28.3453488,0.47242248,0.13748192535713313,True
S=3,T3,7:30,78.96543,1.3160905,0.17889426201581954,True
S=3,T3,7:45,58.80126,0.980021,0.057988651562482105,False
S=3,T3,8:00,9.6035928,0.16005988,0.014919383241794953,False
S=3,T3,8:15,28.1181408,0.46863568,0.08648982234299182,False
S=3,T3,8:30,82.740756,1.3790126,0.06077500144019722,False
S=3,T3,8:45,76.15398599999999,1.2692331,0.07785233389586209,False
S=3,T3,9:00,59.3999004,0.98999834,0.04480252559296785,False
S=3,T3,9:15,87.697572,1.4616262,0.04901734820450655,False
S=3,T3,9:30,82.42786199999999,1.3737977,0.06514105678070335,False
S=3,T3,9:45,15.21246,0.253541,0.2991828516125679,True
S=2,T1,7:00,19.462611,0.32437685,0.9999632373452186,True
S=2,T1,7:15,25.9936668,0.43322778,0.9999476447701454,True
S=2,T1,7:30,33.96633,0.5661055,0.9815783634781837,True
S=2,T1,7:45,20.058122400000002,0.33430204,0.8352409109473229,True
S=2,T1,8:00,26.728858199999998,0.44548097,0.9999878391623497,True
S=2,T1,8:15,18.9592998,0.31598833,0.8574921883642673,True
S=2,T1,8:30,22.2467976,0.37077996,0.9560747936367988,True
S=2,T1,8:45,28.78626,0.479771,0.9887177363038063,True
S=2,T1,9:00,24.45924,0.407654,0.7509353164583444,True
S=2,T1,9:15,17.236752,0.2872792,0.8771035302430391,True
S=2,T1,9:30,19.5433152,0.32572192,0.8087245922535657,True
S=2,T1,9:45,10.720469399999999,0.17867449,0.9368490725755692,True
S=2,T2,7:00,18.0523164,0.30087194,3.675953194033354e-05,False
S=2,T2,7:15,68.409588,1.1401598,5.2358357061166315e-05,False
S=2,T2,7:30,15.981949800000002,0.26636583,0.01842164645204317,False
S=2,T2,7:45,73.325628,1.2220938,0.16475909017026422,True
S=2,T2,8:00,14.602229999999999,0.2433705,1.2155832610005746e-05,False
S=2,T2,8:15,86.32079399999999,1.4386799,0.1425078097730875,True
S=2,T2,8:30,68.269338,1.1378223,0.04392520422115921,False
S=2,T2,8:45,11.1973086,0.18662181,0.011282260710140636,False
S=2,T2,9:00,46.508939999999996,0.775149,0.24906468577682972,True
S=2,T2,9:15,52.334475600000005,0.87224126,0.12289646733552217,True
S=2,T2,9:30,26.414689199999998,0.44024482,0.19127540539484472,True
S=2,T2,9:45,87.239136,1.4539856,0.06315092812292276,False
S=1,T1,7:00,21.078156,0.3513026,1.0,True
S=1,T1,7:15,27.3362928,0.45560488,1.0,True
S=1,T1,7:30,31.012116,0.5168686,1.0,True
S=1,T1,7:45,28.45422,0.474237,1.0,True
S=1,T1,8:00,28.7123268,0.47853878,1.0,True
S=1,T1,8:15,28.0746996,0.46791166,1.0,True
S=1,T1,8:30,25.2207504,0.42034584,1.0,True
S=1,T1,8:45,25.7288112,0.42881352,1.0,True
S=1,T1,9:00,28.0039752,0.46673292,1.0,True
S=1,T1,9:15,28.437876,0.4739646,1.0,True
S=1,T1,9:30,32.105814,0.5350969,1.0,True
S=1,T1,9:45,20.295144,0.3382524,1.0,True
