run,round,fused VOT at round end,train link loss,theta change vs previous round,link loss drop,weight change,T1 alone sensor MAPE % (train),T2 alone sensor MAPE % (train),T3 alone sensor MAPE % (train)
S=3,1,19.860798561862158,303.20271759033204,,,,7.080536051212237,11.494100777605095,11.844990973158454
S=3,2,23.305811918055586,297.29952850341795,0.40806380722519664,0.01946944649384741,0.11597118377685545,5.931055268394248,11.512521914441793,11.59921331665079
S=3,3,24.420477650305763,284.6155548095703,0.11035080793889354,0.042663954960499795,0.030602973699569658,6.4522403765803125,11.558183315580925,11.840944968454567
S=3,final,23.603424474359684,272.5253189086914,,,,5.53626332740946,11.19987208973732,11.476001970809389
S=3,"blocks: R1 D 20/20, R1 TH 15/15, R1 A 8/15, R2 D 8/8, R2 TH 10/10, R2 A 6/8, R3 D 5/5, R3 TH 8/8, R3 A 6/6, R4 J 5/5",,,,,,,,
S=2,1,22.02911359316988,320.0795654296875,,,,6.866508497640133,11.765972601316358,
S=2,2,25.43384274681019,289.1050598144531,0.4686482357317785,0.09677126864894658,0.0628491282463074,6.323942267593889,11.896998825248286,
S=2,3,25.293439525289,285.5928207397461,0.11744250107383773,0.012148659995647071,0.04114015214145184,6.272638902942379,12.034172450702957,
S=2,final,25.481791697173765,275.7066986083984,,,,5.4279093740807705,11.66863211722735,
S=2,"blocks: R1 D 14/20, R1 TH 15/15, R1 A 8/15, R2 D 8/8, R2 TH 10/10, R2 A 6/8, R3 D 5/5, R3 TH 8/8, R3 A 6/6, R4 J 5/5",,,,,,,,
S=1,1,27.895353734493256,304.6777801513672,,,,6.691916705506311,,
S=1,2,27.113763689994812,304.35333251953125,0.055910272723024415,0.0010648877370537102,0.0,6.691267856884221,,
S=1,3,27.075943648815155,295.71717376708983,0.06590081415877666,0.028375436802181908,0.0,5.758820436540802,,
S=1,final,27.0383483171463,279.7857467651367,,,,5.26974341080877,,
S=1,"blocks: R1 D 20/20, R1 TH 14/15, R2 D 6/8, R2 TH 10/10, R3 D 5/5, R3 TH 8/8, R4 J 5/5",,,,,,,,
