Time,OD demand Regular,OD demand POI,OD demand Stadium,Sensor counts Regular,Sensor counts POI,Sensor counts Stadium,Benchmark VOT Regular,Benchmark VOT Stadium
7:00,20.4,21.0,20.4,75.8,78.0,75.8,22.6,22.6
7:15,21.5,23.4,21.5,80.2,86.7,80.1,22.6,22.6
7:30,22.8,26.5,22.8,82.3,94.8,82.1,27.2,27.2
7:45,22.3,22.3,22.3,81.7,80.7,81.8,27.3,27.3
8:00,28.8,28.8,28.8,89.1,89.6,89.0,27.3,27.3
8:15,28.8,28.8,28.8,88.2,88.0,88.2,27.2,27.3
8:30,28.0,28.0,28.0,87.1,87.1,87.2,22.7,22.7
8:45,27.6,27.6,28.5,81.7,81.6,85.3,22.7,23.1
9:00,20.8,20.8,22.6,69.3,69.4,76.3,22.6,23.5
9:15,19.3,19.3,22.0,64.1,64.1,74.5,22.6,23.9
9:30,18.4,18.3,21.9,61.9,61.9,75.9,22.7,24.4
9:45,13.9,13.9,13.9,41.5,41.6,41.2,22.7,22.7
