Templates,day group,Type of flow,RMSE,MAE,MAPE (%)
S=1,stadium event days (stadium + both),Link flow (with sensors),18.103721618652344,8.237055778503418,5.758852005004883
S=1,stadium event days (stadium + both),Link flow (without sensors),23.2216854095459,10.025796890258789,7.033416748046875
S=1,stadium event days (stadium + both),Link flow (all road links),8.58787727355957,3.3336181640625,3.4341092109680176
S=1,stadium event days (stadium + both),OD demand,0.24030067026615143,0.05899284407496452,5.924252986907959
S=1,POI days,Link flow (with sensors),17.26114845275879,7.691957473754883,5.221599102020264
S=1,POI days,Link flow (without sensors),17.274337768554688,8.152195930480957,6.035667896270752
S=1,POI days,Link flow (all road links),7.326223373413086,2.986508846282959,2.9218690395355225
S=1,POI days,OD demand,0.23269475996494293,0.05413154140114784,5.558682441711426
S=1,regular days,Link flow (with sensors),16.732818603515625,7.487411022186279,5.007675647735596
S=1,regular days,Link flow (without sensors),16.081621170043945,7.404984951019287,5.0902228355407715
S=1,regular days,Link flow (all road links),6.799765586853027,2.744152545928955,2.6817467212677
S=1,regular days,OD demand,0.23745940625667572,0.05176848918199539,5.448425769805908
S=1,all test days,Link flow (with sensors),17.216754913330078,7.725958824157715,5.249593257904053
S=1,all test days,Link flow (without sensors),18.404390335083008,8.246991157531738,5.814332485198975
S=1,all test days,Link flow (all road links),7.414492607116699,2.9521079063415527,2.930685043334961
S=1,all test days,OD demand,0.23699431121349335,0.05416534096002579,5.599663257598877
S=2,stadium event days (stadium + both),Link flow (with sensors),17.113826751708984,7.940315246582031,5.599799633026123
S=2,stadium event days (stadium + both),Link flow (without sensors),18.741863250732422,9.025300979614258,6.7614240646362305
S=2,stadium event days (stadium + both),Link flow (all road links),7.027505874633789,3.155552864074707,3.532015800476074
S=2,stadium event days (stadium + both),OD demand,0.23664747178554535,0.059256963431835175,6.12071418762207
S=2,POI days,Link flow (with sensors),16.708925247192383,7.480546474456787,5.124198913574219
S=2,POI days,Link flow (without sensors),17.116933822631836,8.015801429748535,6.791142463684082
S=2,POI days,Link flow (all road links),6.598868370056152,2.8485329151153564,2.9776270389556885
S=2,POI days,OD demand,0.2386714518070221,0.0577092245221138,6.325200080871582
S=2,regular days,Link flow (with sensors),16.16721534729004,7.250367164611816,4.878640651702881
S=2,regular days,Link flow (without sensors),15.387579917907715,7.135076522827148,5.743779182434082
S=2,regular days,Link flow (all road links),5.6337456703186035,2.4953606128692627,2.687077283859253
S=2,regular days,OD demand,0.23623667657375336,0.05510325729846954,6.225154399871826
S=2,all test days,Link flow (with sensors),16.544099807739258,7.480398178100586,5.120938301086426
S=2,all test days,Link flow (without sensors),16.716772079467773,7.82781457901001,6.261577606201172
S=2,all test days,Link flow (all road links),6.253180980682373,2.748701572418213,2.971870183944702
S=2,all test days,OD demand,0.23695021867752075,0.05679317191243172,6.223241806030273
S=3,stadium event days (stadium + both),Link flow (with sensors),16.95630645751953,7.802774906158447,5.710446834564209
S=3,stadium event days (stadium + both),Link flow (without sensors),18.406808853149414,8.852330207824707,7.117638111114502
S=3,stadium event days (stadium + both),Link flow (all road links),6.8968915939331055,3.0372767448425293,3.76776123046875
S=3,stadium event days (stadium + both),OD demand,0.23727311193943024,0.06349808722734451,6.573618412017822
S=3,POI days,Link flow (with sensors),16.55010414123535,7.39512300491333,5.268944263458252
S=3,POI days,Link flow (without sensors),16.42561912536621,7.998803615570068,6.840141296386719
S=3,POI days,Link flow (all road links),6.461452484130859,2.7819736003875732,3.234769344329834
S=3,POI days,OD demand,0.2371574193239212,0.05972570925951004,6.401129722595215
S=3,regular days,Link flow (with sensors),16.04039192199707,7.208958625793457,5.110662937164307
S=3,regular days,Link flow (without sensors),15.215018272399902,7.137634754180908,5.961313724517822
S=3,regular days,Link flow (all road links),5.875288009643555,2.548844337463379,3.036381483078003
S=3,regular days,OD demand,0.2386399358510971,0.057639990001916885,6.336451530456543
S=3,all test days,Link flow (with sensors),16.40129852294922,7.403953552246094,5.300692081451416
S=3,all test days,Link flow (without sensors),16.36768913269043,7.781599998474121,6.471563339233398
S=3,all test days,Link flow (all road links),6.291969299316406,2.7292349338531494,3.2696123123168945
S=3,all test days,OD demand,0.23792865872383118,0.05962594226002693,6.414280891418457
