Time step / period,Benchmark,S=1,S=2,S=3
7:00,22.7,21.1 (-7.0%),19.5 (-14.1%),17.6 (-22.4%)
7:15,22.8,27.3 (+20.0%),26.0 (+14.2%),19.7 (-13.4%)
7:30,27.4,31.0 (+13.0%),33.6 (+22.6%),30.0 (+9.4%)
7:45,27.3,28.5 (+4.4%),28.8 (+5.8%),27.5 (+0.9%)
8:00,27.3,28.7 (+5.2%),26.7 (-2.0%),30.1 (+10.4%)
8:15,27.2,28.1 (+3.0%),28.6 (+4.8%),23.4 (-14.0%)
8:30,22.7,25.2 (+11.0%),24.3 (+6.8%),20.9 (-8.0%)
8:45,22.8,25.7 (+12.7%),28.6 (+25.2%),23.5 (+3.1%)
9:00,22.8,28.0 (+22.8%),30.0 (+31.4%),23.3 (+2.1%)
9:15,22.9,28.4 (+24.1%),21.6 (-5.9%),19.3 (-15.8%)
9:30,23.1,32.1 (+38.8%),20.9 (-9.8%),24.9 (+7.6%)
9:45,22.7,20.3 (-10.6%),15.6 (-31.5%),23.1 (+1.6%)
7:00-9:45 (all),24.3,27.0 (+11.2%),25.3 (+4.2%),23.6 (-2.9%)
7:00-8:30,25.3,27.1 (+7.1%),26.8 (+5.7%),24.2 (-4.6%)
8:45-9:45 (stadium),22.9,26.9 (+17.7%),23.3 (+1.9%),22.8 (-0.3%)
MAPE (12 time steps),--,14.4%,14.5%,9.1%
Correlation (12 time steps),--,0.47,0.60,0.78
