Item,Block-wise,Joint
MAPE (%) Links with sensors,5.3,5.65
MAPE (%) Links without sensors,6.47,9.98
MAPE (%) All road links,3.27,4.27
MAPE (%) OD demand,6.41,5.2
RMSE Links with sensors,16.4,16.19
RMSE Links without sensors,16.37,15.98
RMSE All road links,6.29,7.06
Fused VOT (AUD/h; benchmark 24.3),23.6 (-2.9%),39.0 (+60.3%)
Mean weights T1/T2/T3,0.81/0.09/0.09,0.45/0.29/0.26
"Each template alone, MAPE (%) on all road links (training days)",3.1/8.7/9.0,13.2/22.3/24.6
Epochs,91,100
Training time (min),44.0,85.5
Time per epoch (s),29.0,51.3
Peak memory (GB),6.5,6.3
