Templates,Type of flow,RMSE,MAE,MAPE (%)
S=1,Link flow (with sensors),17.22,7.73,5.25
S=1,Link flow (without sensors),18.4,8.25,5.81
S=1,Link flow (all road links),7.41,2.95,2.93
S=1,OD demand,0.237,0.054,5.6
S=2,Link flow (with sensors),16.54,7.48,5.12
S=2,Link flow (without sensors),16.72,7.83,6.26
S=2,Link flow (all road links),6.25,2.75,2.97
S=2,OD demand,0.237,0.057,6.22
S=3,Link flow (with sensors),16.4,7.4,5.3
S=3,Link flow (without sensors),16.37,7.78,6.47
S=3,Link flow (all road links),6.29,2.73,3.27
S=3,OD demand,0.238,0.06,6.41
