theta,theta_label,rank,templates,mean_distance_%
0.18829166666666666,0.25 x wage,1,T1+T2+T3,5.335886927775224
0.18829166666666666,0.25 x wage,2,T1+T2+both,5.338354082871802
0.18829166666666666,0.25 x wage,3,T1+T2+poi_late,5.340919744657337
0.18829166666666666,0.25 x wage,4,T1+T2+lvl080,5.349326939807773
0.18829166666666666,0.25 x wage,5,T1+T2+stad_early,5.350836124399683
0.18829166666666666,0.25 x wage,6,T1+T2+lvl120,5.350863629024509
0.18829166666666666,0.25 x wage,7,T1+T2+stad2x,5.351959544100855
0.18829166666666666,0.25 x wage,8,T1+T2+other_event,5.353247013871443
0.18829166666666666,0.25 x wage,9,T1+lvl080+both,5.368291159809089
0.18829166666666666,0.25 x wage,10,T1+poi_late+both,5.374809455552541
0.18829166666666666,0.25 x wage,11,T1+lvl080+stad_early,5.377143609608673
0.18829166666666666,0.25 x wage,12,T1+stad_early+poi_late,5.3776446997789416
0.18829166666666666,0.25 x wage,13,T1+T3+both,5.3791429525031145
0.18829166666666666,0.25 x wage,14,T1+T3+stad_early,5.380226976563536
0.18829166666666666,0.25 x wage,15,T1+other_event+both,5.380786478210598
0.18829166666666666,0.25 x wage,16,T1+stad_early+both,5.383986222509299
0.18829166666666666,0.25 x wage,17,T1+stad2x+both,5.384005687316751
0.18829166666666666,0.25 x wage,18,T1+stad_early+other_event,5.384933964763953
0.18829166666666666,0.25 x wage,19,T1+lvl120+both,5.385605581356905
0.18829166666666666,0.25 x wage,20,T1+lvl120+stad_early,5.392019993786935
0.18829166666666666,0.25 x wage,21,T1+stad2x+stad_early,5.392904876654976
0.18829166666666666,0.25 x wage,22,T1+stad2x+other_event,5.414057372407228
0.18829166666666666,0.25 x wage,23,T1+stad2x+poi_late,5.422705990330927
0.18829166666666666,0.25 x wage,24,T1+T3+other_event,5.424732043951985
0.18829166666666666,0.25 x wage,25,T1+T3+stad2x,5.425097082042561
0.18829166666666666,0.25 x wage,26,T1+lvl080+stad2x,5.425511765267791
0.18829166666666666,0.25 x wage,27,T1+poi_late+other_event,5.428859450710156
0.18829166666666666,0.25 x wage,28,T1+lvl080+other_event,5.431115611134097
0.18829166666666666,0.25 x wage,29,T1+lvl120+stad2x,5.435782690560717
0.18829166666666666,0.25 x wage,30,T1+lvl120+other_event,5.43624607276348
0.18829166666666666,0.25 x wage,31,T1+T3+lvl080,5.4644693252539405
0.18829166666666666,0.25 x wage,32,T1+T3+poi_late,5.470649371561287
0.18829166666666666,0.25 x wage,33,T1+lvl080+poi_late,5.470939131461096
0.18829166666666666,0.25 x wage,34,T1+lvl080+lvl120,5.471575901580336
0.18829166666666666,0.25 x wage,35,T1+lvl120+poi_late,5.471787079240402
0.18829166666666666,0.25 x wage,36,T1+T3+lvl120,5.47472083408604
0.18829166666666666,0.25 x wage,37,T2+T3+lvl080,6.173976846318532
0.18829166666666666,0.25 x wage,38,T2+lvl080+lvl120,6.25500934035004
0.18829166666666666,0.25 x wage,39,T2+lvl080+other_event,6.407183459916423
0.18829166666666666,0.25 x wage,40,T2+lvl080+poi_late,6.459662401697925
0.18829166666666666,0.25 x wage,41,T3+lvl080+other_event,6.475764370777042
0.18829166666666666,0.25 x wage,42,lvl080+lvl120+other_event,6.476446904857864
0.18829166666666666,0.25 x wage,43,T2+lvl080+both,6.5118142037646844
0.18829166666666666,0.25 x wage,44,lvl080+other_event+both,6.5422670812481405
0.18829166666666666,0.25 x wage,45,lvl080+stad_early+other_event,6.5630511200782085
0.18829166666666666,0.25 x wage,46,T2+T3+other_event,6.581268305344769
0.18829166666666666,0.25 x wage,47,lvl080+stad2x+other_event,6.601280348251263
0.18829166666666666,0.25 x wage,48,lvl080+lvl120+both,6.608855698133262
0.18829166666666666,0.25 x wage,49,lvl080+lvl120+stad_early,6.624976477579553
0.18829166666666666,0.25 x wage,50,T2+lvl080+stad_early,6.646526095048241
0.18829166666666666,0.25 x wage,51,T3+lvl080+stad_early,6.650160117721919
0.18829166666666666,0.25 x wage,52,T3+lvl080+lvl120,6.650396420638126
0.18829166666666666,0.25 x wage,53,T2+T3+poi_late,6.656918658673846
0.18829166666666666,0.25 x wage,54,lvl080+lvl120+stad2x,6.658111043779488
0.18829166666666666,0.25 x wage,55,lvl080+lvl120+poi_late,6.66252702153792
0.18829166666666666,0.25 x wage,56,T3+lvl080+both,6.664032663281335
0.18829166666666666,0.25 x wage,57,T2+T3+lvl120,6.670510473612583
0.18829166666666666,0.25 x wage,58,T2+T3+stad2x,6.671764455236075
0.18829166666666666,0.25 x wage,59,T2+T3+both,6.672275259655964
0.18829166666666666,0.25 x wage,60,T2+T3+stad_early,6.6724447930674256
0.18829166666666666,0.25 x wage,61,lvl080+poi_late+other_event,6.710776958124352
0.18829166666666666,0.25 x wage,62,T3+lvl080+stad2x,6.711915046087798
0.18829166666666666,0.25 x wage,63,T2+lvl080+stad2x,6.730424041160534
0.18829166666666666,0.25 x wage,64,lvl080+poi_late+both,6.75905570322891
0.18829166666666666,0.25 x wage,65,lvl080+stad_early+poi_late,6.764910901345196
0.18829166666666666,0.25 x wage,66,T3+lvl080+poi_late,6.765100598786344
0.18829166666666666,0.25 x wage,67,lvl080+stad2x+poi_late,6.850995211872828
0.18829166666666666,0.25 x wage,68,lvl080+stad2x+both,6.871312971112263
0.18829166666666666,0.25 x wage,69,T2+poi_late+other_event,6.871544426322849
0.18829166666666666,0.25 x wage,70,lvl080+stad_early+both,6.8724633876546175
0.18829166666666666,0.25 x wage,71,T2+lvl120+other_event,6.887363870858963
0.18829166666666666,0.25 x wage,72,T2+other_event+both,6.927241112642421
0.18829166666666666,0.25 x wage,73,T2+stad2x+other_event,6.943066811625141
0.18829166666666666,0.25 x wage,74,T2+stad_early+other_event,6.952217032601002
0.18829166666666666,0.25 x wage,75,T2+lvl120+poi_late,6.961972443325437
0.18829166666666666,0.25 x wage,76,lvl080+stad2x+stad_early,6.987217227731031
0.18829166666666666,0.25 x wage,77,T2+poi_late+both,7.027876568929692
0.18829166666666666,0.25 x wage,78,T2+stad2x+poi_late,7.031843493428047
0.18829166666666666,0.25 x wage,79,T2+stad_early+poi_late,7.037173606491804
0.18829166666666666,0.25 x wage,80,T2+lvl120+both,7.204612037118128
0.18829166666666666,0.25 x wage,81,T2+lvl120+stad2x,7.214798025571903
0.18829166666666666,0.25 x wage,82,T2+lvl120+stad_early,7.217429329038046
0.18829166666666666,0.25 x wage,83,T3+stad2x+other_event,7.234919303462734
0.18829166666666666,0.25 x wage,84,T3+stad_early+other_event,7.236067624628934
0.18829166666666666,0.25 x wage,85,T3+other_event+both,7.239737589767876
0.18829166666666666,0.25 x wage,86,T3+poi_late+other_event,7.264429601722057
0.18829166666666666,0.25 x wage,87,T3+lvl120+other_event,7.27284705715531
0.18829166666666666,0.25 x wage,88,T2+stad2x+both,7.3879774953434145
0.18829166666666666,0.25 x wage,89,T2+stad_early+both,7.389491894379126
0.18829166666666666,0.25 x wage,90,stad2x+poi_late+other_event,7.433163836112702
0.18829166666666666,0.25 x wage,91,stad2x+other_event+both,7.475061634410434
0.18829166666666666,0.25 x wage,92,poi_late+other_event+both,7.488474493997581
0.18829166666666666,0.25 x wage,93,stad2x+stad_early+other_event,7.490233265719766
0.18829166666666666,0.25 x wage,94,lvl120+stad2x+other_event,7.491598674600161
0.18829166666666666,0.25 x wage,95,stad_early+poi_late+other_event,7.511422923436377
0.18829166666666666,0.25 x wage,96,lvl120+poi_late+other_event,7.5382505176389145
0.18829166666666666,0.25 x wage,97,lvl120+other_event+both,7.541876517185808
0.18829166666666666,0.25 x wage,98,stad_early+other_event+both,7.552779778964888
0.18829166666666666,0.25 x wage,99,T2+stad2x+stad_early,7.577099496572735
0.18829166666666666,0.25 x wage,100,lvl120+stad_early+other_event,7.586899823891667
0.18829166666666666,0.25 x wage,101,T3+stad2x+poi_late,7.806809488697517
0.18829166666666666,0.25 x wage,102,T3+poi_late+both,7.819952432067308
0.18829166666666666,0.25 x wage,103,T3+stad_early+poi_late,7.8247873046851675
0.18829166666666666,0.25 x wage,104,T3+lvl120+poi_late,7.912965423066858
0.18829166666666666,0.25 x wage,105,T3+stad2x+both,8.009890725647157
0.18829166666666666,0.25 x wage,106,T3+stad2x+stad_early,8.01742975175393
0.18829166666666666,0.25 x wage,107,lvl120+stad2x+poi_late,8.043424126027219
0.18829166666666666,0.25 x wage,108,T3+lvl120+stad2x,8.055327499690197
0.18829166666666666,0.25 x wage,109,stad2x+poi_late+both,8.05747421578682
0.18829166666666666,0.25 x wage,110,T3+lvl120+both,8.06835860146751
0.18829166666666666,0.25 x wage,111,T3+stad_early+both,8.068504588614676
0.18829166666666666,0.25 x wage,112,stad2x+stad_early+poi_late,8.07333252065105
0.18829166666666666,0.25 x wage,113,T3+lvl120+stad_early,8.077079853892991
0.18829166666666666,0.25 x wage,114,lvl120+poi_late+both,8.123707837936664
0.18829166666666666,0.25 x wage,115,lvl120+stad_early+poi_late,8.146478069407387
0.18829166666666666,0.25 x wage,116,stad_early+poi_late+both,8.188660735254572
0.18829166666666666,0.25 x wage,117,lvl120+stad2x+both,8.886254915235035
0.18829166666666666,0.25 x wage,118,lvl120+stad_early+both,9.023214584693012
0.18829166666666666,0.25 x wage,119,stad2x+stad_early+both,9.030373418316548
0.18829166666666666,0.25 x wage,120,lvl120+stad2x+stad_early,9.103963251237492
0.3765833333333333,0.5 x wage,1,T1+T2+T3,5.152201668737962
0.3765833333333333,0.5 x wage,2,T1+T2+both,5.154446223612021
0.3765833333333333,0.5 x wage,3,T1+T2+poi_late,5.157028935911234
0.3765833333333333,0.5 x wage,4,T1+T2+lvl120,5.160241073777212
0.3765833333333333,0.5 x wage,5,T1+T2+stad_early,5.161592451284928
0.3765833333333333,0.5 x wage,6,T1+T2+lvl080,5.1618748377637065
0.3765833333333333,0.5 x wage,7,T1+T2+stad2x,5.163137665274008
0.3765833333333333,0.5 x wage,8,T1+T2+other_event,5.163145810539891
0.3765833333333333,0.5 x wage,9,T1+lvl080+both,5.188644940309387
0.3765833333333333,0.5 x wage,10,T1+poi_late+both,5.191566709583026
0.3765833333333333,0.5 x wage,11,T1+T3+both,5.193149057103594
0.3765833333333333,0.5 x wage,12,T1+stad_early+poi_late,5.19391305438682
0.3765833333333333,0.5 x wage,13,T1+T3+stad_early,5.194295685054313
0.3765833333333333,0.5 x wage,14,T1+other_event+both,5.194298863064832
0.3765833333333333,0.5 x wage,15,T1+lvl080+stad_early,5.194363238271902
0.3765833333333333,0.5 x wage,16,T1+stad_early+both,5.19664677347794
0.3765833333333333,0.5 x wage,17,T1+stad_early+other_event,5.1967374118035075
0.3765833333333333,0.5 x wage,18,T1+lvl120+both,5.196753571811226
0.3765833333333333,0.5 x wage,19,T1+stad2x+both,5.19703814273521
0.3765833333333333,0.5 x wage,20,T1+lvl120+stad_early,5.201266830492146
0.3765833333333333,0.5 x wage,21,T1+stad2x+stad_early,5.20365663121838
0.3765833333333333,0.5 x wage,22,T1+stad2x+other_event,5.225383144227017
0.3765833333333333,0.5 x wage,23,T1+T3+other_event,5.233778021797368
0.3765833333333333,0.5 x wage,24,T1+poi_late+other_event,5.238112880956295
0.3765833333333333,0.5 x wage,25,T1+T3+stad2x,5.238974861293229
0.3765833333333333,0.5 x wage,26,T1+stad2x+poi_late,5.23910922813426
0.3765833333333333,0.5 x wage,27,T1+lvl080+other_event,5.240112154265157
0.3765833333333333,0.5 x wage,28,T1+lvl120+other_event,5.240348402192556
0.3765833333333333,0.5 x wage,29,T1+lvl080+stad2x,5.241108666611687
0.3765833333333333,0.5 x wage,30,T1+lvl120+stad2x,5.245084646691402
0.3765833333333333,0.5 x wage,31,T1+T3+lvl080,5.27584691391784
0.3765833333333333,0.5 x wage,32,T1+lvl120+poi_late,5.2782897322981555
0.3765833333333333,0.5 x wage,33,T1+lvl080+lvl120,5.278811400302534
0.3765833333333333,0.5 x wage,34,T1+T3+lvl120,5.27899096094766
0.3765833333333333,0.5 x wage,35,T1+T3+poi_late,5.2792535921101145
0.3765833333333333,0.5 x wage,36,T1+lvl080+poi_late,5.2828193638235454
0.3765833333333333,0.5 x wage,37,T2+T3+lvl080,5.990028762447748
0.3765833333333333,0.5 x wage,38,T2+lvl080+lvl120,6.041318827232089
0.3765833333333333,0.5 x wage,39,T2+lvl080+other_event,6.213162201819135
0.3765833333333333,0.5 x wage,40,lvl080+lvl120+other_event,6.267215543892819
0.3765833333333333,0.5 x wage,41,T2+lvl080+poi_late,6.272141964161185
0.3765833333333333,0.5 x wage,42,T3+lvl080+other_event,6.285037567500954
0.3765833333333333,0.5 x wage,43,T2+lvl080+both,6.301025626793852
0.3765833333333333,0.5 x wage,44,T2+T3+other_event,6.349575382326715
0.3765833333333333,0.5 x wage,45,lvl080+other_event+both,6.357801140621176
0.3765833333333333,0.5 x wage,46,lvl080+stad_early+other_event,6.370139010861803
0.3765833333333333,0.5 x wage,47,lvl080+lvl120+both,6.373742266062445
0.3765833333333333,0.5 x wage,48,lvl080+lvl120+stad_early,6.380697694000202
0.3765833333333333,0.5 x wage,49,T2+lvl080+stad_early,6.406317152122018
0.3765833333333333,0.5 x wage,50,T3+lvl080+lvl120,6.406986949811834
0.3765833333333333,0.5 x wage,51,T2+T3+poi_late,6.410838999204975
0.3765833333333333,0.5 x wage,52,lvl080+lvl120+stad2x,6.415011328759969
0.3765833333333333,0.5 x wage,53,T2+T3+lvl120,6.417273711955746
0.3765833333333333,0.5 x wage,54,lvl080+stad2x+other_event,6.417935232664081
0.3765833333333333,0.5 x wage,55,T3+lvl080+stad_early,6.419247756724854
0.3765833333333333,0.5 x wage,56,T2+T3+stad2x,6.422155150919432
0.3765833333333333,0.5 x wage,57,T2+T3+both,6.422214068119628
0.3765833333333333,0.5 x wage,58,T2+T3+stad_early,6.422438849543087
0.3765833333333333,0.5 x wage,59,lvl080+lvl120+poi_late,6.427833017210133
0.3765833333333333,0.5 x wage,60,T3+lvl080+both,6.439691965610667
0.3765833333333333,0.5 x wage,61,T3+lvl080+stad2x,6.484071984631422
0.3765833333333333,0.5 x wage,62,T2+lvl080+stad2x,6.495693309550969
0.3765833333333333,0.5 x wage,63,lvl080+poi_late+other_event,6.517288940252501
0.3765833333333333,0.5 x wage,64,T3+lvl080+poi_late,6.536341317290935
0.3765833333333333,0.5 x wage,65,lvl080+stad_early+poi_late,6.539122934832039
0.3765833333333333,0.5 x wage,66,lvl080+poi_late+both,6.545282540737831
0.3765833333333333,0.5 x wage,67,T2+lvl120+other_event,6.595019328652017
0.3765833333333333,0.5 x wage,68,T2+poi_late+other_event,6.6182220818342925
0.3765833333333333,0.5 x wage,69,lvl080+stad_early+both,6.634074224228842
0.3765833333333333,0.5 x wage,70,lvl080+stad2x+both,6.638191547608901
0.3765833333333333,0.5 x wage,71,lvl080+stad2x+poi_late,6.643314346590244
0.3765833333333333,0.5 x wage,72,T2+other_event+both,6.655964324124987
0.3765833333333333,0.5 x wage,73,T2+lvl120+poi_late,6.66809167778509
0.3765833333333333,0.5 x wage,74,T2+stad2x+other_event,6.66825549054189
0.3765833333333333,0.5 x wage,75,T2+stad_early+other_event,6.675658094119634
0.3765833333333333,0.5 x wage,76,lvl080+stad2x+stad_early,6.723845374667045
0.3765833333333333,0.5 x wage,77,T2+poi_late+both,6.76453784888458
0.3765833333333333,0.5 x wage,78,T2+stad2x+poi_late,6.770761334075261
0.3765833333333333,0.5 x wage,79,T2+stad_early+poi_late,6.775382875561863
0.3765833333333333,0.5 x wage,80,T2+lvl120+both,6.823542771713247
0.3765833333333333,0.5 x wage,81,T2+lvl120+stad2x,6.829805123976082
0.3765833333333333,0.5 x wage,82,T2+lvl120+stad_early,6.831729653582645
0.3765833333333333,0.5 x wage,83,T3+stad_early+other_event,6.989228522043124
0.3765833333333333,0.5 x wage,84,T3+stad2x+other_event,6.989857075068406
0.3765833333333333,0.5 x wage,85,T3+other_event+both,6.991898979641252
0.3765833333333333,0.5 x wage,86,T3+poi_late+other_event,7.016402316844824
0.3765833333333333,0.5 x wage,87,T3+lvl120+other_event,7.021471022250952
0.3765833333333333,0.5 x wage,88,T2+stad2x+both,7.033588855337988
0.3765833333333333,0.5 x wage,89,T2+stad_early+both,7.034790045747739
0.3765833333333333,0.5 x wage,90,T2+stad2x+stad_early,7.175861106662565
0.3765833333333333,0.5 x wage,91,stad2x+poi_late+other_event,7.1794761774011855
0.3765833333333333,0.5 x wage,92,stad2x+other_event+both,7.208035867327835
0.3765833333333333,0.5 x wage,93,lvl120+stad2x+other_event,7.208387132043763
0.3765833333333333,0.5 x wage,94,stad2x+stad_early+other_event,7.2260928324610685
0.3765833333333333,0.5 x wage,95,poi_late+other_event+both,7.2300146860478725
0.3765833333333333,0.5 x wage,96,stad_early+poi_late+other_event,7.2476401423829895
0.3765833333333333,0.5 x wage,97,lvl120+poi_late+other_event,7.248663196911702
0.3765833333333333,0.5 x wage,98,lvl120+other_event+both,7.25596121914857
0.3765833333333333,0.5 x wage,99,stad_early+other_event+both,7.284191202210688
0.3765833333333333,0.5 x wage,100,lvl120+stad_early+other_event,7.286144793338608
0.3765833333333333,0.5 x wage,101,T3+stad2x+poi_late,7.503195164193549
0.3765833333333333,0.5 x wage,102,T3+poi_late+both,7.5129167922291185
0.3765833333333333,0.5 x wage,103,T3+stad_early+poi_late,7.515787814009327
0.3765833333333333,0.5 x wage,104,T3+lvl120+poi_late,7.590338315665214
0.3765833333333333,0.5 x wage,105,T3+stad2x+both,7.661927480942605
0.3765833333333333,0.5 x wage,106,T3+stad2x+stad_early,7.669626986646265
0.3765833333333333,0.5 x wage,107,lvl120+stad2x+poi_late,7.6953618049565335
0.3765833333333333,0.5 x wage,108,T3+lvl120+stad2x,7.700324219034275
0.3765833333333333,0.5 x wage,109,T3+lvl120+both,7.709292533208237
0.3765833333333333,0.5 x wage,110,T3+lvl120+stad_early,7.71371619924338
0.3765833333333333,0.5 x wage,111,T3+stad_early+both,7.715796614398893
0.3765833333333333,0.5 x wage,112,stad2x+poi_late+both,7.748012233371454
0.3765833333333333,0.5 x wage,113,stad2x+stad_early+poi_late,7.767046095793755
0.3765833333333333,0.5 x wage,114,lvl120+poi_late+both,7.767559892492989
0.3765833333333333,0.5 x wage,115,lvl120+stad_early+poi_late,7.780341432561015
0.3765833333333333,0.5 x wage,116,stad_early+poi_late+both,7.8679057736173705
0.3765833333333333,0.5 x wage,117,lvl120+stad2x+both,8.361447424963297
0.3765833333333333,0.5 x wage,118,lvl120+stad_early+both,8.507240030490754
0.3765833333333333,0.5 x wage,119,lvl120+stad2x+stad_early,8.514218201624885
0.3765833333333333,0.5 x wage,120,stad2x+stad_early+both,8.565536314305996
0.7531666666666667,1 x wage,1,T1+lvl080+stad_early,5.966294945520629
0.7531666666666667,1 x wage,2,T1+T2+lvl080,5.9802023821658405
0.7531666666666667,1 x wage,3,T1+lvl080+both,5.985496866286468
0.7531666666666667,1 x wage,4,T1+lvl080+stad2x,5.990588673255762
0.7531666666666667,1 x wage,5,T1+lvl080+lvl120,6.0321744291736605
0.7531666666666667,1 x wage,6,T1+lvl080+other_event,6.0516352233579065
0.7531666666666667,1 x wage,7,T1+T3+lvl080,6.071624283132251
0.7531666666666667,1 x wage,8,T1+lvl080+poi_late,6.076573264787926
0.7531666666666667,1 x wage,9,T1+T2+stad2x,6.2135754136190835
0.7531666666666667,1 x wage,10,T1+stad2x+stad_early,6.215741821145847
0.7531666666666667,1 x wage,11,T1+stad2x+both,6.225869570918171
0.7531666666666667,1 x wage,12,T1+T2+stad_early,6.233123313704516
0.7531666666666667,1 x wage,13,T1+T2+lvl120,6.235507769103867
0.7531666666666667,1 x wage,14,T1+lvl120+stad_early,6.236028301045185
0.7531666666666667,1 x wage,15,T1+lvl120+stad2x,6.240064142356154
0.7531666666666667,1 x wage,16,T1+stad_early+poi_late,6.2420367609232645
0.7531666666666667,1 x wage,17,T1+T3+stad_early,6.242415333026816
0.7531666666666667,1 x wage,18,T1+stad_early+both,6.244128117165883
0.7531666666666667,1 x wage,19,T1+stad_early+other_event,6.24577944123487
0.7531666666666667,1 x wage,20,T1+stad2x+poi_late,6.247174303996397
0.7531666666666667,1 x wage,21,T1+T3+stad2x,6.247175300472514
0.7531666666666667,1 x wage,22,T1+stad2x+other_event,6.247887148691593
0.7531666666666667,1 x wage,23,T1+T2+both,6.257395955888209
0.7531666666666667,1 x wage,24,T1+lvl120+both,6.260075499077206
0.7531666666666667,1 x wage,25,T1+T2+T3,6.266182152264064
0.7531666666666667,1 x wage,26,T1+T2+poi_late,6.26817218324839
0.7531666666666667,1 x wage,27,T1+T2+other_event,6.271558060952263
0.7531666666666667,1 x wage,28,T1+poi_late+both,6.279480568303361
0.7531666666666667,1 x wage,29,T1+T3+both,6.280231664983813
0.7531666666666667,1 x wage,30,T1+other_event+both,6.281294130083473
0.7531666666666667,1 x wage,31,T1+lvl120+other_event,6.30078149654462
0.7531666666666667,1 x wage,32,T1+lvl120+poi_late,6.308370227980781
0.7531666666666667,1 x wage,33,T1+T3+lvl120,6.308941960057317
0.7531666666666667,1 x wage,34,T1+T3+other_event,6.341733137232114
0.7531666666666667,1 x wage,35,T1+poi_late+other_event,6.343349432189341
0.7531666666666667,1 x wage,36,T1+T3+poi_late,6.353266827194183
0.7531666666666667,1 x wage,37,T2+lvl080+lvl120,6.581999596068047
0.7531666666666667,1 x wage,38,T2+T3+lvl080,6.624625575605949
0.7531666666666667,1 x wage,39,lvl080+lvl120+other_event,6.782473981477626
0.7531666666666667,1 x wage,40,T2+lvl080+both,6.819610414654802
0.7531666666666667,1 x wage,41,T2+lvl080+other_event,6.838958130483386
0.7531666666666667,1 x wage,42,T2+lvl080+stad_early,6.844215205973161
0.7531666666666667,1 x wage,43,T3+lvl080+lvl120,6.853454656517323
0.7531666666666667,1 x wage,44,T2+lvl080+poi_late,6.867081611676926
0.7531666666666667,1 x wage,45,T3+lvl080+stad_early,6.868342561679521
0.7531666666666667,1 x wage,46,lvl080+lvl120+stad_early,6.869612394412093
0.7531666666666667,1 x wage,47,lvl080+lvl120+stad2x,6.87511381272063
0.7531666666666667,1 x wage,48,lvl080+lvl120+both,6.877702283578192
0.7531666666666667,1 x wage,49,lvl080+stad_early+other_event,6.8866532585064615
0.7531666666666667,1 x wage,50,T3+lvl080+other_event,6.887847368296497
0.7531666666666667,1 x wage,51,lvl080+lvl120+poi_late,6.888683866923956
0.7531666666666667,1 x wage,52,T3+lvl080+stad2x,6.910126113181751
0.7531666666666667,1 x wage,53,T3+lvl080+both,6.913147345214201
0.7531666666666667,1 x wage,54,T2+lvl080+stad2x,6.915975276431617
0.7531666666666667,1 x wage,55,lvl080+other_event+both,6.919903720374111
0.7531666666666667,1 x wage,56,lvl080+stad2x+other_event,6.932153358762156
0.7531666666666667,1 x wage,57,lvl080+stad_early+poi_late,6.978026810886265
0.7531666666666667,1 x wage,58,lvl080+poi_late+both,7.026209776318751
0.7531666666666667,1 x wage,59,T3+lvl080+poi_late,7.038571565398442
0.7531666666666667,1 x wage,60,lvl080+stad2x+poi_late,7.0741316304295285
0.7531666666666667,1 x wage,61,lvl080+stad2x+both,7.087006448306171
0.7531666666666667,1 x wage,62,lvl080+stad_early+both,7.0880188156395585
0.7531666666666667,1 x wage,63,lvl080+poi_late+other_event,7.112059734884895
0.7531666666666667,1 x wage,64,lvl080+stad2x+stad_early,7.129620128768896
0.7531666666666667,1 x wage,65,T2+T3+lvl120,7.384826330747879
0.7531666666666667,1 x wage,66,T2+T3+stad2x,7.447472672962539
0.7531666666666667,1 x wage,67,T2+T3+stad_early,7.475467308988916
0.7531666666666667,1 x wage,68,T2+T3+other_event,7.4884101917507815
0.7531666666666667,1 x wage,69,T2+T3+both,7.501570223941269
0.7531666666666667,1 x wage,70,T2+T3+poi_late,7.506672015304855
0.7531666666666667,1 x wage,71,T2+lvl120+other_event,7.519402327793125
0.7531666666666667,1 x wage,72,T2+lvl120+poi_late,7.521406313099761
0.7531666666666667,1 x wage,73,T2+lvl120+stad2x,7.5465625397168
0.7531666666666667,1 x wage,74,T2+lvl120+stad_early,7.571286636109958
0.7531666666666667,1 x wage,75,T2+lvl120+both,7.574646349599659
0.7531666666666667,1 x wage,76,T2+stad2x+other_event,7.65007664552573
0.7531666666666667,1 x wage,77,T2+stad2x+poi_late,7.705483690356414
0.7531666666666667,1 x wage,78,T2+stad_early+other_event,7.708558677911198
0.7531666666666667,1 x wage,79,T2+other_event+both,7.7152442550118385
0.7531666666666667,1 x wage,80,T2+poi_late+other_event,7.729183769532251
0.7531666666666667,1 x wage,81,T2+stad_early+poi_late,7.752400227129548
0.7531666666666667,1 x wage,82,T2+poi_late+both,7.757462993100822
0.7531666666666667,1 x wage,83,T2+stad2x+both,7.772927350608154
0.7531666666666667,1 x wage,84,T2+stad2x+stad_early,7.81455189538143
0.7531666666666667,1 x wage,85,T2+stad_early+both,7.820167069003355
0.7531666666666667,1 x wage,86,T3+stad2x+other_event,7.94235078631432
0.7531666666666667,1 x wage,87,lvl120+stad2x+other_event,8.014096171909719
0.7531666666666667,1 x wage,88,T3+lvl120+other_event,8.039989804540685
0.7531666666666667,1 x wage,89,T3+stad_early+other_event,8.053322242556444
0.7531666666666667,1 x wage,90,stad2x+poi_late+other_event,8.098934825874172
0.7531666666666667,1 x wage,91,stad2x+other_event+both,8.10979635309956
0.7531666666666667,1 x wage,92,stad2x+stad_early+other_event,8.111550417740327
0.7531666666666667,1 x wage,93,T3+other_event+both,8.119905864455264
0.7531666666666667,1 x wage,94,T3+lvl120+stad2x,8.202556483807816
0.7531666666666667,1 x wage,95,lvl120+stad_early+other_event,8.210396061259546
0.7531666666666667,1 x wage,96,lvl120+other_event+both,8.222898609291294
0.7531666666666667,1 x wage,97,T3+stad2x+poi_late,8.223764672162222
0.7531666666666667,1 x wage,98,T3+poi_late+other_event,8.228254108898469
0.7531666666666667,1 x wage,99,lvl120+poi_late+other_event,8.234590490945628
0.7531666666666667,1 x wage,100,lvl120+stad2x+poi_late,8.250518971315033
0.7531666666666667,1 x wage,101,T3+stad2x+stad_early,8.264273922405465
0.7531666666666667,1 x wage,102,T3+stad2x+both,8.277373804166842
0.7531666666666667,1 x wage,103,stad_early+poi_late+other_event,8.279368958646097
0.7531666666666667,1 x wage,104,stad_early+other_event+both,8.316820586938576
0.7531666666666667,1 x wage,105,T3+lvl120+stad_early,8.318515186269517
0.7531666666666667,1 x wage,106,T3+stad_early+poi_late,8.327806844431732
0.7531666666666667,1 x wage,107,poi_late+other_event+both,8.335078113979002
0.7531666666666667,1 x wage,108,T3+lvl120+poi_late,8.35439625035817
0.7531666666666667,1 x wage,109,T3+lvl120+both,8.358059447320082
0.7531666666666667,1 x wage,110,T3+poi_late+both,8.407376375351145
0.7531666666666667,1 x wage,111,T3+stad_early+both,8.411847862642992
0.7531666666666667,1 x wage,112,stad2x+poi_late+both,8.45257104100368
0.7531666666666667,1 x wage,113,stad2x+stad_early+poi_late,8.454794319076093
0.7531666666666667,1 x wage,114,lvl120+stad_early+poi_late,8.457211431094702
0.7531666666666667,1 x wage,115,lvl120+poi_late+both,8.493200151222572
0.7531666666666667,1 x wage,116,lvl120+stad2x+both,8.547808222728156
0.7531666666666667,1 x wage,117,lvl120+stad2x+stad_early,8.576014382689293
0.7531666666666667,1 x wage,118,stad_early+poi_late+both,8.666092355568903
0.7531666666666667,1 x wage,119,lvl120+stad_early+both,8.83097709358916
0.7531666666666667,1 x wage,120,stad2x+stad_early+both,8.866082837145171
