theta,theta_label,candidate,mean_distance_%
0.18829166666666666,0.25 x wage,T1,5.51592155107074
0.18829166666666666,0.25 x wage,T2,7.64943968464494
0.18829166666666666,0.25 x wage,other_event,7.784959931495145
0.18829166666666666,0.25 x wage,T3,8.189112671167956
0.18829166666666666,0.25 x wage,poi_late,8.523705792511656
0.18829166666666666,0.25 x wage,both,9.142382896566023
0.18829166666666666,0.25 x wage,lvl080,9.424853991216057
0.18829166666666666,0.25 x wage,stad_early,9.872243827427479
0.18829166666666666,0.25 x wage,stad2x,10.02753930410884
0.18829166666666666,0.25 x wage,lvl120,10.255602577395601
0.3765833333333333,0.5 x wage,T1,5.307654434889375
0.3765833333333333,0.5 x wage,T2,7.236598650325919
0.3765833333333333,0.5 x wage,other_event,7.4980719577438295
0.3765833333333333,0.5 x wage,T3,7.835634471564649
0.3765833333333333,0.5 x wage,poi_late,8.212878009364886
0.3765833333333333,0.5 x wage,both,8.676357784951024
0.3765833333333333,0.5 x wage,lvl080,9.067179909697112
0.3765833333333333,0.5 x wage,stad_early,9.231450461222272
0.3765833333333333,0.5 x wage,lvl120,9.511467377640358
0.3765833333333333,0.5 x wage,stad2x,9.54341997408338
0.7531666666666667,1 x wage,T1,6.3640881630534825
0.7531666666666667,1 x wage,T2,7.98988110683963
0.7531666666666667,1 x wage,T3,8.724827365834884
0.7531666666666667,1 x wage,other_event,8.796766672650984
0.7531666666666667,1 x wage,both,9.174984148977176
0.7531666666666667,1 x wage,stad_early,9.32452745599023
0.7531666666666667,1 x wage,lvl120,9.483614185196261
0.7531666666666667,1 x wage,stad2x,9.527445898581048
0.7531666666666667,1 x wage,poi_late,9.561292956101225
0.7531666666666667,1 x wage,lvl080,9.975639198034395
