slot,clock,share_1,share_2,share_3,share_4,share_5,ratio_1,ratio_2,ratio_3,ratio_4,ratio_5,N_sigma_t
1,7:00,0.17013176,0.06395207,0.05450563,0.04740254,0.045385357,2.660301,1.1733112,1.1498463,1.0444456,1.0923636,1
2,7:15,0.5916353,0.03172571,0.027039837,0.023763265,0.022257237,18.64845,1.173295,1.1378839,1.0676646,1.1053326,1
3,7:30,0.8221301,0.013475405,0.011482229,0.010571149,0.009533788,61.009674,1.1735879,1.0861856,1.1088089,1.123886,1
4,7:45,0.300878,0.04821725,0.04267108,0.03967459,0.03638264,6.240049,1.1299748,1.0755267,1.0904813,1.01015,1
5,8:00,0.079459056,0.05578939,0.05041934,0.046455808,0.04403558,1.4242682,1.1065077,1.0853183,1.0549607,1.137976,1
6,8:15,0.07333625,0.060531225,0.051707663,0.049496282,0.04217717,1.211544,1.1706433,1.0446776,1.1735326,1.0492172,1
7,8:30,0.06747673,0.058747813,0.055682987,0.0492688,0.046631023,1.1485827,1.0550406,1.1301876,1.056567,1.139301,1
8,8:45,0.2987532,0.05381582,0.049071398,0.0441321,0.037087206,5.551401,1.0966841,1.1119207,1.1899549,1.193236,1
9,9:00,0.6401476,0.0295944,0.024458716,0.023065358,0.020697683,21.630701,1.2099736,1.0604091,1.1143932,1.2310629,1
10,9:15,0.83174443,0.010783748,0.009306101,0.008194462,0.0081337085,77.12944,1.1587826,1.1356572,1.0074694,1.1393404,1
11,9:30,0.89183825,0.006497869,0.0061038556,0.005462215,0.004943498,137.25089,1.0645515,1.117469,1.1049291,1.0431312,1
12,9:45,0.16681525,0.07438359,0.053595215,0.048055988,0.04475646,2.2426353,1.3878775,1.1152661,1.0737218,1.1650406,1
