demand,theta,theta_label,templates,mean_%,median_%,q95_%,share_le_5%,share_le_10%,fail_prob_upper_bound_10%
period,0.18829166666666666,0.25 x wage,T1,5.515921551070742,5.324245388626202,7.195262036199924,26.5625,98.95833333333334,1.7604911536107732
period,0.18829166666666666,0.25 x wage,T1+T2,5.364871242067768,5.301749652927397,6.436691095162933,28.229166666666668,100.0,0.3115690582214472
period,0.18829166666666666,0.25 x wage,T1+T3,5.4830436519614585,5.298057639192474,7.059521591590655,27.708333333333336,98.95833333333334,1.7604911536107732
period,0.18829166666666666,0.25 x wage,T2+T3,6.672450390916279,6.664020264159884,7.544024391199759,0.0,100.0,0.3115690582214472
period,0.18829166666666666,0.25 x wage,T1+T2+T3,5.335886927775222,5.27903637101009,6.360646796451927,29.375,100.0,0.3115690582214472
period,0.3765833333333333,0.5 x wage,T1,5.307654434889372,5.1485015226006965,6.624878706007638,38.125,99.16666666666667,1.4985720086137724
period,0.3765833333333333,0.5 x wage,T1+T2,5.170623226408119,5.134063949207984,6.135663127815747,39.6875,100.0,0.3115690582214472
period,0.3765833333333333,0.5 x wage,T1+T3,5.286409935407909,5.138447078356348,6.576504346329369,38.854166666666664,99.16666666666667,1.4985720086137724
period,0.3765833333333333,0.5 x wage,T2+T3,6.42244582707973,6.424965746324037,7.212366036160132,0.0,100.0,0.3115690582214472
period,0.3765833333333333,0.5 x wage,T1+T2+T3,5.152201668737959,5.122356175447693,6.094082131835689,40.3125,100.0,0.3115690582214472
period,0.7531666666666667,1 x wage,T1,6.364088163053489,6.021035839358927,9.04136587075181,7.5,97.60416666666667,3.377326448323696
period,0.7531666666666667,1 x wage,T1+T2,6.273872472550031,6.00076249664667,8.616320006241592,8.020833333333334,98.4375,2.3957965125373857
period,0.7531666666666667,1 x wage,T1+T3,6.356334833117766,6.01243366521731,9.04136587075181,7.708333333333334,97.60416666666667,3.377326448323696
period,0.7531666666666667,1 x wage,T2+T3,7.5143347086663566,7.1414534661365,10.308328520812474,0.0,93.33333333333333,8.144844512846477
period,0.7531666666666667,1 x wage,T1+T2+T3,6.266182152264066,5.984222663749179,8.616320006241592,8.020833333333334,98.4375,2.3957965125373857
per-step,0.18829166666666666,0.25 x wage,T1,5.401187242990647,5.220035832439438,7.048937599538705,34.89583333333333,98.95833333333334,1.7604911536107732
per-step,0.18829166666666666,0.25 x wage,T1+T2,5.2492665950428385,5.191797287820877,6.34745760425394,35.833333333333336,100.0,0.3115690582214472
per-step,0.18829166666666666,0.25 x wage,T1+T3,5.368393691316309,5.188032415117694,6.913880004220389,36.875,98.95833333333334,1.7604911536107732
per-step,0.18829166666666666,0.25 x wage,T2+T3,6.581436240323016,6.579108053212993,7.422592124330595,0.10416666666666667,100.0,0.3115690582214472
per-step,0.18829166666666666,0.25 x wage,T1+T2+T3,5.220407331052606,5.169631966363209,6.260765949287752,37.8125,100.0,0.3115690582214472
per-step,0.3765833333333333,0.5 x wage,T1,5.185342723145546,5.030450854895697,6.534865268277813,47.8125,99.16666666666667,1.4985720086137724
per-step,0.3765833333333333,0.5 x wage,T1+T2,5.047670292345971,5.015170080528634,6.0067832539906645,48.645833333333336,100.0,0.3115690582214472
per-step,0.3765833333333333,0.5 x wage,T1+T3,5.16429318188097,5.017969408554809,6.464667979477924,48.541666666666664,99.27083333333333,1.3652117707504985
per-step,0.3765833333333333,0.5 x wage,T2+T3,6.325575010698943,6.3219904767085415,7.066522904800044,0.10416666666666667,100.0,0.3115690582214472
per-step,0.3765833333333333,0.5 x wage,T1+T2+T3,5.029449980026466,5.005948686395449,5.9851809560081,49.583333333333336,100.0,0.3115690582214472
per-step,0.7531666666666667,1 x wage,T1,6.269098123307897,5.892115831093602,9.207286160729033,10.0,97.70833333333333,3.2562962685278363
per-step,0.7531666666666667,1 x wage,T1+T2,6.1791068273532614,5.868073871603334,8.683871839868162,10.3125,98.64583333333333,2.14437308402503
per-step,0.7531666666666667,1 x wage,T1+T3,6.261396583251996,5.882519090210262,9.207286160729033,10.0,97.70833333333333,3.2562962685278363
per-step,0.7531666666666667,1 x wage,T2+T3,7.438636049435204,7.03248866491011,10.239786554299755,0.0,93.75,7.690249137500249
per-step,0.7531666666666667,1 x wage,T1+T2+T3,6.171548366489024,5.847036179751138,8.683871839868162,10.3125,98.64583333333333,2.14437308402503
