demand,templates,day_type,7:00,7:15,7:30,7:45,8:00,8:15,8:30,8:45,9:00,9:15,9:30,9:45
period,T1,regular,5.212119984182715,5.110617322261096,5.108959190263453,5.211348686767946,5.063741307777233,5.093992880666607,5.018277202381373,5.083822469593754,5.096189998979894,4.984118497812446,4.966362148198443,5.116558258550428
period,T1,poi,5.104612770911983,5.08053610371305,6.141240872533534,5.317429428674379,4.986863836905207,5.300464815447599,5.211210186704548,4.997418972122649,5.059200504681159,4.89891026946655,4.883946267801508,5.1626042307124305
period,T1,stadium,5.110905885466043,4.929543121241382,5.273273540151651,5.206659879752507,4.995649219996961,5.396967366624708,4.855631743213459,5.1582808623322185,6.320760856022501,7.460283971939316,9.182065306810117,5.531296905105763
period,T1,both,5.171858977535533,5.17923158379176,5.658863275729191,5.229881452070402,5.030900704133473,5.238767692972032,4.989205255139074,5.288970192629133,6.467556582708312,8.059198129061668,10.18670542416275,5.593779542443001
period,T1+T2+T3,regular,5.185534669949851,5.074646993063067,5.0929389820451085,5.192923981671887,5.046378061000084,5.072156189955783,5.001337631080717,5.063922465332631,5.079839055824843,4.966135156934158,4.953116611152814,5.100364517583293
period,T1+T2+T3,poi,5.082008309010733,5.023982763527892,5.89988028789523,5.257777191578187,4.971724185058301,5.267328670972077,5.201893154986231,4.9806369851729535,5.04933428231827,4.876064259292879,4.870094971728934,5.136665603052854
period,T1+T2+T3,stadium,5.087833395832042,4.910269544205578,5.2616798076963605,5.172820289100112,4.980127394474526,5.36581688937048,4.844127175258772,5.086182198517201,5.553025827217187,5.989058670396777,5.975542198975153,5.5136619718150754
period,T1+T2+T3,both,5.141064726383824,5.16728359175033,5.44982552716103,5.197766625533527,5.012285524650732,5.195898120360221,4.970335264145183,5.1871799857530245,5.481018875310331,6.105092197203421,5.971402837113578,5.584880689443336
per-step,T1,regular,5.067752409261735,4.94839623411017,4.998338945565434,5.039294379739609,4.955138539696568,4.98823731582467,4.922714958636655,4.972791943233486,4.958523957661888,4.893777834587683,4.869766625963721,4.911870805021171
per-step,T1,poi,5.026242863482151,4.981841397574129,6.013358664172626,5.209714532579181,4.863681788416548,5.20071681851928,5.092233094153177,4.92598632516755,4.9475097085221735,4.790997856276171,4.815143501151726,5.02093138664906
per-step,T1,stadium,4.980833020678499,4.744485624299955,5.135601116715445,5.058501351286852,4.929474083359963,5.187734680100133,4.750528475461277,5.059468510501467,6.170326892045494,7.426790608092267,9.124919690010938,5.264515005512385
per-step,T1,both,5.076162058299491,5.1131589315106245,5.59973497019434,4.962712105487791,4.8359834173768865,5.050646647561654,4.878342612039544,5.1781243714577405,6.372474644996605,7.959413235445714,10.136180590855357,5.474510016969352
per-step,T1+T2+T3,regular,5.043238181159589,4.9143229509121795,4.983365709767956,5.021187889045732,4.93525898283291,4.9649774212255515,4.904883937680511,4.953469379828805,4.943427523980264,4.876923629874564,4.85858898061045,4.8960332342873425
per-step,T1+T2+T3,poi,5.005639934152217,4.924286294899604,5.772919872970615,5.147920518100323,4.8492617808780585,5.170222001469957,5.086080930287155,4.908649184196065,4.9361519089648604,4.767139771539005,4.800534146975282,4.999050961810825
per-step,T1+T2+T3,stadium,4.957176584037213,4.730557191077502,5.122834508507948,5.0318047241342745,4.914302687081169,5.15674120706733,4.738056468962808,4.980039604115516,5.390807369235892,5.946470031278242,5.908598329083511,5.244841585452286
per-step,T1+T2+T3,both,5.038722446042302,5.100268901099304,5.402518615458173,4.936831621858277,4.8142643433073795,5.0186267662361335,4.858472550107196,5.080090324956759,5.375311860068658,5.970185376702859,5.894888720944845,5.462438269704284
